$MeshFormat
2.2 0 8
$EndMeshFormat
$Nodes
1740
1 5 5 0
2 -5 5 0
3 -4.743589743589992 5 0
4 -4.487179487179985 5 0
5 -4.230769230769978 5 0
6 -3.974358974359971 5 0
7 -3.717948717949963 5 0
8 -3.461538461539956 5 0
9 -3.205128205129949 5 0
10 -2.948717948719942 5 0
11 -2.692307692309934 5 0
12 -2.435897435899945 5 0
13 -2.179487179490009 5 0
14 -1.923076923080073 5 0
15 -1.666666666670136 5 0
16 -1.4102564102602 5 0
17 -1.153846153850264 5 0
18 -0.8974358974403279 5 0
19 -0.6410256410303916 5 0
20 -0.3846153846204559 5 0
21 -0.1282051282105195 5 0
22 0.128205128199701 5 0
23 0.3846153846102063 5 0
24 0.6410256410207127 5 0
25 0.897435897431218 5 0
26 1.153846153841723 5 0
27 1.410256410252229 5 0
28 1.666666666662734 5 0
29 1.92307692307324 5 0
30 2.179487179483746 5 0
31 2.435897435894251 5 0
32 2.692307692304809 5 0
33 2.948717948715386 5 0
34 3.205128205125964 5 0
35 3.46153846153654 5 0
36 3.717948717947116 5 0
37 3.974358974357692 5 0
38 4.23076923076827 5 0
39 4.487179487178846 5 0
40 4.743589743589423 5 0
41 5 -5 0
42 5 4.743589743589992 0
43 5 4.487179487179985 0
44 5 4.230769230769978 0
45 5 3.974358974359971 0
46 5 3.717948717949963 0
47 5 3.461538461539956 0
48 5 3.205128205129949 0
49 5 2.948717948719942 0
50 5 2.692307692309934 0
51 5 2.435897435899945 0
52 5 2.179487179490009 0
53 5 1.923076923080073 0
54 5 1.666666666670136 0
55 5 1.4102564102602 0
56 5 1.153846153850264 0
57 5 0.8974358974403279 0
58 5 0.6410256410303916 0
59 5 0.3846153846204559 0
60 5 0.1282051282105195 0
61 5 -0.128205128199701 0
62 5 -0.3846153846102063 0
63 5 -0.6410256410207127 0
64 5 -0.897435897431218 0
65 5 -1.153846153841723 0
66 5 -1.410256410252229 0
67 5 -1.666666666662734 0
68 5 -1.92307692307324 0
69 5 -2.179487179483746 0
70 5 -2.435897435894251 0
71 5 -2.692307692304809 0
72 5 -2.948717948715386 0
73 5 -3.205128205125964 0
74 5 -3.46153846153654 0
75 5 -3.717948717947116 0
76 5 -3.974358974357692 0
77 5 -4.23076923076827 0
78 5 -4.487179487178846 0
79 5 -4.743589743589423 0
80 -5 -5 0
81 4.743589743589992 -5 0
82 4.487179487179985 -5 0
83 4.230769230769978 -5 0
84 3.974358974359971 -5 0
85 3.717948717949963 -5 0
86 3.461538461539956 -5 0
87 3.205128205129949 -5 0
88 2.948717948719942 -5 0
89 2.692307692309934 -5 0
90 2.435897435899945 -5 0
91 2.179487179490009 -5 0
92 1.923076923080073 -5 0
93 1.666666666670136 -5 0
94 1.4102564102602 -5 0
95 1.153846153850264 -5 0
96 0.8974358974403279 -5 0
97 0.6410256410303916 -5 0
98 0.3846153846204559 -5 0
99 0.1282051282105195 -5 0
100 -0.128205128199701 -5 0
101 -0.3846153846102063 -5 0
102 -0.6410256410207127 -5 0
103 -0.897435897431218 -5 0
104 -1.153846153841723 -5 0
105 -1.410256410252229 -5 0
106 -1.666666666662734 -5 0
107 -1.92307692307324 -5 0
108 -2.179487179483746 -5 0
109 -2.435897435894251 -5 0
110 -2.692307692304809 -5 0
111 -2.948717948715386 -5 0
112 -3.205128205125964 -5 0
113 -3.46153846153654 -5 0
114 -3.717948717947116 -5 0
115 -3.974358974357692 -5 0
116 -4.23076923076827 -5 0
117 -4.487179487178846 -5 0
118 -4.743589743589423 -5 0
119 -5 -4.743589743589992 0
120 -5 -4.487179487179985 0
121 -5 -4.230769230769978 0
122 -5 -3.974358974359971 0
123 -5 -3.717948717949963 0
124 -5 -3.461538461539956 0
125 -5 -3.205128205129949 0
126 -5 -2.948717948719942 0
127 -5 -2.692307692309934 0
128 -5 -2.435897435899945 0
129 -5 -2.179487179490009 0
130 -5 -1.923076923080073 0
131 -5 -1.666666666670136 0
132 -5 -1.4102564102602 0
133 -5 -1.153846153850264 0
134 -5 -0.8974358974403279 0
135 -5 -0.6410256410303916 0
136 -5 -0.3846153846204559 0
137 -5 -0.1282051282105195 0
138 -5 0.128205128199701 0
139 -5 0.3846153846102063 0
140 -5 0.6410256410207127 0
141 -5 0.897435897431218 0
142 -5 1.153846153841723 0
143 -5 1.410256410252229 0
144 -5 1.666666666662734 0
145 -5 1.92307692307324 0
146 -5 2.179487179483746 0
147 -5 2.435897435894251 0
148 -5 2.692307692304809 0
149 -5 2.948717948715386 0
150 -5 3.205128205125964 0
151 -5 3.46153846153654 0
152 -5 3.717948717947116 0
153 -5 3.974358974357692 0
154 -5 4.23076923076827 0
155 -5 4.487179487178846 0
156 -5 4.743589743589423 0
157 -2.636763505237992 -2.137774914034761 0
158 2.137774914034761 -2.636763505237992 0
159 2.636763505237992 2.137774914034761 0
160 -2.137774914034761 2.636763505237992 0
161 -2.611323854194317 -2.640381271003146 0
162 2.640381271003146 -2.611323854194317 0
163 -2.640381271003146 2.611323854194317 0
164 2.611323854194317 2.640381271003146 0
165 2.742151136083275 -2.896026241112291 0
166 -2.896026241112291 -2.742151136083275 0
167 2.896026241112291 2.742151136083275 0
168 -2.742151136083275 2.896026241112291 0
169 3.106790043035206 -3.276387661536841 0
170 -3.276387661536841 -3.106790043035206 0
171 3.276387661536841 3.106790043035206 0
172 -3.106790043035206 3.276387661536841 0
173 3.320306815062637 -3.399691295528423 0
174 -3.399691295528423 -3.320306815062637 0
175 -3.320306815062637 3.399691295528423 0
176 3.399691295528423 3.320306815062637 0
177 -3.822914443344029 -3.564049336461949 0
178 3.564049336461949 -3.822914443344029 0
179 -3.564049336461949 3.822914443344029 0
180 3.822914443344029 3.564049336461949 0
181 -3.660960474198117 -3.787456016664335 0
182 3.787456016664335 -3.660960474198117 0
183 -3.787456016664335 3.660960474198117 0
184 3.660960474198117 3.787456016664335 0
185 -3.838358409768982 -3.882406354959778 0
186 3.882406354959778 -3.838358409768982 0
187 3.838358409768982 3.882406354959778 0
188 -3.882406354959778 3.838358409768982 0
189 -4.019960068037554 -4.024210362353928 0
190 4.024210362353928 -4.019960068037554 0
191 -4.024210362353928 4.019960068037554 0
192 4.019960068037554 4.024210362353928 0
193 4.162438995464932 -4.195835564982 0
194 -4.195835564982 -4.162438995464932 0
195 4.195835564982 4.162438995464932 0
196 -4.162438995464932 4.195835564982 0
197 -4.56801551606809 -4.551580034937079 0
198 4.551580034937079 -4.56801551606809 0
199 4.56801551606809 4.551580034937079 0
200 -4.551580034937079 4.56801551606809 0
201 4.846421866998485 -4.646061015969364 0
202 -4.646061015969364 -4.846421866998485 0
203 4.646061015969364 4.846421866998485 0
204 -4.846421866998485 4.646061015969364 0
205 1.496842397304805 2.163102673399841 0
206 2.163102673399841 -1.496842397304805 0
207 -1.496842397304805 -2.163102673399841 0
208 -2.163102673399841 1.496842397304805 0
209 -4.023437921971685 0.9443060834328411 0
210 -0.9443060834328411 -4.023437921971685 0
211 4.023437921971685 -0.9443060834328411 0
212 0.9443060834328411 4.023437921971685 0
213 -1.108996624951547 4.285618293674768 0
214 1.108996624951547 -4.285618293674768 0
215 -4.285618293674768 -1.108996624951547 0
216 4.285618293674768 1.108996624951547 0
217 -1.856188010633686 3.857577237035346 0
218 1.856188010633686 -3.857577237035346 0
219 -3.857577237035346 -1.856188010633686 0
220 3.857577237035346 1.856188010633686 0
221 4.068009664947468 -1.903126111419072 0
222 -1.903126111419072 -4.068009664947468 0
223 1.903126111419072 4.068009664947468 0
224 -4.068009664947468 1.903126111419072 0
225 3.490500533284757 2.397916756960067 0
226 2.397916756960067 -3.490500533284757 0
227 -2.397916756960067 3.490500533284757 0
228 -3.490500533284757 -2.397916756960067 0
229 -2.345909363097349 -3.45725800304605 0
230 3.45725800304605 -2.345909363097349 0
231 -3.45725800304605 2.345909363097349 0
232 2.345909363097349 3.45725800304605 0
233 3.040678846264835 -3.885719302206221 0
234 -3.885719302206221 -3.040678846264835 0
235 -3.040678846264835 3.885719302206221 0
236 3.885719302206221 3.040678846264835 0
237 -2.92022725454662 -3.943668486348665 0
238 3.943668486348665 -2.92022725454662 0
239 2.92022725454662 3.943668486348665 0
240 -3.943668486348665 2.92022725454662 0
241 -2.811536087109354 4.517916954726268 0
242 4.517916954726268 2.811536087109354 0
243 2.811536087109354 -4.517916954726268 0
244 -4.517916954726268 -2.811536087109354 0
245 3.174138748828334 -4.102347417979165 0
246 -4.102347417979165 -3.174138748828334 0
247 -3.174138748828334 4.102347417979165 0
248 4.102347417979165 3.174138748828334 0
249 -3.175406636635272 -4.028112847226708 0
250 4.028112847226708 -3.175406636635272 0
251 -4.028112847226708 3.175406636635272 0
252 3.175406636635272 4.028112847226708 0
253 -4.316420663035486 -3.333454523214981 0
254 3.333454523214981 -4.316420663035486 0
255 -3.333454523214981 4.316420663035486 0
256 4.316420663035486 3.333454523214981 0
257 -3.459570034431557 -4.114380839563222 0
258 4.114380839563222 -3.459570034431557 0
259 -4.114380839563222 3.459570034431557 0
260 3.459570034431557 4.114380839563222 0
261 -4.283185312092676 -3.589306788036129 0
262 3.589306788036129 -4.283185312092676 0
263 -3.589306788036129 4.283185312092676 0
264 4.283185312092676 3.589306788036129 0
265 -3.543682804920559 -4.347865434110203 0
266 4.347865434110203 -3.543682804920559 0
267 -4.347865434110203 3.543682804920559 0
268 3.543682804920559 4.347865434110203 0
269 -4.460540701978217 -3.735068875159492 0
270 3.735068875159492 -4.460540701978217 0
271 -3.735068875159492 4.460540701978217 0
272 4.460540701978217 3.735068875159492 0
273 4.434127657404338 -3.758781359239887 0
274 -3.758781359239887 -4.434127657404338 0
275 3.758781359239887 4.434127657404338 0
276 -4.434127657404338 3.758781359239887 0
277 4.003794751350592 -4.566493625048722 0
278 -4.566493625048722 -4.003794751350592 0
279 -4.003794751350592 4.566493625048722 0
280 4.566493625048722 4.003794751350592 0
281 -4.420463228126841 -4.767885016019812 0
282 4.767885016019812 -4.420463228126841 0
283 4.420463228126841 4.767885016019812 0
284 -4.767885016019812 4.420463228126841 0
285 4.595647563676398 4.255014020651209 0
286 -4.255014020651209 4.595647563676398 0
287 -4.595647563676398 -4.255014020651209 0
288 4.255014020651209 -4.595647563676398 0
289 -4.813443600044576 -4.645885223733145 0
290 4.645885223733145 -4.813443600044576 0
291 -4.645885223733145 4.813443600044576 0
292 4.813443600044576 4.645885223733145 0
293 -1.535196666535418 -0.2489299531816643 0
294 1.535196666535418 0.2489299531816643 0
295 -0.2489299531816643 1.535196666535419 0
296 0.2489299531816643 -1.535196666535419 0
297 -1.180851774078106 -3.143936003663752 0
298 1.180851774078106 3.143936003663752 0
299 3.143936003663752 -1.180851774078106 0
300 -3.143936003663752 1.180851774078106 0
301 -3.269963594255516 1.750694209386807 0
302 -1.750694209386807 -3.269963594255516 0
303 3.269963594255516 -1.750694209386807 0
304 1.750694209386807 3.269963594255516 0
305 1.25521571109249 -0.876016859025453 0
306 -0.876016859025453 -1.25521571109249 0
307 -1.25521571109249 0.876016859025453 0
308 0.876016859025453 1.25521571109249 0
309 4.152354559791552 0.2132608336154575 0
310 -4.152354559791552 -0.2132608336154575 0
311 0.2132608336154575 -4.152354559791552 0
312 -0.2132608336154575 4.152354559791552 0
313 -1.25035897726647 1.888358752430227 0
314 -1.888358752430227 -1.25035897726647 0
315 1.888358752430227 1.25035897726647 0
316 1.25035897726647 -1.888358752430227 0
317 2.754839591889454 -2.012680949373785 0
318 -2.012680949373785 -2.754839591889454 0
319 2.012680949373785 2.754839591889454 0
320 -2.754839591889454 2.012680949373785 0
321 -1.596116442339107 2.629348921025773 0
322 -2.629348921025773 -1.596116442339107 0
323 2.629348921025773 1.596116442339107 0
324 1.596116442339107 -2.629348921025773 0
325 -1.467497135238117 3.428126697589405 0
326 1.467497135238117 -3.428126697589405 0
327 -3.428126697589405 -1.467497135238117 0
328 3.428126697589405 1.467497135238117 0
329 -0.542240804112908 -3.552098510015037 0
330 0.542240804112908 3.552098510015037 0
331 3.552098510015037 -0.542240804112908 0
332 -3.552098510015037 0.542240804112908 0
333 0.5302948433915083 2.418966417423015 0
334 2.418966417423015 -0.5302948433915083 0
335 -0.5302948433915083 -2.418966417423015 0
336 -2.418966417423015 0.5302948433915083 0
337 -0.9360573799260038 3.906740681382204 0
338 -3.906740681382204 -0.9360573799260038 0
339 3.906740681382204 0.9360573799260038 0
340 0.9360573799260038 -3.906740681382204 0
341 2.154571120076927 2.319493398397862 0
342 -2.154571120076927 -2.319493398397862 0
343 -2.319493398397862 2.154571120076927 0
344 2.319493398397862 -2.154571120076927 0
345 3.239884140368825 1.944724570141063 0
346 -3.239884140368825 -1.944724570141063 0
347 1.944724570141063 -3.239884140368825 0
348 -1.944724570141063 3.239884140368825 0
349 2.125718581804673 1.845423610921901 0
350 1.845423610921901 -2.125718581804673 0
351 -2.125718581804673 -1.845423610921901 0
352 -1.845423610921901 2.125718581804673 0
353 -2.389346828504509 -4.231910284748696 0
354 4.231910284748696 -2.389346828504509 0
355 2.389346828504509 4.231910284748696 0
356 -4.231910284748696 2.389346828504509 0
357 -0.5711259755546207 -4.311203148878506 0
358 4.311203148878506 -0.5711259755546207 0
359 0.5711259755546207 4.311203148878506 0
360 -4.311203148878506 0.5711259755546207 0
361 4.455197288215709 1.895922499686776 0
362 -4.455197288215709 -1.895922499686776 0
363 1.895922499686776 -4.455197288215709 0
364 -1.895922499686776 4.455197288215709 0
365 -2.654664571365586 -3.462395275020477 0
366 -3.462395275020477 2.654664571365586 0
367 2.654664571365586 3.462395275020477 0
368 3.462395275020477 -2.654664571365586 0
369 -4.540090238319523 1.837486641710799 0
370 1.837486641710799 4.540090238319523 0
371 -1.837486641710799 -4.540090238319523 0
372 4.540090238319523 -1.837486641710799 0
373 -3.027834595035895 -2.287979796896885 0
374 -2.287979796896885 3.027834595035895 0
375 2.287979796896885 -3.027834595035895 0
376 3.027834595035895 2.287979796896885 0
377 4.185529453822621 1.396416774663423 0
378 -4.185529453822621 -1.396416774663423 0
379 1.396416774663423 -4.185529453822621 0
380 -1.396416774663423 4.185529453822621 0
381 -1.230188465850218 -4.490797624603957 0
382 1.230188465850218 4.490797624603957 0
383 4.490797624603957 -1.230188465850218 0
384 -4.490797624603957 1.230188465850218 0
385 -4.194937792896929 2.80573766100937 0
386 2.80573766100937 4.194937792896929 0
387 4.194937792896929 -2.80573766100937 0
388 -2.80573766100937 -4.194937792896929 0
389 -2.770545745958361 3.105373596853569 0
390 -3.105373596853569 -2.770545745958361 0
391 2.770545745958361 -3.105373596853569 0
392 3.105373596853569 2.770545745958361 0
393 3.456254079554422 3.07866336650417 0
394 -3.07866336650417 3.456254079554422 0
395 -3.456254079554422 -3.07866336650417 0
396 3.07866336650417 -3.456254079554422 0
397 -3.496592457925528 2.932755268054303 0
398 2.932755268054303 3.496592457925528 0
399 3.496592457925528 -2.932755268054303 0
400 -2.932755268054303 -3.496592457925528 0
401 4.197265900955784 2.729818259941593 0
402 -2.729818259941593 4.197265900955784 0
403 -4.197265900955784 -2.729818259941593 0
404 2.729818259941593 -4.197265900955784 0
405 -1.454246250856422 4.696325269798118 0
406 1.454246250856422 -4.696325269798118 0
407 -4.696325269798118 -1.454246250856422 0
408 4.696325269798118 1.454246250856422 0
409 -3.315386039485683 -4.779178795294337 0
410 3.315386039485683 4.779178795294337 0
411 4.779178795294337 -3.315386039485683 0
412 -4.779178795294337 3.315386039485683 0
413 3.409883158356649 3.849807754762964 0
414 -3.849807754762964 3.409883158356649 0
415 3.849807754762964 -3.409883158356649 0
416 -3.409883158356649 -3.849807754762964 0
417 4.143229458665608 2.274760752689466 0
418 2.274760752689466 -4.143229458665608 0
419 -2.274760752689466 4.143229458665608 0
420 -4.143229458665608 -2.274760752689466 0
421 3.686320291966063 2.278750645146752 0
422 2.278750645146752 -3.686320291966063 0
423 -2.278750645146752 3.686320291966063 0
424 -3.686320291966063 -2.278750645146752 0
425 -3.636312229356852 -3.37455489723739 0
426 3.37455489723739 -3.636312229356852 0
427 -3.37455489723739 3.636312229356852 0
428 3.636312229356852 3.37455489723739 0
429 3.592489476265146 -3.22000603703367 0
430 3.22000603703367 3.592489476265146 0
431 -3.22000603703367 -3.592489476265146 0
432 -3.592489476265146 3.22000603703367 0
433 3.048976131442388 -4.334115224896155 0
434 -4.334115224896155 -3.048976131442388 0
435 -3.048976131442388 4.334115224896155 0
436 4.334115224896155 3.048976131442388 0
437 3.570788413124445 -4.645047733303803 0
438 -3.570788413124445 4.645047733303803 0
439 -4.645047733303803 -3.570788413124445 0
440 4.645047733303803 3.570788413124445 0
441 -3.080368971688006 -4.377904437937316 0
442 4.377904437937316 -3.080368971688006 0
443 -4.377904437937316 3.080368971688006 0
444 3.080368971688006 4.377904437937316 0
445 -2.249489119129755 -3.698962220178345 0
446 3.698962220178345 -2.249489119129755 0
447 -3.698962220178345 2.249489119129755 0
448 2.249489119129755 3.698962220178345 0
449 3.747749225390027 -4.086747628998533 0
450 -4.086747628998533 -3.747749225390027 0
451 4.086747628998533 3.747749225390027 0
452 -3.747749225390027 4.086747628998533 0
453 -4.16984538269995 3.734384860768392 0
454 3.734384860768392 4.16984538269995 0
455 -3.734384860768392 -4.16984538269995 0
456 4.16984538269995 -3.734384860768392 0
457 -3.621723785145198 -3.968001220952014 0
458 3.621723785145198 3.968001220952014 0
459 3.968001220952014 -3.621723785145198 0
460 -3.968001220952014 3.621723785145198 0
461 -4.651363179205903 3.756752973018581 0
462 3.756752973018581 4.651363179205903 0
463 -3.756752973018581 -4.651363179205903 0
464 4.651363179205903 -3.756752973018581 0
465 3.822465673055627 -4.752961337664556 0
466 -4.752961337664556 -3.822465673055627 0
467 4.752961337664556 3.822465673055627 0
468 -3.822465673055627 4.752961337664556 0
469 4.716138284879902 0.9488737149505039 0
470 -4.716138284879902 -0.9488737149505039 0
471 0.9488737149505039 -4.716138284879902 0
472 -0.9488737149505039 4.716138284879902 0
473 4.11410766496565 -4.792547564655294 0
474 -4.792547564655294 -4.11410766496565 0
475 -4.11410766496565 4.792547564655294 0
476 4.792547564655294 4.11410766496565 0
477 4.7833905271955 -4.121654142775201 0
478 -4.121654142775201 -4.7833905271955 0
479 -4.7833905271955 4.121654142775201 0
480 4.121654142775201 4.7833905271955 0
481 -3.947202578104503 4.281823032039176 0
482 4.281823032039176 3.947202578104503 0
483 3.947202578104503 -4.281823032039176 0
484 -4.281823032039176 -3.947202578104503 0
485 4.264366888990698 -3.967585701844472 0
486 -3.967585701844472 -4.264366888990698 0
487 -4.264366888990698 3.967585701844472 0
488 3.967585701844472 4.264366888990698 0
489 -3.731838943869852 -2.578562398565904 0
490 3.731838943869852 2.578562398565904 0
491 -2.578562398565904 3.731838943869852 0
492 2.578562398565904 -3.731838943869852 0
493 -4.093763584158146 -3.436070342341459 0
494 3.436070342341459 -4.093763584158146 0
495 -3.436070342341459 4.093763584158146 0
496 4.093763584158146 3.436070342341459 0
497 4.361916644525872 -4.164505833351095 0
498 -4.164505833351095 -4.361916644525872 0
499 -4.361916644525872 4.164505833351095 0
500 4.164505833351095 4.361916644525872 0
501 -4.152375376944512 4.420597103652214 0
502 4.420597103652214 4.152375376944512 0
503 4.152375376944512 -4.420597103652214 0
504 -4.420597103652214 -4.152375376944512 0
505 2.744954954150236 -4.779170696025894 0
506 -4.779170696025894 -2.744954954150236 0
507 -2.744954954150236 4.779170696025894 0
508 4.779170696025894 2.744954954150236 0
509 -2.804826840926572 3.92461350035192 0
510 3.92461350035192 2.804826840926572 0
511 -3.92461350035192 -2.804826840926572 0
512 2.804826840926572 -3.92461350035192 0
513 -4.826402206687918 -4.848296870086803 0
514 4.848296870086803 -4.826402206687918 0
515 -4.848296870086803 4.826402206687918 0
516 4.826402206687918 4.848296870086803 0
517 3.556705354981562 3.599737346951862 0
518 -3.599737346951862 3.556705354981562 0
519 3.599737346951862 -3.556705354981562 0
520 -3.556705354981562 -3.599737346951862 0
521 -4.342649089732842 4.377551177326747 0
522 4.377551177326747 4.342649089732842 0
523 4.342649089732842 -4.377551177326747 0
524 -4.377551177326747 -4.342649089732842 0
525 -4.269124332546606 -4.545081000323271 0
526 4.545081000323271 -4.269124332546606 0
527 4.269124332546606 4.545081000323271 0
528 -4.545081000323271 4.269124332546606 0
529 4.557744820621201 -3.983620495506522 0
530 -3.983620495506522 -4.557744820621201 0
531 -4.557744820621201 3.983620495506522 0
532 3.983620495506522 4.557744820621201 0
533 0.7396410969653601 -0.4716177752610606 0
534 -0.7396410969653601 0.4716177752610606 0
535 0.4716177752610604 0.7396410969653602 0
536 -0.4716177752610604 -0.7396410969653602 0
537 0.1323714277779683 -0.8838998412566614 0
538 -0.1323714277779683 0.8838998412566614 0
539 0.8838998412566613 0.1323714277779683 0
540 -0.8838998412566613 -0.1323714277779683 0
541 2.186337166849965 0.3698145714146222 0
542 -0.3698145714146222 2.186337166849965 0
543 -2.186337166849965 -0.3698145714146222 0
544 0.3698145714146222 -2.186337166849965 0
545 -0.3261828300193066 3.615081902925763 0
546 -3.615081902925763 -0.3261828300193066 0
547 3.615081902925763 0.3261828300193066 0
548 0.3261828300193066 -3.615081902925763 0
549 0.8936077674954497 -2.305365805656687 0
550 2.305365805656687 0.8936077674954497 0
551 -0.8936077674954497 2.305365805656687 0
552 -2.305365805656687 -0.8936077674954497 0
553 -1.834282685029648 0.6793661431632677 0
554 1.834282685029648 -0.6793661431632677 0
555 0.6793661431632677 1.834282685029648 0
556 -0.6793661431632677 -1.834282685029648 0
557 -0.1592220267661072 -1.991735598190394 0
558 1.991735598190394 -0.1592220267661072 0
559 -1.991735598190394 0.1592220267661072 0
560 0.1592220267661072 1.991735598190394 0
561 1.116664711629302 0.7362073847689351 0
562 -0.7362073847689351 1.116664711629302 0
563 -1.116664711629302 -0.7362073847689351 0
564 0.7362073847689351 -1.116664711629302 0
565 -1.359754727850671 0.3067148281436609 0
566 1.359754727850671 -0.3067148281436609 0
567 0.3067148281436609 1.359754727850671 0
568 -0.3067148281436609 -1.359754727850671 0
569 1.198652508330653 1.748306369952119 0
570 -1.198652508330653 -1.748306369952119 0
571 1.748306369952119 -1.198652508330653 0
572 -1.748306369952119 1.198652508330653 0
573 0.7857536724882084 -1.747593241798982 0
574 -1.747593241798982 -0.7857536724882084 0
575 1.747593241798982 0.7857536724882084 0
576 -0.7857536724882084 1.747593241798982 0
577 0.0296711557827616 3.253802908325202 0
578 -0.0296711557827616 -3.253802908325202 0
579 3.253802908325202 -0.0296711557827616 0
580 -3.253802908325202 0.0296711557827616 0
581 -0.43671753352048 -2.996722666989296 0
582 0.43671753352048 2.996722666989296 0
583 2.996722666989296 -0.43671753352048 0
584 -2.996722666989296 0.43671753352048 0
585 -0.06094888241904938 -2.620853924840604 0
586 2.620853924840604 -0.06094888241904939 0
587 -2.620853924840604 0.06094888241904939 0
588 0.06094888241904938 2.620853924840604 0
589 -1.127366996145221 2.751574553875498 0
590 2.751574553875498 1.127366996145221 0
591 1.127366996145221 -2.751574553875498 0
592 -2.751574553875498 -1.127366996145221 0
593 -1.326128946590543 -2.647065849213727 0
594 1.326128946590543 2.647065849213727 0
595 2.647065849213727 -1.326128946590543 0
596 -2.647065849213727 1.326128946590543 0
597 3.241559569724098 1.060347753831153 0
598 -3.241559569724098 -1.060347753831153 0
599 1.060347753831153 -3.241559569724098 0
600 -1.060347753831153 3.241559569724098 0
601 1.671478214445128 1.653021702984485 0
602 -1.671478214445128 -1.653021702984485 0
603 -1.653021702984485 1.671478214445128 0
604 1.653021702984485 -1.671478214445128 0
605 -1.431522491947711 -1.244069198832053 0
606 1.431522491947711 1.244069198832053 0
607 -1.244069198832053 1.431522491947711 0
608 1.244069198832053 -1.431522491947711 0
609 -1.012008531099628 -2.269682765005982 0
610 2.269682765005982 -1.012008531099628 0
611 -2.269682765005982 1.012008531099628 0
612 1.012008531099628 2.269682765005982 0
613 2.80608355266226 -0.8694014510838922 0
614 -0.8694014510838922 -2.80608355266226 0
615 -2.80608355266226 0.8694014510838922 0
616 0.8694014510838922 2.80608355266226 0
617 3.814742533720727 -0.1098085505191253 0
618 -3.814742533720727 0.1098085505191253 0
619 -0.1098085505191253 -3.814742533720727 0
620 0.1098085505191253 3.814742533720727 0
621 3.537588662561036 -1.303518998736405 0
622 -3.537588662561036 1.303518998736405 0
623 1.303518998736405 3.537588662561036 0
624 -1.303518998736405 -3.537588662561036 0
625 4.478692511398661 0.5637580352748893 0
626 -4.478692511398661 -0.5637580352748893 0
627 0.5637580352748893 -4.478692511398661 0
628 -0.5637580352748893 4.478692511398661 0
629 0.705372801445582 -3.968153237173651 0
630 3.968153237173651 0.705372801445582 0
631 -3.968153237173651 -0.705372801445582 0
632 -0.705372801445582 3.968153237173651 0
633 1.41679320967833 -2.315255752886778 0
634 2.315255752886778 1.41679320967833 0
635 -1.41679320967833 2.315255752886778 0
636 -2.315255752886778 -1.41679320967833 0
637 -2.533607787379088 1.818891331261025 0
638 2.533607787379088 -1.818891331261025 0
639 1.818891331261025 2.533607787379088 0
640 -1.818891331261025 -2.533607787379088 0
641 -0.2646940964853132 -4.302336266367649 0
642 -4.302336266367649 0.2646940964853132 0
643 0.2646940964853132 4.302336266367649 0
644 4.302336266367649 -0.2646940964853132 0
645 0.08205594303535144 -4.660859528761179 0
646 -4.660859528761179 -0.08205594303535144 0
647 -0.08205594303535144 4.660859528761179 0
648 4.660859528761179 0.08205594303535144 0
649 1.552242340545841 3.388415697354306 0
650 3.388415697354306 -1.552242340545841 0
651 -1.552242340545841 -3.388415697354306 0
652 -3.388415697354306 1.552242340545841 0
653 0.988512139413097 3.592399757763383 0
654 3.592399757763383 -0.988512139413097 0
655 -0.988512139413097 -3.592399757763383 0
656 -3.592399757763383 0.988512139413097 0
657 -3.021802327803085 -1.492132011816054 0
658 3.021802327803085 1.492132011816054 0
659 1.492132011816054 -3.021802327803085 0
660 -1.492132011816054 3.021802327803085 0
661 -1.982114916612683 1.889057362993257 0
662 -1.889057362993257 -1.982114916612683 0
663 1.889057362993257 1.982114916612683 0
664 1.982114916612683 -1.889057362993257 0
665 1.614919136683098 4.658200750794715 0
666 -1.614919136683098 -4.658200750794715 0
667 4.658200750794715 -1.614919136683098 0
668 -4.658200750794715 1.614919136683098 0
669 3.035365774731427 1.747535247136204 0
670 -1.747535247136204 3.035365774731427 0
671 1.747535247136204 -3.035365774731427 0
672 -3.035365774731427 -1.747535247136204 0
673 3.868185798321674 1.35995540353627 0
674 -1.35995540353627 3.868185798321674 0
675 1.35995540353627 -3.868185798321674 0
676 -3.868185798321674 -1.35995540353627 0
677 -0.8255441809447404 -4.240441728945169 0
678 -4.240441728945169 0.8255441809447404 0
679 0.8255441809447404 4.240441728945169 0
680 4.240441728945169 -0.8255441809447404 0
681 -1.604124681099616 -3.656517742112198 0
682 1.604124681099616 3.656517742112198 0
683 3.656517742112198 -1.604124681099616 0
684 -3.656517742112198 1.604124681099616 0
685 0.7737333719484614 3.770320807813528 0
686 -0.7737333719484614 -3.770320807813528 0
687 3.770320807813528 -0.7737333719484614 0
688 -3.770320807813528 0.7737333719484614 0
689 -1.605536251832574 2.147800527570685 0
690 1.605536251832574 -2.147800527570685 0
691 2.147800527570685 1.605536251832574 0
692 -2.147800527570685 -1.605536251832574 0
693 1.875953643864299 -4.160059325774185 0
694 -1.875953643864299 4.160059325774185 0
695 4.160059325774185 1.875953643864299 0
696 -4.160059325774185 -1.875953643864299 0
697 -1.957440366092149 -4.317088541875168 0
698 4.317088541875168 -1.957440366092149 0
699 1.957440366092149 4.317088541875168 0
700 -4.317088541875168 1.957440366092149 0
701 -2.268659598863672 1.893142242605686 0
702 -1.893142242605686 -2.268659598863672 0
703 1.893142242605686 2.268659598863672 0
704 2.268659598863672 -1.893142242605686 0
705 3.175704831155675 -2.234654263604078 0
706 -2.234654263604078 -3.175704831155675 0
707 2.234654263604078 3.175704831155675 0
708 -3.175704831155675 2.234654263604078 0
709 -3.007133066650181 1.996513397690123 0
710 -1.996513397690123 -3.007133066650181 0
711 1.996513397690123 3.007133066650181 0
712 3.007133066650181 -1.996513397690123 0
713 1.114576386075007 -3.752454867380007 0
714 3.752454867380007 1.114576386075007 0
715 -3.752454867380007 -1.114576386075007 0
716 -1.114576386075007 3.752454867380007 0
717 2.928885105199282 2.061066456026421 0
718 2.061066456026421 -2.928885105199282 0
719 -2.061066456026421 2.928885105199282 0
720 -2.928885105199282 -2.061066456026421 0
721 0.9271071487891265 4.46628477841776 0
722 4.46628477841776 -0.9271071487891265 0
723 -4.46628477841776 0.9271071487891265 0
724 -0.9271071487891265 -4.46628477841776 0
725 2.157171761166607 4.449562077412952 0
726 -2.157171761166607 -4.449562077412952 0
727 4.449562077412952 -2.157171761166607 0
728 -4.449562077412952 2.157171761166607 0
729 -3.755102708034461 1.868538812325786 0
730 1.868538812325786 3.755102708034461 0
731 3.755102708034461 -1.868538812325786 0
732 -1.868538812325786 -3.755102708034461 0
733 4.728985468677933 1.235747788954269 0
734 -4.728985468677933 -1.235747788954269 0
735 1.235747788954269 -4.728985468677933 0
736 -1.235747788954269 4.728985468677933 0
737 3.661505062257074 1.586592631103672 0
738 -3.661505062257074 -1.586592631103672 0
739 1.586592631103672 -3.661505062257074 0
740 -1.586592631103672 3.661505062257074 0
741 -1.681063752459529 2.400874660494558 0
742 -2.400874660494558 -1.681063752459529 0
743 2.400874660494558 1.681063752459529 0
744 1.681063752459529 -2.400874660494558 0
745 -1.694671957218488 3.35435236468634 0
746 -3.35435236468634 -1.694671957218488 0
747 3.35435236468634 1.694671957218488 0
748 1.694671957218488 -3.35435236468634 0
749 -1.836862850463164 2.695174402892062 0
750 1.836862850463164 -2.695174402892062 0
751 -2.695174402892062 -1.836862850463164 0
752 2.695174402892062 1.836862850463164 0
753 3.556925591832989 1.871626491762878 0
754 1.871626491762878 -3.556925591832989 0
755 -1.871626491762878 3.556925591832989 0
756 -3.556925591832989 -1.871626491762878 0
757 -1.643917036925757 4.313848095519815 0
758 1.643917036925757 -4.313848095519815 0
759 -4.313848095519815 -1.643917036925757 0
760 4.313848095519815 1.643917036925757 0
761 2.110269730393117 -4.272306644606539 0
762 -2.110269730393117 4.272306644606539 0
763 -4.272306644606539 -2.110269730393117 0
764 4.272306644606539 2.110269730393117 0
765 -4.149489466777124 2.145708569047703 0
766 2.145708569047703 4.149489466777124 0
767 4.149489466777124 -2.145708569047703 0
768 -2.145708569047703 -4.149489466777124 0
769 2.233708602694332 -4.518778315768622 0
770 -2.233708602694332 4.518778315768622 0
771 -4.518778315768622 -2.233708602694332 0
772 4.518778315768622 2.233708602694332 0
773 -3.062522851470203 -4.727802027742077 0
774 4.727802027742077 -3.062522851470203 0
775 -4.727802027742077 3.062522851470203 0
776 3.062522851470203 4.727802027742077 0
777 4.515361809126787 1.085797905425597 0
778 -4.515361809126787 -1.085797905425597 0
779 1.085797905425597 -4.515361809126787 0
780 -1.085797905425597 4.515361809126787 0
781 2.388771579850496 1.993581644379096 0
782 -1.993581644379096 2.388771579850496 0
783 1.993581644379096 -2.388771579850496 0
784 -2.388771579850496 -1.993581644379096 0
785 -2.333532072051607 -3.952931883050898 0
786 3.952931883050898 -2.333532072051607 0
787 2.333532072051607 3.952931883050898 0
788 -3.952931883050898 2.333532072051607 0
789 2.245863265482886 -2.378524459453221 0
790 2.378524459453221 2.245863265482886 0
791 -2.378524459453221 -2.245863265482886 0
792 -2.245863265482886 2.378524459453221 0
793 4.438132153963266 -2.897570220333678 0
794 -4.438132153963266 2.897570220333678 0
795 2.897570220333678 4.438132153963266 0
796 -2.897570220333678 -4.438132153963266 0
797 4.357496062058815 2.369281089321179 0
798 2.369281089321179 -4.357496062058815 0
799 -4.357496062058815 -2.369281089321179 0
800 -2.369281089321179 4.357496062058815 0
801 -2.281830755719759 -2.705331367726921 0
802 2.281830755719759 2.705331367726921 0
803 -2.705331367726921 2.281830755719759 0
804 2.705331367726921 -2.281830755719759 0
805 2.334087688577569 2.45749278591258 0
806 -2.45749278591258 2.334087688577569 0
807 -2.334087688577569 -2.45749278591258 0
808 2.45749278591258 -2.334087688577569 0
809 2.207428408107156 2.932265486209913 0
810 2.932265486209913 -2.207428408107156 0
811 -2.932265486209913 2.207428408107156 0
812 -2.207428408107156 -2.932265486209913 0
813 -4.021748215890641 -2.088030622457838 0
814 4.021748215890641 2.088030622457838 0
815 2.088030622457838 -4.021748215890641 0
816 -2.088030622457838 4.021748215890641 0
817 4.009028971512936 1.634443056454636 0
818 1.634443056454636 -4.009028971512936 0
819 -1.634443056454636 4.009028971512936 0
820 -4.009028971512936 -1.634443056454636 0
821 -0.4878407360408137 -4.791585472657455 0
822 -4.791585472657455 0.4878407360408137 0
823 0.4878407360408137 4.791585472657455 0
824 4.791585472657455 -0.4878407360408137 0
825 -3.55590547230626 2.056023657215451 0
826 2.056023657215451 3.55590547230626 0
827 3.55590547230626 -2.056023657215451 0
828 -2.056023657215451 -3.55590547230626 0
829 3.280285213505648 2.608965259104007 0
830 2.608965259104007 -3.280285213505648 0
831 -3.280285213505648 -2.608965259104007 0
832 -2.608965259104007 3.280285213505648 0
833 -3.444302234700987 -2.153923756304561 0
834 -2.153923756304561 3.444302234700987 0
835 2.153923756304561 -3.444302234700987 0
836 3.444302234700987 2.153923756304561 0
837 -3.67372871819307 2.956643870958203 0
838 3.67372871819307 -2.956643870958203 0
839 2.956643870958203 3.67372871819307 0
840 -2.956643870958203 -3.67372871819307 0
841 -2.118378242601195 -2.123226700657948 0
842 2.123226700657948 -2.118378242601195 0
843 -2.123226700657948 2.118378242601195 0
844 2.118378242601195 2.123226700657948 0
845 2.567130310835757 2.349904223489668 0
846 -2.349904223489668 2.567130310835757 0
847 2.349904223489668 -2.567130310835757 0
848 -2.567130310835757 -2.349904223489668 0
849 2.373297339526414 -2.797866613356627 0
850 -2.373297339526414 2.797866613356627 0
851 -2.797866613356627 -2.373297339526414 0
852 2.797866613356627 2.373297339526414 0
853 3.169105533182663 2.175381720654281 0
854 2.175381720654281 -3.169105533182663 0
855 -2.175381720654281 3.169105533182663 0
856 -3.169105533182663 -2.175381720654281 0
857 -1.625869416688212 4.559924997362386 0
858 1.625869416688212 -4.559924997362386 0
859 -4.559924997362386 -1.625869416688212 0
860 4.559924997362386 1.625869416688212 0
861 -3.17343918859263 -4.528046790780615 0
862 4.528046790780615 -3.17343918859263 0
863 -4.528046790780615 3.17343918859263 0
864 3.17343918859263 4.528046790780615 0
865 2.497168139342548 -4.589517483033158 0
866 -4.589517483033158 -2.497168139342548 0
867 -2.497168139342548 4.589517483033158 0
868 4.589517483033158 2.497168139342548 0
869 1.140225187562339 -4.01814631369933 0
870 4.01814631369933 1.140225187562339 0
871 -4.01814631369933 -1.140225187562339 0
872 -1.140225187562339 4.01814631369933 0
873 3.022390968809624 2.539680531054947 0
874 2.539680531054947 -3.022390968809624 0
875 -3.022390968809624 -2.539680531054947 0
876 -2.539680531054947 3.022390968809624 0
877 4.797216436519109 -1.794250020012065 0
878 -1.794250020012065 -4.797216436519109 0
879 1.794250020012065 4.797216436519109 0
880 -4.797216436519109 1.794250020012065 0
881 2.765845381616063 3.718283886500477 0
882 -3.718283886500477 2.765845381616063 0
883 -2.765845381616063 -3.718283886500477 0
884 3.718283886500477 -2.765845381616063 0
885 4.771443657204897 2.310582609459655 0
886 -2.310582609459655 4.771443657204897 0
887 -4.771443657204897 -2.310582609459655 0
888 2.310582609459655 -4.771443657204897 0
889 3.12664545877479 3.810042468444002 0
890 -3.12664545877479 -3.810042468444002 0
891 3.810042468444002 -3.12664545877479 0
892 -3.810042468444002 3.12664545877479 0
893 -4.317931826544981 2.640338096410088 0
894 2.640338096410088 4.317931826544981 0
895 4.317931826544981 -2.640338096410088 0
896 -2.640338096410088 -4.317931826544981 0
897 -3.507201407653073 -2.679453779346176 0
898 -2.679453779346176 3.507201407653073 0
899 3.507201407653073 2.679453779346176 0
900 2.679453779346176 -3.507201407653073 0
901 3.066184416553537 -4.745514047212836 0
902 -4.745514047212836 -3.066184416553537 0
903 -3.066184416553537 4.745514047212836 0
904 4.745514047212836 3.066184416553537 0
905 3.23214100917728 2.371397083466581 0
906 2.371397083466581 -3.23214100917728 0
907 -2.371397083466581 3.23214100917728 0
908 -3.23214100917728 -2.371397083466581 0
909 -2.025529783491404 -4.751564505785642 0
910 2.025529783491404 4.751564505785642 0
911 -4.751564505785642 2.025529783491404 0
912 4.751564505785642 -2.025529783491404 0
913 -2.567784907396983 4.380997079500323 0
914 -4.380997079500323 -2.567784907396983 0
915 2.567784907396983 -4.380997079500323 0
916 4.380997079500323 2.567784907396983 0
917 -2.106365372139944 3.750054317179314 0
918 -3.750054317179314 -2.106365372139944 0
919 2.106365372139944 -3.750054317179314 0
920 3.750054317179314 2.106365372139944 0
921 4.088540393763687 2.94150406346726 0
922 -4.088540393763687 -2.94150406346726 0
923 -2.94150406346726 4.088540393763687 0
924 2.94150406346726 -4.088540393763687 0
925 3.718658823665672 -2.496139133548159 0
926 -2.496139133548159 -3.718658823665672 0
927 -3.718658823665672 2.496139133548159 0
928 2.496139133548159 3.718658823665672 0
929 3.0350327804464 3.002968100974832 0
930 3.002968100974832 -3.0350327804464 0
931 -3.0350327804464 -3.002968100974832 0
932 -3.002968100974832 3.0350327804464 0
933 1.150463750992447 4.778074366603747 0
934 -4.778074366603747 1.150463750992447 0
935 -1.150463750992447 -4.778074366603747 0
936 4.778074366603747 -1.150463750992447 0
937 4.198116601839015 -3.018998472430936 0
938 3.018998472430936 4.198116601839015 0
939 -4.198116601839015 3.018998472430936 0
940 -3.018998472430936 -4.198116601839015 0
941 3.845574180075737 3.290300624407514 0
942 -3.290300624407514 3.845574180075737 0
943 3.290300624407514 -3.845574180075737 0
944 -3.845574180075737 -3.290300624407514 0
945 -2.48855795543524 4.157661442142201 0
946 -4.157661442142201 -2.48855795543524 0
947 2.48855795543524 -4.157661442142201 0
948 4.157661442142201 2.48855795543524 0
949 -3.29287471566608 3.11296433335437 0
950 3.11296433335437 3.29287471566608 0
951 3.29287471566608 -3.11296433335437 0
952 -3.11296433335437 -3.29287471566608 0
953 2.830750769804389 3.236658453007214 0
954 3.236658453007214 -2.830750769804389 0
955 -3.236658453007214 2.830750769804389 0
956 -2.830750769804389 -3.236658453007214 0
957 -4.459804727148383 -1.359022251365374 0
958 -1.359022251365374 4.459804727148383 0
959 1.359022251365374 -4.459804727148383 0
960 4.459804727148383 1.359022251365374 0
961 -3.915520750710413 -2.34323909523635 0
962 3.915520750710413 2.34323909523635 0
963 -2.34323909523635 3.915520750710413 0
964 2.34323909523635 -3.915520750710413 0
965 4.838619592092875 3.605528523027529 0
966 -4.838619592092875 -3.605528523027529 0
967 3.605528523027529 -4.838619592092875 0
968 -3.605528523027529 4.838619592092875 0
969 -2.621595203955203 -4.011188997679474 0
970 4.011188997679474 -2.621595203955203 0
971 2.621595203955203 4.011188997679474 0
972 -4.011188997679474 2.621595203955203 0
973 3.588584085902706 4.77765163165772 0
974 -3.588584085902706 -4.77765163165772 0
975 4.77765163165772 -3.588584085902706 0
976 -4.77765163165772 3.588584085902706 0
977 -3.265286366273984 -4.3095653505726 0
978 4.3095653505726 -3.265286366273984 0
979 -4.3095653505726 3.265286366273984 0
980 3.265286366273984 4.3095653505726 0
981 -3.636374435724754 -2.881374815716538 0
982 -2.881374815716538 3.636374435724754 0
983 3.636374435724754 2.881374815716538 0
984 2.881374815716538 -3.636374435724754 0
985 -2.532539192387276 -3.191278536938412 0
986 3.191278536938412 -2.532539192387276 0
987 2.532539192387276 3.191278536938412 0
988 -3.191278536938412 2.532539192387276 0
989 4.79502502644672 -3.857153231584636 0
990 -3.857153231584636 -4.79502502644672 0
991 -4.79502502644672 3.857153231584636 0
992 3.857153231584636 4.79502502644672 0
993 -2.103575552825746 -3.848439455648996 0
994 3.848439455648996 -2.103575552825746 0
995 -3.848439455648996 2.103575552825746 0
996 2.103575552825746 3.848439455648996 0
997 -4.556707680985857 3.610667935660132 0
998 3.610667935660132 4.556707680985857 0
999 -3.610667935660132 -4.556707680985857 0
1000 4.556707680985857 -3.610667935660132 0
1001 4.548727154796249 3.28164669222047 0
1002 -3.28164669222047 4.548727154796249 0
1003 -4.548727154796249 -3.28164669222047 0
1004 3.28164669222047 -4.548727154796249 0
1005 3.16431322753218 -3.643320920407735 0
1006 3.643320920407735 3.16431322753218 0
1007 -3.16431322753218 3.643320920407735 0
1008 -3.643320920407735 -3.16431322753218 0
1009 3.325794648966407 2.871350890384593 0
1010 2.871350890384593 -3.325794648966407 0
1011 -3.325794648966407 -2.871350890384593 0
1012 -2.871350890384593 3.325794648966407 0
1013 -4.549835947233555 3.416174403472616 0
1014 -3.416174403472616 -4.549835947233555 0
1015 3.416174403472616 4.549835947233555 0
1016 4.549835947233555 -3.416174403472616 0
1017 -4.288869363634557 -3.769612146377098 0
1018 4.288869363634557 3.769612146377098 0
1019 -3.769612146377098 4.288869363634557 0
1020 3.769612146377098 -4.288869363634557 0
1021 2.471293039272684 0.422624167034825 0
1022 0.422624167034825 -2.471293039272684 0
1023 -2.471293039272684 -0.422624167034825 0
1024 -0.422624167034825 2.471293039272684 0
1025 -3.328735233803128 -0.4286309852196604 0
1026 3.328735233803128 0.4286309852196604 0
1027 -0.4286309852196604 3.328735233803128 0
1028 0.4286309852196604 -3.328735233803128 0
1029 2.561782694498461 0.7071398827790606 0
1030 0.7071398827790606 -2.561782694498461 0
1031 -2.561782694498461 -0.7071398827790606 0
1032 -0.7071398827790606 2.561782694498461 0
1033 0.3936979852564725 1.040946671152335 0
1034 -0.3936979852564725 -1.040946671152335 0
1035 -1.040946671152335 0.3936979852564726 0
1036 1.040946671152335 -0.3936979852564726 0
1037 -0.6694407953334658 3.27097140750874 0
1038 -3.27097140750874 -0.6694407953334658 0
1039 3.27097140750874 0.6694407953334658 0
1040 0.6694407953334658 -3.27097140750874 0
1041 -1.861168134958413 -0.3087518108819203 0
1042 1.861168134958413 0.3087518108819203 0
1043 0.3087518108819203 -1.861168134958413 0
1044 -0.3087518108819203 1.861168134958413 0
1045 -0.7855935965757849 -0.3861640885748961 0
1046 0.7855935965757849 0.3861640885748961 0
1047 0.3861640885748961 -0.785593596575785 0
1048 -0.3861640885748961 0.785593596575785 0
1049 0.846387629381313 -0.1834230809423237 0
1050 -0.846387629381313 0.1834230809423237 0
1051 -0.1834230809423236 -0.8463876293813133 0
1052 0.1834230809423236 0.8463876293813133 0
1053 -0.7210329173584594 -0.9754097628796614 0
1054 0.7210329173584594 0.9754097628796614 0
1055 -0.9754097628796613 0.7210329173584596 0
1056 0.9754097628796613 -0.7210329173584596 0
1057 -0.1931155575433602 -4.758492911589459 0
1058 -4.758492911589459 0.1931155575433602 0
1059 0.1931155575433602 4.758492911589459 0
1060 4.758492911589459 -0.1931155575433602 0
1061 0.09709953748377366 1.114401702428762 0
1062 -0.09709953748377366 -1.114401702428762 0
1063 1.114401702428762 -0.0970995374837737 0
1064 -1.114401702428762 0.0970995374837737 0
1065 -3.147901161814021 -0.2531456598482964 0
1066 0.2531456598482964 -3.147901161814021 0
1067 -0.2531456598482964 3.147901161814021 0
1068 3.147901161814021 0.2531456598482964 0
1069 0.1941590722153475 -1.217533219544828 0
1070 -0.1941590722153475 1.217533219544828 0
1071 -1.217533219544828 -0.1941590722153474 0
1072 1.217533219544828 0.1941590722153474 0
1073 -1.675503336700471 0.2285960372841915 0
1074 1.675503336700471 -0.2285960372841915 0
1075 0.2285960372841914 1.675503336700471 0
1076 -0.2285960372841914 -1.675503336700471 0
1077 2.307924101975081 -0.09463531285883542 0
1078 0.0946353128588354 2.307924101975081 0
1079 -2.307924101975081 0.09463531285883542 0
1080 -0.0946353128588354 -2.307924101975081 0
1081 0.6578666057371377 -0.8041347276355559 0
1082 -0.6578666057371377 0.8041347276355559 0
1083 -0.8041347276355557 -0.6578666057371377 0
1084 0.8041347276355557 0.6578666057371377 0
1085 0.4424269294235061 -1.013935570274861 0
1086 -0.4424269294235061 1.013935570274861 0
1087 1.013935570274861 0.4424269294235061 0
1088 -1.013935570274861 -0.4424269294235061 0
1089 -0.8257124074809906 3.0758633485448 0
1090 0.8257124074809906 -3.0758633485448 0
1091 -3.0758633485448 -0.8257124074809906 0
1092 3.0758633485448 0.8257124074809906 0
1093 2.928253855987349 0.03165871612422558 0
1094 -2.928253855987349 -0.03165871612422558 0
1095 0.03165871612422558 -2.928253855987349 0
1096 -0.03165871612422558 2.928253855987349 0
1097 -0.9208212832483906 2.803360510996228 0
1098 0.9208212832483906 -2.803360510996228 0
1099 2.803360510996228 0.9208212832483906 0
1100 -2.803360510996228 -0.9208212832483906 0
1101 -1.765646180794759 -0.04009272576548169 0
1102 1.765646180794759 0.04009272576548169 0
1103 -0.0400927257654817 1.765646180794759 0
1104 0.0400927257654817 -1.765646180794759 0
1105 -0.7686128381121534 -1.545912601221392 0
1106 0.7686128381121534 1.545912601221392 0
1107 1.545912601221392 -0.7686128381121534 0
1108 -1.545912601221392 0.7686128381121534 0
1109 -0.5731362920060189 1.948960296645586 0
1110 -1.948960296645585 -0.5731362920060189 0
1111 0.5731362920060189 -1.948960296645586 0
1112 1.948960296645585 0.5731362920060189 0
1113 0.4785812618152191 -1.332455161422146 0
1114 -0.4785812618152191 1.332455161422146 0
1115 1.332455161422146 0.4785812618152191 0
1116 -1.332455161422146 -0.4785812618152191 0
1117 -0.5975961012915428 -2.126801666195597 0
1118 0.5975961012915428 2.126801666195597 0
1119 2.126801666195597 -0.5975961012915428 0
1120 -2.126801666195597 0.5975961012915428 0
1121 1.456606067891101 0.7490626248677129 0
1122 -1.456606067891101 -0.7490626248677129 0
1123 0.7490626248677129 -1.456606067891101 0
1124 -0.7490626248677129 1.456606067891101 0
1125 2.397759919275483 0.1438651057341057 0
1126 -0.1438651057341057 2.397759919275483 0
1127 0.1438651057341057 -2.397759919275483 0
1128 -2.397759919275483 -0.1438651057341057 0
1129 1.041127213659327 1.513851839486272 0
1130 -1.513851839486272 1.041127213659327 0
1131 1.513851839486272 -1.041127213659327 0
1132 -1.041127213659327 -1.513851839486272 0
1133 -1.604752217103391 0.4990338655909954 0
1134 1.604752217103391 -0.4990338655909954 0
1135 0.4990338655909954 1.604752217103391 0
1136 -0.4990338655909954 -1.604752217103391 0
1137 1.298496968629353 0.9922684343236106 0
1138 -1.298496968629353 -0.9922684343236106 0
1139 0.9922684343236106 -1.298496968629353 0
1140 -0.9922684343236106 1.298496968629353 0
1141 0.4727038305175961 2.711891041828537 0
1142 -2.711891041828537 0.4727038305175961 0
1143 2.711891041828537 -0.4727038305175961 0
1144 -0.4727038305175961 -2.711891041828537 0
1145 1.006138640601569 -1.012844163897377 0
1146 -1.006138640601569 1.012844163897377 0
1147 1.012844163897377 1.006138640601569 0
1148 -1.012844163897377 -1.006138640601569 0
1149 1.646996594875274 0.5240359358734573 0
1150 -1.646996594875274 -0.5240359358734573 0
1151 -0.5240359358734573 1.646996594875275 0
1152 0.5240359358734573 -1.646996594875275 0
1153 -0.5907385887785789 -1.300952417994948 0
1154 0.5907385887785789 1.300952417994948 0
1155 -1.300952417994947 0.5907385887785789 0
1156 1.300952417994947 -0.5907385887785789 0
1157 -0.02487144195818875 -1.444672638975818 0
1158 -1.444672638975818 0.02487144195818877 0
1159 1.444672638975818 -0.02487144195818877 0
1160 0.02487144195818875 1.444672638975818 0
1161 0.06299502594165413 3.547058887371878 0
1162 -3.547058887371878 0.06299502594165413 0
1163 3.547058887371878 -0.06299502594165413 0
1164 -0.06299502594165413 -3.547058887371878 0
1165 0.1592633967886744 -4.407371646249615 0
1166 4.407371646249615 0.1592633967886744 0
1167 -4.407371646249615 -0.1592633967886744 0
1168 -0.1592633967886744 4.407371646249615 0
1169 2.031302080373025 0.8290651102618419 0
1170 -0.8290651102618419 2.031302080373025 0
1171 -2.031302080373025 -0.8290651102618419 0
1172 0.8290651102618419 -2.031302080373025 0
1173 -2.088164966846147 -0.1049400355125302 0
1174 2.088164966846147 0.1049400355125302 0
1175 -0.1049400355125302 2.088164966846147 0
1176 0.1049400355125302 -2.088164966846147 0
1177 0.3480053039338234 2.213216497185853 0
1178 -2.213216497185853 0.3480053039338234 0
1179 2.213216497185853 -0.3480053039338234 0
1180 -0.3480053039338234 -2.213216497185853 0
1181 1.308136774617733 1.492084225022794 0
1182 1.492084225022794 -1.308136774617733 0
1183 -1.308136774617733 -1.492084225022794 0
1184 -1.492084225022794 1.308136774617733 0
1185 -0.9342891988496955 -2.535572559480973 0
1186 0.9342891988496955 2.535572559480973 0
1187 2.535572559480973 -0.9342891988496955 0
1188 -2.535572559480973 0.9342891988496955 0
1189 1.24735973622722 -1.159800455679143 0
1190 -1.24735973622722 1.159800455679143 0
1191 1.159800455679143 1.24735973622722 0
1192 -1.159800455679143 -1.24735973622722 0
1193 1.573580230675815 1.007791003846587 0
1194 -1.007791003846587 1.573580230675815 0
1195 -1.573580230675815 -1.007791003846587 0
1196 1.007791003846587 -1.573580230675815 0
1197 -3.893721386597834 -0.2643934436981696 0
1198 3.893721386597834 0.2643934436981696 0
1199 -0.2643934436981696 3.893721386597834 0
1200 0.2643934436981696 -3.893721386597834 0
1201 -0.1031951316039759 -4.478069451896168 0
1202 0.1031951316039759 4.478069451896168 0
1203 -4.478069451896168 0.1031951316039759 0
1204 4.478069451896168 -0.1031951316039759 0
1205 -2.895134717390591 1.251483636756688 0
1206 2.895134717390591 -1.251483636756688 0
1207 1.251483636756688 2.895134717390591 0
1208 -1.251483636756688 -2.895134717390591 0
1209 -2.006840140334759 1.1008090387144 0
1210 2.006840140334759 -1.1008090387144 0
1211 1.1008090387144 2.006840140334759 0
1212 -1.1008090387144 -2.006840140334759 0
1213 -2.061886059618565 0.8491618818775798 0
1214 -0.8491618818775798 -2.061886059618565 0
1215 2.061886059618565 -0.8491618818775798 0
1216 0.8491618818775798 2.061886059618565 0
1217 0.4186365796716547 1.907715333400892 0
1218 -0.4186365796716547 -1.907715333400892 0
1219 -1.907715333400892 0.4186365796716547 0
1220 1.907715333400892 -0.4186365796716547 0
1221 -0.3868735401787441 -4.549625124298777 0
1222 -4.549625124298777 0.3868735401787441 0
1223 0.3868735401787441 4.549625124298777 0
1224 4.549625124298777 -0.3868735401787441 0
1225 1.559076154646635 1.475376549585495 0
1226 -1.559076154646635 -1.475376549585495 0
1227 1.475376549585495 -1.559076154646635 0
1228 -1.475376549585495 1.559076154646635 0
1229 0.2483058423279374 2.822963587913441 0
1230 -0.2483058423279374 -2.822963587913441 0
1231 2.822963587913441 -0.2483058423279374 0
1232 -2.822963587913441 0.2483058423279374 0
1233 1.089184755907975 -2.065576890984067 0
1234 -2.065576890984067 -1.089184755907975 0
1235 -1.089184755907975 2.065576890984067 0
1236 2.065576890984067 1.089184755907975 0
1237 2.517335209786334 -0.2894987637968837 0
1238 -0.2894987637968837 -2.517335209786334 0
1239 -2.517335209786334 0.2894987637968837 0
1240 0.2894987637968837 2.517335209786334 0
1241 0.6380934124075012 -2.25940429018939 0
1242 -2.25940429018939 -0.6380934124075012 0
1243 -0.6380934124075012 2.25940429018939 0
1244 2.25940429018939 0.6380934124075012 0
1245 -0.5244115386966949 4.765831292048525 0
1246 0.5244115386966949 -4.765831292048525 0
1247 4.765831292048525 0.5244115386966949 0
1248 -4.765831292048525 -0.5244115386966949 0
1249 0.4538463747202241 3.288399914917457 0
1250 -0.4538463747202241 -3.288399914917457 0
1251 -3.288399914917457 0.4538463747202241 0
1252 3.288399914917457 -0.4538463747202241 0
1253 1.967456109903801 -1.35355224825397 0
1254 -1.35355224825397 -1.967456109903801 0
1255 1.35355224825397 1.967456109903801 0
1256 -1.967456109903801 1.35355224825397 0
1257 3.054354168856328 -1.38897347236158 0
1258 1.38897347236158 3.054354168856328 0
1259 -1.38897347236158 -3.054354168856328 0
1260 -3.054354168856328 1.38897347236158 0
1261 0.9396216039762302 1.785179949273793 0
1262 1.785179949273793 -0.9396216039762302 0
1263 -0.9396216039762302 -1.785179949273793 0
1264 -1.785179949273793 0.9396216039762302 0
1265 -1.71233728518885 1.450536197017865 0
1266 1.71233728518885 -1.450536197017865 0
1267 -1.450536197017865 -1.71233728518885 0
1268 1.450536197017865 1.71233728518885 0
1269 2.620041900450611 -0.7038281497069635 0
1270 -2.620041900450611 0.7038281497069635 0
1271 -0.7038281497069635 -2.620041900450611 0
1272 0.7038281497069635 2.620041900450611 0
1273 2.211774415529677 -1.257217938265645 0
1274 1.257217938265645 2.211774415529677 0
1275 -2.211774415529677 1.257217938265645 0
1276 -1.257217938265645 -2.211774415529677 0
1277 -0.8180701099717017 -3.075046162970869 0
1278 0.8180701099717017 3.075046162970869 0
1279 3.075046162970869 -0.8180701099717017 0
1280 -3.075046162970869 0.8180701099717017 0
1281 -2.402260330724449 1.408524615218595 0
1282 2.402260330724449 -1.408524615218595 0
1283 1.408524615218595 2.402260330724449 0
1284 -1.408524615218595 -2.402260330724449 0
1285 -1.888788034417135 1.636170687504854 0
1286 1.888788034417135 -1.636170687504854 0
1287 -1.636170687504854 -1.888788034417135 0
1288 1.636170687504854 1.888788034417135 0
1289 1.035758385819162 -1.830292062380151 0
1290 -1.830292062380151 -1.035758385819162 0
1291 -1.035758385819162 1.830292062380151 0
1292 1.830292062380151 1.035758385819162 0
1293 -1.074406439787776 2.997370472859107 0
1294 1.074406439787776 -2.997370472859107 0
1295 -2.997370472859107 -1.074406439787776 0
1296 2.997370472859107 1.074406439787776 0
1297 3.425858434892784 0.1599870268594055 0
1298 -3.425858434892784 -0.1599870268594055 0
1299 -0.1599870268594055 3.425858434892784 0
1300 0.1599870268594055 -3.425858434892784 0
1301 -0.3286856737193256 4.580411980266746 0
1302 0.3286856737193256 -4.580411980266746 0
1303 -4.580411980266746 -0.3286856737193256 0
1304 4.580411980266746 0.3286856737193256 0
1305 0.771196451036153 2.338825228029124 0
1306 -0.771196451036153 -2.338825228029124 0
1307 -2.338825228029124 0.771196451036153 0
1308 2.338825228029124 -0.771196451036153 0
1309 -0.997840123176213 2.549940953294803 0
1310 2.549940953294803 0.997840123176213 0
1311 -2.549940953294803 -0.997840123176213 0
1312 0.997840123176213 -2.549940953294803 0
1313 3.835993747521943 -0.4876698822474968 0
1314 -0.4876698822474968 -3.835993747521943 0
1315 0.4876698822474968 3.835993747521943 0
1316 -3.835993747521943 0.4876698822474968 0
1317 0.5276588078581538 -3.797509076008664 0
1318 -0.5276588078581538 3.797509076008664 0
1319 3.797509076008664 0.5276588078581538 0
1320 -3.797509076008664 -0.5276588078581538 0
1321 -0.1722172742830469 -4.066134338712259 0
1322 -4.066134338712259 0.1722172742830469 0
1323 0.1722172742830469 4.066134338712259 0
1324 4.066134338712259 -0.1722172742830469 0
1325 -1.449164649133763 1.784941792601423 0
1326 1.449164649133763 -1.784941792601423 0
1327 -1.784941792601423 -1.449164649133763 0
1328 1.784941792601423 1.449164649133763 0
1329 2.4654515028106 -1.172055392106597 0
1330 -2.4654515028106 1.172055392106597 0
1331 1.172055392106597 2.4654515028106 0
1332 -1.172055392106597 -2.4654515028106 0
1333 1.243753127413922 -1.67796191411366 0
1334 -1.243753127413922 1.67796191411366 0
1335 1.67796191411366 1.243753127413922 0
1336 -1.67796191411366 -1.243753127413922 0
1337 3.372862767621589 -1.088725336078922 0
1338 -3.372862767621589 1.088725336078922 0
1339 1.088725336078922 3.372862767621589 0
1340 -1.088725336078922 -3.372862767621589 0
1341 -2.597963553472264 1.586008633279816 0
1342 -1.586008633279816 -2.597963553472264 0
1343 2.597963553472264 -1.586008633279816 0
1344 1.586008633279816 2.597963553472264 0
1345 0.3779429210460947 -4.324728825190214 0
1346 -4.324728825190214 -0.3779429210460947 0
1347 4.324728825190214 0.3779429210460947 0
1348 -0.3779429210460947 4.324728825190214 0
1349 2.723352639440362 -1.095371212335588 0
1350 -2.723352639440362 1.095371212335588 0
1351 -1.095371212335588 -2.723352639440362 0
1352 1.095371212335588 2.723352639440362 0
1353 -0.1052836674060665 3.713696406792376 0
1354 0.1052836674060665 -3.713696406792376 0
1355 -3.713696406792376 -0.1052836674060665 0
1356 3.713696406792376 0.1052836674060665 0
1357 2.891720704896308 -0.6494373692503607 0
1358 -2.891720704896308 0.6494373692503607 0
1359 -0.6494373692503607 -2.891720704896308 0
1360 0.6494373692503607 2.891720704896308 0
1361 0.2535581138649481 3.407149236010793 0
1362 -3.407149236010793 0.2535581138649481 0
1363 -0.2535581138649481 -3.407149236010793 0
1364 3.407149236010793 -0.2535581138649481 0
1365 -4.231996926377086 0.01893999860798453 0
1366 0.01893999860798453 4.231996926377086 0
1367 4.231996926377086 -0.01893999860798453 0
1368 -0.01893999860798453 -4.231996926377086 0
1369 2.978273871179876 -1.030278313666062 0
1370 -2.978273871179876 1.030278313666062 0
1371 -1.030278313666062 -2.978273871179876 0
1372 1.030278313666062 2.978273871179876 0
1373 0.2402644826842721 3.119629004891379 0
1374 -0.2402644826842721 -3.119629004891379 0
1375 3.119629004891379 -0.2402644826842721 0
1376 -3.119629004891379 0.2402644826842721 0
1377 -1.175888658721093 2.298652541850802 0
1378 2.298652541850802 1.175888658721093 0
1379 1.175888658721093 -2.298652541850802 0
1380 -2.298652541850802 -1.175888658721093 0
1381 0.6156292676078768 -4.228553566095932 0
1382 -4.228553566095932 -0.6156292676078768 0
1383 4.228553566095932 0.6156292676078768 0
1384 -0.6156292676078768 4.228553566095932 0
1385 0.2906025463916846 3.907583380246638 0
1386 -0.2906025463916846 -3.907583380246638 0
1387 -3.907583380246638 0.2906025463916846 0
1388 3.907583380246638 -0.2906025463916846 0
1389 -0.8451896700567429 3.384127425220476 0
1390 0.8451896700567429 -3.384127425220476 0
1391 -3.384127425220476 -0.8451896700567429 0
1392 3.384127425220476 0.8451896700567429 0
1393 0.6257235357589741 3.129234607320804 0
1394 3.129234607320804 -0.6257235357589741 0
1395 -0.6257235357589741 -3.129234607320804 0
1396 -3.129234607320804 0.6257235357589741 0
1397 1.075094796522507 -3.487596558717118 0
1398 3.487596558717118 1.075094796522507 0
1399 -3.487596558717118 -1.075094796522507 0
1400 -1.075094796522507 3.487596558717118 0
1401 -0.04699535355158949 3.978774358665305 0
1402 0.04699535355158949 -3.978774358665305 0
1403 -3.978774358665305 -0.04699535355158949 0
1404 3.978774358665305 0.04699535355158949 0
1405 -2.91556637747689 -1.318395190829237 0
1406 1.318395190829237 -2.91556637747689 0
1407 2.91556637747689 1.318395190829237 0
1408 -1.318395190829237 2.91556637747689 0
1409 -2.344397390534565 1.648237002053087 0
1410 -1.648237002053087 -2.344397390534565 0
1411 1.648237002053087 2.344397390534565 0
1412 2.344397390534565 -1.648237002053087 0
1413 -2.860131777776616 1.491254369493214 0
1414 2.860131777776616 -1.491254369493214 0
1415 1.491254369493214 2.860131777776616 0
1416 -1.491254369493214 -2.860131777776616 0
1417 1.247978151849985 -2.526698430679178 0
1418 2.526698430679178 1.247978151849985 0
1419 -1.247978151849985 2.526698430679178 0
1420 -2.526698430679178 -1.247978151849985 0
1421 -0.6773066255540231 -4.576037157771546 0
1422 -4.576037157771546 0.6773066255540231 0
1423 0.6773066255540231 4.576037157771546 0
1424 4.576037157771546 -0.6773066255540231 0
1425 0.2884061299001287 3.6760563063234 0
1426 -0.2884061299001287 -3.6760563063234 0
1427 -3.6760563063234 0.2884061299001287 0
1428 3.6760563063234 -0.2884061299001287 0
1429 0.9776943650253793 3.192880478453235 0
1430 3.192880478453235 -0.9776943650253793 0
1431 -3.192880478453235 0.9776943650253793 0
1432 -0.9776943650253793 -3.192880478453235 0
1433 4.060836775142975 0.4507096792118891 0
1434 0.4507096792118891 -4.060836775142975 0
1435 -4.060836775142975 -0.4507096792118891 0
1436 -0.4507096792118891 4.060836775142975 0
1437 -4.818984044366086 -1.649793670441788 0
1438 1.649793670441788 -4.818984044366086 0
1439 4.818984044366086 1.649793670441788 0
1440 -1.649793670441788 4.818984044366086 0
1441 1.410433810344151 4.704808918463599 0
1442 -4.704808918463599 1.410433810344151 0
1443 -1.410433810344151 -4.704808918463599 0
1444 4.704808918463599 -1.410433810344151 0
1445 -0.6032421314263462 3.516248813190928 0
1446 -3.516248813190928 -0.6032421314263462 0
1447 3.516248813190928 0.6032421314263462 0
1448 0.6032421314263462 -3.516248813190928 0
1449 1.767385732196437 2.850203524098583 0
1450 -1.767385732196437 -2.850203524098583 0
1451 -2.850203524098583 1.767385732196437 0
1452 2.850203524098583 -1.767385732196437 0
1453 2.699248685820531 1.39544719389787 0
1454 -1.39544719389787 2.699248685820531 0
1455 1.39544719389787 -2.699248685820531 0
1456 -2.699248685820531 -1.39544719389787 0
1457 -1.579305208790855 -4.832045221155484 0
1458 4.832045221155484 -1.579305208790855 0
1459 1.579305208790855 4.832045221155484 0
1460 -4.832045221155484 1.579305208790855 0
1461 -1.894978289016774 -1.692169983180367 0
1462 1.894978289016774 1.692169983180367 0
1463 1.692169983180367 -1.894978289016774 0
1464 -1.692169983180367 1.894978289016774 0
1465 -3.265988047797045 1.350849591395781 0
1466 -1.350849591395781 -3.265988047797045 0
1467 3.265988047797045 -1.350849591395781 0
1468 1.350849591395781 3.265988047797045 0
1469 -3.108987669755164 1.588809969981067 0
1470 -1.588809969981067 -3.108987669755164 0
1471 3.108987669755164 -1.588809969981067 0
1472 1.588809969981067 3.108987669755164 0
1473 -4.072870605680909 0.4119114883118083 0
1474 4.072870605680909 -0.4119114883118083 0
1475 0.4119114883118083 4.072870605680909 0
1476 -0.4119114883118083 -4.072870605680909 0
1477 0.8954756312173581 4.706559019083794 0
1478 -4.706559019083794 0.8954756312173581 0
1479 -0.8954756312173581 -4.706559019083794 0
1480 4.706559019083794 -0.8954756312173581 0
1481 2.958317447572036 -2.722732277080528 0
1482 2.722732277080528 2.958317447572036 0
1483 -2.722732277080528 -2.958317447572036 0
1484 -2.958317447572036 2.722732277080528 0
1485 4.810422743056272 0.2407385710349187 0
1486 0.2407385710349187 -4.810422743056272 0
1487 -4.810422743056272 -0.2407385710349187 0
1488 -0.2407385710349187 4.810422743056272 0
1489 -2.514285290181363 -1.467479750044964 0
1490 -1.467479750044964 2.514285290181363 0
1491 2.514285290181363 1.467479750044964 0
1492 1.467479750044964 -2.514285290181363 0
1493 -1.286913163652149 3.121096410499151 0
1494 3.121096410499151 1.286913163652149 0
1495 1.286913163652149 -3.121096410499151 0
1496 -3.121096410499151 -1.286913163652149 0
1497 -0.7489062894961884 4.815970373060621 0
1498 0.7489062894961884 -4.815970373060621 0
1499 4.815970373060621 0.7489062894961884 0
1500 -4.815970373060621 -0.7489062894961884 0
1501 2.453884208202826 4.519146655122656 0
1502 -2.453884208202826 -4.519146655122656 0
1503 -4.519146655122656 2.453884208202826 0
1504 4.519146655122656 -2.453884208202826 0
1505 -1.792402195806498 -3.474910044569242 0
1506 3.474910044569242 -1.792402195806498 0
1507 -3.474910044569242 1.792402195806498 0
1508 1.792402195806498 3.474910044569242 0
1509 -0.0259357913075457 4.845955036681382 0
1510 0.0259357913075457 -4.845955036681382 0
1511 4.845955036681382 0.0259357913075457 0
1512 -4.845955036681382 -0.0259357913075457 0
1513 0.7831934634708824 3.344410706771616 0
1514 3.344410706771616 -0.7831934634708824 0
1515 -0.7831934634708824 -3.344410706771616 0
1516 -3.344410706771616 0.7831934634708824 0
1517 -0.7124597450649132 4.632578946528131 0
1518 4.632578946528131 0.7124597450649132 0
1519 0.7124597450649132 -4.632578946528131 0
1520 -4.632578946528131 -0.7124597450649132 0
1521 1.480002462429048 4.483372278869278 0
1522 -1.480002462429048 -4.483372278869278 0
1523 4.483372278869278 -1.480002462429048 0
1524 -4.483372278869278 1.480002462429048 0
1525 -3.687547237010435 -0.8295988533300489 0
1526 0.8295988533300489 -3.687547237010435 0
1527 -0.8295988533300489 3.687547237010435 0
1528 3.687547237010435 0.8295988533300489 0
1529 -3.590640296343115 -1.304976378365875 0
1530 3.590640296343115 1.304976378365875 0
1531 -1.304976378365875 3.590640296343115 0
1532 1.304976378365875 -3.590640296343115 0
1533 3.985380107606034 2.589000910021132 0
1534 -2.589000910021132 3.985380107606034 0
1535 -3.985380107606034 -2.589000910021132 0
1536 2.589000910021132 -3.985380107606034 0
1537 -1.290814149256466 3.345554409035201 0
1538 1.290814149256466 -3.345554409035201 0
1539 -3.345554409035201 -1.290814149256466 0
1540 3.345554409035201 1.290814149256466 0
1541 2.129412522765579 -1.712689938492338 0
1542 1.712689938492338 2.129412522765579 0
1543 -2.129412522765579 1.712689938492338 0
1544 -1.712689938492338 -2.129412522765579 0
1545 4.431323696798331 0.8470342471491904 0
1546 -0.8470342471491904 4.431323696798331 0
1547 0.8470342471491904 -4.431323696798331 0
1548 -4.431323696798331 -0.8470342471491904 0
1549 2.936467187425336 -2.430720824538497 0
1550 2.430720824538497 2.936467187425336 0
1551 -2.936467187425336 2.430720824538497 0
1552 -2.430720824538497 -2.936467187425336 0
1553 1.828419954176357 -4.708291494733301 0
1554 -1.828419954176357 4.708291494733301 0
1555 4.708291494733301 1.828419954176357 0
1556 -4.708291494733301 -1.828419954176357 0
1557 4.456678168755602 3.507362239773096 0
1558 -3.507362239773096 4.456678168755602 0
1559 -4.456678168755602 -3.507362239773096 0
1560 3.507362239773096 -4.456678168755602 0
1561 -1.382728069388653 2.05650922104868 0
1562 2.05650922104868 1.382728069388653 0
1563 -2.05650922104868 -1.382728069388653 0
1564 1.382728069388653 -2.05650922104868 0
1565 3.365135785265981 -4.796318087900961 0
1566 -3.365135785265981 4.796318087900961 0
1567 -4.796318087900961 -3.365135785265981 0
1568 4.796318087900961 3.365135785265981 0
1569 3.275268114024215 -1.970760483678019 0
1570 1.970760483678019 3.275268114024215 0
1571 -1.970760483678019 -3.275268114024215 0
1572 -3.275268114024215 1.970760483678019 0
1573 3.986766170460683 -1.191102047926078 0
1574 1.191102047926078 3.986766170460683 0
1575 -3.986766170460683 1.191102047926078 0
1576 -1.191102047926078 -3.986766170460683 0
1577 -2.832751081624961 -1.564414822746939 0
1578 1.564414822746939 -2.832751081624961 0
1579 -1.564414822746939 2.832751081624961 0
1580 2.832751081624961 1.564414822746939 0
1581 4.03610018044377 -0.6673954581402889 0
1582 0.6673954581402889 4.03610018044377 0
1583 -4.03610018044377 0.6673954581402889 0
1584 -0.6673954581402889 -4.03610018044377 0
1585 0.8922192514404231 -4.139755964804036 0
1586 -0.8922192514404231 4.139755964804036 0
1587 -4.139755964804036 -0.8922192514404231 0
1588 4.139755964804036 0.8922192514404231 0
1589 3.744197686184899 -1.184799733728453 0
1590 -3.744197686184899 1.184799733728453 0
1591 1.184799733728453 3.744197686184899 0
1592 -1.184799733728453 -3.744197686184899 0
1593 4.318385930846692 -1.690140032345299 0
1594 -4.318385930846692 1.690140032345299 0
1595 1.690140032345299 4.318385930846692 0
1596 -1.690140032345299 -4.318385930846692 0
1597 2.506570755028263 -2.082534014602459 0
1598 2.082534014602459 2.506570755028263 0
1599 -2.506570755028263 2.082534014602459 0
1600 -2.082534014602459 -2.506570755028263 0
1601 -3.217716330724102 -1.496593944052913 0
1602 -1.496593944052913 3.217716330724102 0
1603 1.496593944052913 -3.217716330724102 0
1604 3.217716330724102 1.496593944052913 0
1605 -4.569578248055723 2.680629472447358 0
1606 2.680629472447358 4.569578248055723 0
1607 4.569578248055723 -2.680629472447358 0
1608 -2.680629472447358 -4.569578248055723 0
1609 2.061866294764533 -4.742285125987089 0
1610 -2.061866294764533 4.742285125987089 0
1611 4.742285125987089 2.061866294764533 0
1612 -4.742285125987089 -2.061866294764533 0
1613 -0.2368344569257342 0.2702973689778375 0
1614 0.2702973689778374 0.2368344569257342 0
1615 0.2368344569257342 -0.2702973689778375 0
1616 -0.2702973689778374 -0.2368344569257342 0
1617 -0.0296432569058982 -0.419892379242191 0
1618 0.0296432569058982 0.419892379242191 0
1619 0.4198923792421909 -0.02964325690589822 0
1620 -0.4198923792421909 0.02964325690589822 0
1621 3.835058822644492 -1.03033577929034 0
1622 -3.835058822644492 1.03033577929034 0
1623 1.03033577929034 3.835058822644492 0
1624 -1.03033577929034 -3.835058822644492 0
1625 -0.6594402163481272 0.01419463629539338 0
1626 0.6594402163481272 -0.01419463629539338 0
1627 0.01419463629539335 0.6594402163481273 0
1628 -0.01419463629539335 -0.6594402163481273 0
1629 -4.82802636725279 -2.536182166232464 0
1630 2.536182166232464 -4.82802636725279 0
1631 4.82802636725279 2.536182166232464 0
1632 -2.536182166232464 4.82802636725279 0
1633 3.869219231416241 -1.382934310262887 0
1634 -3.869219231416241 1.382934310262887 0
1635 1.382934310262887 3.869219231416241 0
1636 -1.382934310262887 -3.869219231416241 0
1637 0.7178471359346845 4.820021520928632 0
1638 -4.820021520928632 0.7178471359346845 0
1639 4.820021520928632 -0.7178471359346845 0
1640 -0.7178471359346845 -4.820021520928632 0
1641 -0.7129254661180714 2.846522013656909 0
1642 2.846522013656909 0.7129254661180714 0
1643 -2.846522013656909 -0.7129254661180714 0
1644 0.7129254661180714 -2.846522013656909 0
1645 -3.9753330193204 1.641604349933978 0
1646 3.9753330193204 -1.641604349933978 0
1647 1.641604349933978 3.9753330193204 0
1648 -1.641604349933978 -3.9753330193204 0
1649 -3.369402911084882 2.14476558755537 0
1650 2.14476558755537 3.369402911084882 0
1651 3.369402911084882 -2.14476558755537 0
1652 -2.14476558755537 -3.369402911084882 0
1653 -0.439436071542624 -0.4659724314989884 0
1654 0.439436071542624 0.4659724314989884 0
1655 -0.4659724314989882 0.4394360715426242 0
1656 0.4659724314989882 -0.4394360715426242 0
1657 3.052085831831437 -4.536568345407877 0
1658 4.536568345407877 3.052085831831437 0
1659 -3.052085831831437 4.536568345407877 0
1660 -4.536568345407877 -3.052085831831437 0
1661 -2.831508153873591 -2.582824352851912 0
1662 -2.582824352851912 2.831508153873591 0
1663 2.831508153873591 2.582824352851912 0
1664 2.582824352851912 -2.831508153873591 0
1665 -1.091703904666325 -4.226833143833969 0
1666 -4.226833143833969 1.091703904666325 0
1667 1.091703904666325 4.226833143833969 0
1668 4.226833143833969 -1.091703904666325 0
1669 0.2389072392580573 -0.581943560747157 0
1670 -0.5819435607471569 -0.2389072392580574 0
1671 0.5819435607471569 0.2389072392580574 0
1672 -0.2389072392580573 0.581943560747157 0
1673 2.749782605731725 0.4990281300714866 0
1674 -0.4990281300714866 2.749782605731725 0
1675 -2.749782605731725 -0.4990281300714866 0
1676 0.4990281300714866 -2.749782605731725 0
1677 0.4948461632301063 -0.6150454512868724 0
1678 -0.4948461632301063 0.6150454512868724 0
1679 -0.6150454512868722 -0.4948461632301064 0
1680 0.6150454512868722 0.4948461632301064 0
1681 -2.668341349086627 -0.2232108778277139 0
1682 2.668341349086627 0.2232108778277139 0
1683 -0.2232108778277139 2.668341349086627 0
1684 0.2232108778277139 -2.668341349086627 0
1685 0.7719199447363372 3.564807445590891 0
1686 3.564807445590891 -0.7719199447363372 0
1687 -0.7719199447363372 -3.564807445590891 0
1688 -3.564807445590891 0.7719199447363372 0
1689 -3.102311193756731 1.814832758586491 0
1690 -1.814832758586491 -3.102311193756731 0
1691 3.102311193756731 -1.814832758586491 0
1692 1.814832758586491 3.102311193756731 0
1693 0.5613613683936189 -0.2347686983208562 0
1694 -0.5613613683936189 0.2347686983208562 0
1695 -0.2347686983208561 -0.5613613683936191 0
1696 0.2347686983208561 0.5613613683936191 0
1697 2.801391783463774 4.763448373988831 0
1698 -4.763448373988831 2.801391783463774 0
1699 -2.801391783463774 -4.763448373988831 0
1700 4.763448373988831 -2.801391783463774 0
1701 4.764497555087374 -2.558165213000004 0
1702 -4.764497555087374 2.558165213000004 0
1703 2.558165213000004 4.764497555087374 0
1704 -2.558165213000004 -4.764497555087374 0
1705 0.1287533618258004 -0.00876474568861132 0
1706 -0.133045140553327 0.009056903878231692 0
1707 -0.01347958953710562 -0.1853464093912285 0
1708 0.01176287804609496 0.1854632726670766 0
1709 -0.8439055984968259 0.9136691301301736 0
1710 0.8439055984968259 -0.9136691301301736 0
1711 -0.9136691301301734 -0.843905598496826 0
1712 0.9136691301301734 0.843905598496826 0
1713 1.039837839005105 4.599011436093955 0
1714 -4.599011436093955 1.039837839005105 0
1715 -1.039837839005105 -4.599011436093955 0
1716 4.599011436093955 -1.039837839005105 0
1717 1.386810796201976 4.192958199907317 0
1718 -1.386810796201976 -4.192958199907317 0
1719 4.192958199907317 -1.386810796201976 0
1720 -4.192958199907317 1.386810796201976 0
1721 4.747461798901437 -2.301689263539806 0
1722 -2.301689263539806 -4.747461798901437 0
1723 2.301689263539806 4.747461798901437 0
1724 -4.747461798901437 2.301689263539806 0
1725 3.045807156021517 0.5246747211796615 0
1726 0.5246747211796615 -3.045807156021517 0
1727 -0.5246747211796615 3.045807156021517 0
1728 -3.045807156021517 -0.5246747211796615 0
1729 -0.7502709827106276 -4.398491703503245 0
1730 -4.398491703503245 0.7502709827106276 0
1731 4.398491703503245 -0.7502709827106276 0
1732 0.7502709827106276 4.398491703503245 0
1733 -0.3063436210102768 2.908017225728248 0
1734 2.908017225728248 0.3063436210102768 0
1735 0.3063436210102768 -2.908017225728248 0
1736 -2.908017225728248 -0.3063436210102768 0
1737 4.79494237407406 4.380755943706174 0
1738 -4.380755943706174 4.79494237407406 0
1739 -4.79494237407406 -4.380755943706174 0
1740 4.380755943706174 -4.79494237407406 0
$EndNodes
$Elements
3478
1 1 4 8 1 1 1 2 3
2 1 4 8 1 1 1 3 4
3 1 4 8 1 1 1 4 5
4 1 4 8 1 1 1 5 6
5 1 4 8 1 1 1 6 7
6 1 4 8 1 1 1 7 8
7 1 4 8 1 1 1 8 9
8 1 4 8 1 1 1 9 10
9 1 4 8 1 1 1 10 11
10 1 4 8 1 1 1 11 12
11 1 4 8 1 1 1 12 13
12 1 4 8 1 1 1 13 14
13 1 4 8 1 1 1 14 15
14 1 4 8 1 1 1 15 16
15 1 4 8 1 1 1 16 17
16 1 4 8 1 1 2 17 18
17 1 4 8 1 1 2 18 19
18 1 4 8 1 1 2 19 20
19 1 4 8 1 1 2 20 21
20 1 4 8 1 1 2 21 22
21 1 4 8 1 1 2 22 23
22 1 4 8 1 1 2 23 24
23 1 4 8 1 1 2 24 25
24 1 4 8 1 1 2 25 26
25 1 4 8 1 1 2 26 27
26 1 4 8 1 1 2 27 28
27 1 4 8 1 1 2 28 29
28 1 4 8 1 1 2 29 30
29 1 4 8 1 1 2 30 31
30 1 4 8 1 1 2 31 32
31 1 4 8 1 1 2 32 33
32 1 4 8 1 1 2 33 34
33 1 4 8 1 1 2 34 35
34 1 4 8 1 1 2 35 36
35 1 4 8 1 1 2 36 37
36 1 4 8 1 1 2 37 38
37 1 4 8 1 1 2 38 39
38 1 4 8 1 1 2 39 40
39 1 4 8 1 1 2 40 1
40 1 4 9 2 1 2 1 42
41 1 4 9 2 1 2 42 43
42 1 4 9 2 1 2 43 44
43 1 4 9 2 1 2 44 45
44 1 4 9 2 1 2 45 46
45 1 4 9 2 1 2 46 47
46 1 4 9 2 1 2 47 48
47 1 4 9 2 1 2 48 49
48 1 4 9 2 1 2 49 50
49 1 4 9 2 1 2 50 51
50 1 4 9 2 1 2 51 52
51 1 4 9 2 1 2 52 53
52 1 4 9 2 1 2 53 54
53 1 4 9 2 1 2 54 55
54 1 4 9 2 1 2 55 56
55 1 4 9 2 1 2 56 57
56 1 4 9 2 1 2 57 58
57 1 4 9 2 1 2 58 59
58 1 4 9 2 1 2 59 60
59 1 4 9 2 1 2 60 61
60 1 4 9 2 1 2 61 62
61 1 4 9 2 1 2 62 63
62 1 4 9 2 1 2 63 64
63 1 4 9 2 1 2 64 65
64 1 4 9 2 1 2 65 66
65 1 4 9 2 1 2 66 67
66 1 4 9 2 1 2 67 68
67 1 4 9 2 1 2 68 69
68 1 4 9 2 1 2 69 70
69 1 4 9 2 1 2 70 71
70 1 4 9 2 1 2 71 72
71 1 4 9 2 1 2 72 73
72 1 4 9 2 1 2 73 74
73 1 4 9 2 1 2 74 75
74 1 4 9 2 1 2 75 76
75 1 4 9 2 1 2 76 77
76 1 4 9 2 1 2 77 78
77 1 4 9 2 1 2 78 79
78 1 4 9 2 1 2 79 41
79 1 4 8 3 1 2 41 81
80 1 4 8 3 1 2 81 82
81 1 4 8 3 1 2 82 83
82 1 4 8 3 1 2 83 84
83 1 4 8 3 1 2 84 85
84 1 4 8 3 1 2 85 86
85 1 4 8 3 1 2 86 87
86 1 4 8 3 1 2 87 88
87 1 4 8 3 1 2 88 89
88 1 4 8 3 1 2 89 90
89 1 4 8 3 1 2 90 91
90 1 4 8 3 1 2 91 92
91 1 4 8 3 1 2 92 93
92 1 4 8 3 1 2 93 94
93 1 4 8 3 1 2 94 95
94 1 4 8 3 1 1 95 96
95 1 4 8 3 1 1 96 97
96 1 4 8 3 1 1 97 98
97 1 4 8 3 1 1 98 99
98 1 4 8 3 1 1 99 100
99 1 4 8 3 1 1 100 101
100 1 4 8 3 1 1 101 102
101 1 4 8 3 1 1 102 103
102 1 4 8 3 1 1 103 104
103 1 4 8 3 1 1 104 105
104 1 4 8 3 1 1 105 106
105 1 4 8 3 1 1 106 107
106 1 4 8 3 1 1 107 108
107 1 4 8 3 1 1 108 109
108 1 4 8 3 1 1 109 110
109 1 4 8 3 1 1 110 111
110 1 4 8 3 1 1 111 112
111 1 4 8 3 1 1 112 113
112 1 4 8 3 1 1 113 114
113 1 4 8 3 1 1 114 115
114 1 4 8 3 1 1 115 116
115 1 4 8 3 1 1 116 117
116 1 4 8 3 1 1 117 118
117 1 4 8 3 1 1 118 80
118 1 4 7 4 1 1 80 119
119 1 4 7 4 1 1 119 120
120 1 4 7 4 1 1 120 121
121 1 4 7 4 1 1 121 122
122 1 4 7 4 1 1 122 123
123 1 4 7 4 1 1 123 124
124 1 4 7 4 1 1 124 125
125 1 4 7 4 1 1 125 126
126 1 4 7 4 1 1 126 127
127 1 4 7 4 1 1 127 128
128 1 4 7 4 1 1 128 129
129 1 4 7 4 1 1 129 130
130 1 4 7 4 1 1 130 131
131 1 4 7 4 1 1 131 132
132 1 4 7 4 1 1 132 133
133 1 4 7 4 1 1 133 134
134 1 4 7 4 1 1 134 135
135 1 4 7 4 1 1 135 136
136 1 4 7 4 1 1 136 137
137 1 4 7 4 1 1 137 138
138 1 4 7 4 1 1 138 139
139 1 4 7 4 1 1 139 140
140 1 4 7 4 1 1 140 141
141 1 4 7 4 1 1 141 142
142 1 4 7 4 1 1 142 143
143 1 4 7 4 1 1 143 144
144 1 4 7 4 1 1 144 145
145 1 4 7 4 1 1 145 146
146 1 4 7 4 1 1 146 147
147 1 4 7 4 1 1 147 148
148 1 4 7 4 1 1 148 149
149 1 4 7 4 1 1 149 150
150 1 4 7 4 1 1 150 151
151 1 4 7 4 1 1 151 152
152 1 4 7 4 1 1 152 153
153 1 4 7 4 1 1 153 154
154 1 4 7 4 1 1 154 155
155 1 4 7 4 1 1 155 156
156 1 4 7 4 1 1 156 2
157 2 4 10 6 1 2 201 78 79
158 2 4 10 6 1 1 202 117 118
159 2 4 10 6 1 2 203 39 40
160 2 4 10 6 1 1 204 155 156
161 2 4 10 6 1 1 281 117 202
162 2 4 10 6 1 2 282 78 201
163 2 4 10 6 1 2 283 39 203
164 2 4 10 6 1 1 284 155 204
165 2 4 10 6 1 1 289 119 120
166 2 4 10 6 1 2 290 81 82
167 2 4 10 6 1 1 291 3 4
168 2 4 10 6 1 2 292 42 43
169 2 4 10 6 1 1 281 116 117
170 2 4 10 6 1 2 282 77 78
171 2 4 10 6 1 2 283 38 39
172 2 4 10 6 1 1 284 154 155
173 2 4 10 6 1 2 187 180 184
174 2 4 10 6 1 2 186 178 182
175 2 4 10 6 1 1 188 179 183
176 2 4 10 6 1 1 185 177 181
177 2 4 10 6 1 1 409 112 113
178 2 4 10 6 1 2 410 34 35
179 2 4 10 6 1 2 411 73 74
180 2 4 10 6 1 1 412 150 151
181 2 4 10 6 1 2 413 252 260
182 2 4 10 6 1 1 414 251 259
183 2 4 10 6 1 2 415 250 258
184 2 4 10 6 1 1 416 249 257
185 2 4 10 6 1 1 453 267 276
186 2 4 10 6 1 2 454 268 275
187 2 4 10 6 1 1 455 265 274
188 2 4 10 6 1 2 456 266 273
189 2 4 10 6 1 2 473 277 288
190 2 4 10 6 1 1 474 278 287
191 2 4 10 6 1 1 475 279 286
192 2 4 10 6 1 2 476 280 285
193 2 4 10 6 1 1 271 481 279
194 2 4 10 6 1 2 272 482 280
195 2 4 10 6 1 2 270 483 277
196 2 4 10 6 1 1 269 484 278
197 2 4 10 6 1 2 497 193 485
198 2 4 10 6 1 1 498 194 486
199 2 4 10 6 1 1 499 196 487
200 2 4 10 6 1 2 500 195 488
201 2 4 10 6 1 1 501 279 481
202 2 4 10 6 1 1 196 501 481
203 2 4 10 6 1 2 502 280 482
204 2 4 10 6 1 2 195 502 482
205 2 4 10 6 1 2 503 277 483
206 2 4 10 6 1 2 193 503 483
207 2 4 10 6 1 1 504 278 484
208 2 4 10 6 1 1 194 504 484
209 2 4 10 6 1 1 119 513 80
210 2 4 10 6 1 1 118 513 202
211 2 4 10 6 1 1 513 118 80
212 2 4 10 6 1 2 81 514 41
213 2 4 10 6 1 2 79 514 201
214 2 4 10 6 1 2 514 79 41
215 2 4 10 6 1 1 3 515 2
216 2 4 10 6 1 1 156 515 204
217 2 4 10 6 1 1 515 156 2
218 2 4 10 6 1 2 42 516 1
219 2 4 10 6 1 2 40 516 203
220 2 4 10 6 1 2 516 40 1
221 2 4 10 6 1 2 517 184 180
222 2 4 10 6 1 1 518 183 179
223 2 4 10 6 1 2 519 182 178
224 2 4 10 6 1 1 520 181 177
225 2 4 10 6 1 1 521 200 286
226 2 4 10 6 1 2 522 199 285
227 2 4 10 6 1 2 523 198 288
228 2 4 10 6 1 1 524 197 287
229 2 4 10 6 1 2 273 529 485
230 2 4 10 6 1 1 274 530 486
231 2 4 10 6 1 1 276 531 487
232 2 4 10 6 1 2 275 532 488
233 2 4 10 6 1 1 289 513 119
234 2 4 10 6 1 1 289 202 513
235 2 4 10 6 1 2 290 514 81
236 2 4 10 6 1 2 290 201 514
237 2 4 10 6 1 1 291 515 3
238 2 4 10 6 1 1 291 204 515
239 2 4 10 6 1 2 292 516 42
240 2 4 10 6 1 2 292 203 516
241 2 4 10 6 1 2 517 413 184
242 2 4 10 6 1 1 518 414 183
243 2 4 10 6 1 2 519 415 182
244 2 4 10 6 1 1 520 416 181
245 2 4 10 6 1 2 490 421 225
246 2 4 10 6 1 2 492 422 226
247 2 4 10 6 1 1 491 423 227
248 2 4 10 6 1 1 489 424 228
249 2 4 10 6 1 2 497 485 529
250 2 4 10 6 1 1 498 486 530
251 2 4 10 6 1 1 499 487 531
252 2 4 10 6 1 2 500 488 532
253 2 4 10 6 1 2 190 485 193
254 2 4 10 6 1 2 485 190 456
255 2 4 10 6 1 2 273 485 456
256 2 4 10 6 1 1 189 486 194
257 2 4 10 6 1 1 486 189 455
258 2 4 10 6 1 1 274 486 455
259 2 4 10 6 1 1 191 487 196
260 2 4 10 6 1 1 487 191 453
261 2 4 10 6 1 1 276 487 453
262 2 4 10 6 1 2 192 488 195
263 2 4 10 6 1 2 488 192 454
264 2 4 10 6 1 2 275 488 454
265 2 4 10 6 1 1 188 453 191
266 2 4 10 6 1 1 188 460 453
267 2 4 10 6 1 1 267 453 259
268 2 4 10 6 1 1 460 259 453
269 2 4 10 6 1 2 187 454 192
270 2 4 10 6 1 2 187 458 454
271 2 4 10 6 1 2 268 454 260
272 2 4 10 6 1 2 458 260 454
273 2 4 10 6 1 1 185 455 189
274 2 4 10 6 1 1 185 457 455
275 2 4 10 6 1 1 265 455 257
276 2 4 10 6 1 1 457 257 455
277 2 4 10 6 1 2 186 456 190
278 2 4 10 6 1 2 186 459 456
279 2 4 10 6 1 2 266 456 258
280 2 4 10 6 1 2 459 258 456
281 2 4 10 6 1 1 181 457 185
282 2 4 10 6 1 1 457 181 416
283 2 4 10 6 1 1 257 457 416
284 2 4 10 6 1 2 184 458 187
285 2 4 10 6 1 2 458 184 413
286 2 4 10 6 1 2 260 458 413
287 2 4 10 6 1 2 182 459 186
288 2 4 10 6 1 2 459 182 415
289 2 4 10 6 1 2 258 459 415
290 2 4 10 6 1 1 183 460 188
291 2 4 10 6 1 1 460 183 414
292 2 4 10 6 1 1 259 460 414
293 2 4 10 6 1 1 481 191 196
294 2 4 10 6 1 1 191 481 452
295 2 4 10 6 1 2 482 192 195
296 2 4 10 6 1 2 192 482 451
297 2 4 10 6 1 2 483 190 193
298 2 4 10 6 1 2 190 483 449
299 2 4 10 6 1 1 484 189 194
300 2 4 10 6 1 1 189 484 450
301 2 4 10 6 1 1 185 450 177
302 2 4 10 6 1 1 450 185 189
303 2 4 10 6 1 2 187 451 180
304 2 4 10 6 1 2 451 187 192
305 2 4 10 6 1 1 188 452 179
306 2 4 10 6 1 1 452 188 191
307 2 4 10 6 1 2 186 449 178
308 2 4 10 6 1 2 449 186 190
309 2 4 10 6 1 2 272 467 440
310 2 4 10 6 1 1 271 468 438
311 2 4 10 6 1 1 269 466 439
312 2 4 10 6 1 2 270 465 437
313 2 4 10 6 1 2 465 84 85
314 2 4 10 6 1 2 473 84 465
315 2 4 10 6 1 2 465 270 277
316 2 4 10 6 1 2 277 473 465
317 2 4 10 6 1 1 466 122 123
318 2 4 10 6 1 1 474 122 466
319 2 4 10 6 1 1 466 269 278
320 2 4 10 6 1 1 278 474 466
321 2 4 10 6 1 2 467 45 46
322 2 4 10 6 1 2 476 45 467
323 2 4 10 6 1 2 467 272 280
324 2 4 10 6 1 2 280 476 467
325 2 4 10 6 1 1 468 6 7
326 2 4 10 6 1 1 475 6 468
327 2 4 10 6 1 1 468 271 279
328 2 4 10 6 1 1 279 475 468
329 2 4 10 6 1 2 89 505 88
330 2 4 10 6 1 1 127 506 126
331 2 4 10 6 1 1 11 507 10
332 2 4 10 6 1 2 50 508 49
333 2 4 10 6 1 1 531 276 461
334 2 4 10 6 1 2 532 275 462
335 2 4 10 6 1 1 530 274 463
336 2 4 10 6 1 2 529 273 464
337 2 4 10 6 1 2 44 45 476
338 2 4 10 6 1 1 5 6 475
339 2 4 10 6 1 1 121 122 474
340 2 4 10 6 1 2 83 84 473
341 2 4 10 6 1 1 197 525 281
342 2 4 10 6 1 2 198 526 282
343 2 4 10 6 1 2 199 527 283
344 2 4 10 6 1 1 200 528 284
345 2 4 10 6 1 2 517 176 430
346 2 4 10 6 1 2 430 413 517
347 2 4 10 6 1 1 520 174 431
348 2 4 10 6 1 1 431 416 520
349 2 4 10 6 1 2 519 173 429
350 2 4 10 6 1 2 429 415 519
351 2 4 10 6 1 1 518 175 432
352 2 4 10 6 1 1 432 414 518
353 2 4 10 6 1 2 517 428 176
354 2 4 10 6 1 2 180 428 517
355 2 4 10 6 1 1 518 427 175
356 2 4 10 6 1 1 179 427 518
357 2 4 10 6 1 2 519 426 173
358 2 4 10 6 1 2 178 426 519
359 2 4 10 6 1 1 520 425 174
360 2 4 10 6 1 1 177 425 520
361 2 4 10 6 1 2 477 76 77
362 2 4 10 6 1 2 77 282 477
363 2 4 10 6 1 2 282 526 477
364 2 4 10 6 1 1 478 115 116
365 2 4 10 6 1 1 116 281 478
366 2 4 10 6 1 1 281 525 478
367 2 4 10 6 1 1 479 153 154
368 2 4 10 6 1 1 154 284 479
369 2 4 10 6 1 1 284 528 479
370 2 4 10 6 1 2 480 37 38
371 2 4 10 6 1 2 38 283 480
372 2 4 10 6 1 2 283 527 480
373 2 4 10 6 1 1 528 200 521
374 2 4 10 6 1 1 196 499 521
375 2 4 10 6 1 1 501 196 521
376 2 4 10 6 1 1 499 528 521
377 2 4 10 6 1 2 527 199 522
378 2 4 10 6 1 2 195 500 522
379 2 4 10 6 1 2 502 195 522
380 2 4 10 6 1 2 500 527 522
381 2 4 10 6 1 2 526 198 523
382 2 4 10 6 1 2 193 497 523
383 2 4 10 6 1 2 503 193 523
384 2 4 10 6 1 2 497 526 523
385 2 4 10 6 1 1 525 197 524
386 2 4 10 6 1 1 194 498 524
387 2 4 10 6 1 1 504 194 524
388 2 4 10 6 1 1 498 525 524
389 2 4 10 6 1 1 493 177 450
390 2 4 10 6 1 1 493 253 246
391 2 4 10 6 1 1 493 261 253
392 2 4 10 6 1 1 261 493 450
393 2 4 10 6 1 2 494 178 449
394 2 4 10 6 1 2 494 254 245
395 2 4 10 6 1 2 494 262 254
396 2 4 10 6 1 2 262 494 449
397 2 4 10 6 1 1 495 179 452
398 2 4 10 6 1 1 495 255 247
399 2 4 10 6 1 1 495 263 255
400 2 4 10 6 1 1 263 495 452
401 2 4 10 6 1 2 496 180 451
402 2 4 10 6 1 2 496 256 248
403 2 4 10 6 1 2 496 264 256
404 2 4 10 6 1 2 264 496 451
405 2 4 10 6 1 2 242 401 436
406 2 4 10 6 1 2 436 248 256
407 2 4 10 6 1 1 244 403 434
408 2 4 10 6 1 1 434 246 253
409 2 4 10 6 1 1 241 402 435
410 2 4 10 6 1 1 435 247 255
411 2 4 10 6 1 2 243 404 433
412 2 4 10 6 1 2 433 245 254
413 2 4 10 6 1 1 202 197 281
414 2 4 10 6 1 1 202 289 197
415 2 4 10 6 1 2 201 198 282
416 2 4 10 6 1 2 201 290 198
417 2 4 10 6 1 1 204 200 284
418 2 4 10 6 1 1 204 291 200
419 2 4 10 6 1 2 203 199 283
420 2 4 10 6 1 2 203 292 199
421 2 4 10 6 1 2 717 345 669
422 2 4 10 6 1 2 718 347 671
423 2 4 10 6 1 1 719 348 670
424 2 4 10 6 1 1 720 346 672
425 2 4 10 6 1 2 370 725 699
426 2 4 10 6 1 1 371 726 697
427 2 4 10 6 1 2 372 727 698
428 2 4 10 6 1 1 369 728 700
429 2 4 10 6 1 1 325 745 740
430 2 4 10 6 1 1 327 746 738
431 2 4 10 6 1 2 328 747 737
432 2 4 10 6 1 2 326 748 739
433 2 4 10 6 1 1 749 321 741
434 2 4 10 6 1 2 750 324 744
435 2 4 10 6 1 1 751 322 742
436 2 4 10 6 1 2 752 323 743
437 2 4 10 6 1 2 753 220 737
438 2 4 10 6 1 2 754 218 739
439 2 4 10 6 1 1 755 217 740
440 2 4 10 6 1 1 756 219 738
441 2 4 10 6 1 1 364 757 694
442 2 4 10 6 1 2 363 758 693
443 2 4 10 6 1 1 362 759 696
444 2 4 10 6 1 2 361 760 695
445 2 4 10 6 1 2 761 363 693
446 2 4 10 6 1 1 762 364 694
447 2 4 10 6 1 1 763 362 696
448 2 4 10 6 1 2 764 361 695
449 2 4 10 6 1 1 765 224 700
450 2 4 10 6 1 2 766 223 699
451 2 4 10 6 1 2 767 221 698
452 2 4 10 6 1 1 768 222 697
453 2 4 10 6 1 2 769 363 761
454 2 4 10 6 1 1 770 364 762
455 2 4 10 6 1 1 771 362 763
456 2 4 10 6 1 2 772 361 764
457 2 4 10 6 1 2 469 777 733
458 2 4 10 6 1 1 470 778 734
459 2 5 10 6 2 2 -1 471 779 735
460 2 5 10 6 2 1 -2 472 780 736
461 2 4 10 6 1 2 349 781 743
462 2 4 10 6 1 1 352 782 741
463 2 4 10 6 1 2 350 783 744
464 2 4 10 6 1 1 351 784 742
465 2 4 10 6 1 1 353 785 768
466 2 4 10 6 1 2 354 786 767
467 2 4 10 6 1 2 355 787 766
468 2 4 10 6 1 1 356 788 765
469 2 4 10 6 1 2 789 158 783
470 2 4 10 6 1 2 790 159 781
471 2 4 10 6 1 1 791 157 784
472 2 4 10 6 1 1 792 160 782
473 2 4 10 6 1 2 417 797 764
474 2 4 10 6 1 2 418 798 761
475 2 4 10 6 1 1 420 799 763
476 2 4 10 6 1 1 419 800 762
477 2 4 10 6 1 2 341 805 790
478 2 4 10 6 1 2 164 805 802
479 2 4 10 6 1 1 343 806 792
480 2 4 10 6 1 1 163 806 803
481 2 4 10 6 1 1 342 807 791
482 2 4 10 6 1 1 161 807 801
483 2 4 10 6 1 2 344 808 789
484 2 4 10 6 1 2 162 808 804
485 2 4 10 6 1 2 319 809 802
486 2 4 10 6 1 2 317 810 804
487 2 4 10 6 1 1 320 811 803
488 2 4 10 6 1 1 318 812 801
489 2 4 10 6 1 1 219 813 696
490 2 4 10 6 1 2 220 814 695
491 2 4 10 6 1 2 218 815 693
492 2 4 10 6 1 1 217 816 694
493 2 4 10 6 1 2 817 377 673
494 2 4 10 6 1 2 817 220 695
495 2 4 10 6 1 2 818 379 675
496 2 4 10 6 1 2 818 218 693
497 2 4 10 6 1 1 819 380 674
498 2 4 10 6 1 1 819 217 694
499 2 4 10 6 1 1 820 378 676
500 2 4 10 6 1 1 820 219 696
501 2 4 10 6 1 1 346 833 756
502 2 4 10 6 1 1 348 834 755
503 2 4 10 6 1 2 347 835 754
504 2 4 10 6 1 2 345 836 753
505 2 4 10 6 1 1 397 837 432
506 2 4 10 6 1 2 399 838 429
507 2 4 10 6 1 2 398 839 430
508 2 4 10 6 1 1 400 840 431
509 2 4 10 6 1 1 351 841 784
510 2 4 10 6 1 1 841 351 662
511 2 4 10 6 1 2 350 842 783
512 2 4 10 6 1 2 842 350 664
513 2 4 10 6 1 1 352 843 782
514 2 4 10 6 1 1 843 352 661
515 2 4 10 6 1 2 349 844 781
516 2 4 10 6 1 2 844 349 663
517 2 4 10 6 1 2 845 159 790
518 2 4 10 6 1 1 846 160 792
519 2 4 10 6 1 2 847 158 789
520 2 4 10 6 1 1 848 157 791
521 2 4 10 6 1 2 158 849 718
522 2 4 10 6 1 2 849 375 718
523 2 4 10 6 1 1 160 850 719
524 2 4 10 6 1 1 850 374 719
525 2 4 10 6 1 1 157 851 720
526 2 4 10 6 1 1 851 373 720
527 2 4 10 6 1 2 159 852 717
528 2 4 10 6 1 2 852 376 717
529 2 4 10 6 1 2 853 345 717
530 2 4 10 6 1 2 376 853 717
531 2 4 10 6 1 2 854 347 718
532 2 4 10 6 1 2 375 854 718
533 2 4 10 6 1 1 855 348 719
534 2 4 10 6 1 1 374 855 719
535 2 4 10 6 1 1 856 346 720
536 2 4 10 6 1 1 373 856 720
537 2 4 10 6 1 1 364 857 757
538 2 4 10 6 1 2 363 858 758
539 2 4 10 6 1 1 362 859 759
540 2 4 10 6 1 2 361 860 760
541 2 4 10 6 1 1 409 861 773
542 2 4 10 6 1 2 411 862 774
543 2 4 10 6 1 1 412 863 775
544 2 4 10 6 1 2 410 864 776
545 2 4 10 6 1 2 505 865 243
546 2 4 10 6 1 1 506 866 244
547 2 4 10 6 1 1 507 867 241
548 2 4 10 6 1 2 508 868 242
549 2 4 10 6 1 2 873 392 829
550 2 4 10 6 1 2 874 391 830
551 2 4 10 6 1 1 875 390 831
552 2 4 10 6 1 1 876 389 832
553 2 4 10 6 1 2 877 67 68
554 2 4 10 6 1 2 877 372 667
555 2 4 10 6 1 1 878 106 107
556 2 4 10 6 1 1 878 371 666
557 2 4 10 6 1 2 879 28 29
558 2 4 10 6 1 2 879 370 665
559 2 4 10 6 1 1 880 144 145
560 2 4 10 6 1 1 880 369 668
561 2 4 10 6 1 2 889 239 252
562 2 4 10 6 1 2 889 430 839
563 2 4 10 6 1 2 239 889 839
564 2 4 10 6 1 1 890 237 249
565 2 4 10 6 1 1 890 431 840
566 2 4 10 6 1 1 237 890 840
567 2 4 10 6 1 2 891 238 250
568 2 4 10 6 1 2 891 429 838
569 2 4 10 6 1 2 238 891 838
570 2 4 10 6 1 1 892 240 251
571 2 4 10 6 1 1 892 432 837
572 2 4 10 6 1 1 240 892 837
573 2 4 10 6 1 1 228 897 489
574 2 4 10 6 1 1 227 898 491
575 2 4 10 6 1 2 225 899 490
576 2 4 10 6 1 2 226 900 492
577 2 4 10 6 1 2 225 905 829
578 2 4 10 6 1 2 226 906 830
579 2 4 10 6 1 1 227 907 832
580 2 4 10 6 1 1 228 908 831
581 2 4 10 6 1 1 108 909 107
582 2 4 10 6 1 2 30 910 29
583 2 4 10 6 1 1 146 911 145
584 2 4 10 6 1 2 69 912 68
585 2 4 10 6 1 1 913 402 241
586 2 4 10 6 1 1 914 403 244
587 2 4 10 6 1 2 915 404 243
588 2 4 10 6 1 2 916 401 242
589 2 4 10 6 1 1 917 217 755
590 2 4 10 6 1 1 217 917 816
591 2 4 10 6 1 1 918 219 756
592 2 4 10 6 1 1 219 918 813
593 2 4 10 6 1 2 919 218 754
594 2 4 10 6 1 2 218 919 815
595 2 4 10 6 1 2 920 220 753
596 2 4 10 6 1 2 220 920 814
597 2 4 10 6 1 2 921 236 248
598 2 4 10 6 1 2 436 921 248
599 2 4 10 6 1 1 922 234 246
600 2 4 10 6 1 1 434 922 246
601 2 4 10 6 1 1 923 235 247
602 2 4 10 6 1 1 435 923 247
603 2 4 10 6 1 2 924 233 245
604 2 4 10 6 1 2 433 924 245
605 2 4 10 6 1 2 925 446 786
606 2 4 10 6 1 1 926 445 785
607 2 4 10 6 1 1 927 447 788
608 2 4 10 6 1 2 928 448 787
609 2 4 10 6 1 2 929 392 167
610 2 4 10 6 1 2 930 391 165
611 2 4 10 6 1 1 931 390 166
612 2 4 10 6 1 1 932 389 168
613 2 4 10 6 1 2 941 248 236
614 2 4 10 6 1 1 942 247 235
615 2 4 10 6 1 2 943 245 233
616 2 4 10 6 1 1 944 246 234
617 2 4 10 6 1 1 419 945 800
618 2 4 10 6 1 1 420 946 799
619 2 4 10 6 1 2 418 947 798
620 2 4 10 6 1 2 417 948 797
621 2 4 10 6 1 1 949 397 432
622 2 4 10 6 1 2 950 398 430
623 2 4 10 6 1 2 951 399 429
624 2 4 10 6 1 1 952 400 431
625 2 4 10 6 1 2 398 953 367
626 2 4 10 6 1 2 399 954 368
627 2 4 10 6 1 1 397 955 366
628 2 4 10 6 1 1 400 956 365
629 2 4 10 6 1 1 957 407 734
630 2 4 10 6 1 1 958 405 736
631 2 4 10 6 1 2 959 406 735
632 2 4 10 6 1 2 960 408 733
633 2 4 10 6 1 2 965 46 47
634 2 4 10 6 1 2 965 440 467
635 2 4 10 6 1 2 46 965 467
636 2 4 10 6 1 1 966 123 124
637 2 4 10 6 1 1 966 439 466
638 2 4 10 6 1 1 123 966 466
639 2 4 10 6 1 2 967 85 86
640 2 4 10 6 1 2 967 437 465
641 2 4 10 6 1 2 85 967 465
642 2 4 10 6 1 1 968 7 8
643 2 4 10 6 1 1 968 438 468
644 2 4 10 6 1 1 7 968 468
645 2 4 10 6 1 1 969 388 237
646 2 4 10 6 1 2 970 387 238
647 2 4 10 6 1 2 971 386 239
648 2 4 10 6 1 1 972 385 240
649 2 4 10 6 1 2 973 35 36
650 2 4 10 6 1 1 974 113 114
651 2 4 10 6 1 2 975 74 75
652 2 4 10 6 1 1 976 151 152
653 2 4 10 6 1 1 977 257 249
654 2 4 10 6 1 2 978 258 250
655 2 4 10 6 1 1 979 259 251
656 2 4 10 6 1 2 980 260 252
657 2 4 10 6 1 1 981 234 511
658 2 4 10 6 1 1 982 235 509
659 2 4 10 6 1 2 983 236 510
660 2 4 10 6 1 2 984 233 512
661 2 4 10 6 1 2 76 989 75
662 2 4 10 6 1 1 115 990 114
663 2 4 10 6 1 1 153 991 152
664 2 4 10 6 1 2 37 992 36
665 2 4 10 6 1 1 222 993 732
666 2 4 10 6 1 1 993 222 768
667 2 4 10 6 1 2 221 994 731
668 2 4 10 6 1 2 994 221 767
669 2 4 10 6 1 1 224 995 729
670 2 4 10 6 1 1 995 224 765
671 2 4 10 6 1 2 223 996 730
672 2 4 10 6 1 2 996 223 766
673 2 4 10 6 1 1 267 997 276
674 2 4 10 6 1 1 997 461 276
675 2 4 10 6 1 2 268 998 275
676 2 4 10 6 1 2 998 462 275
677 2 4 10 6 1 1 265 999 274
678 2 4 10 6 1 1 999 463 274
679 2 4 10 6 1 2 266 1000 273
680 2 4 10 6 1 2 1000 464 273
681 2 4 10 6 1 2 393 1009 171
682 2 4 10 6 1 2 396 1010 169
683 2 4 10 6 1 1 395 1011 170
684 2 4 10 6 1 1 394 1012 172
685 2 4 10 6 1 1 412 1013 863
686 2 4 10 6 1 1 409 1014 861
687 2 4 10 6 1 2 410 1015 864
688 2 4 10 6 1 2 411 1016 862
689 2 4 10 6 1 1 1017 269 261
690 2 4 10 6 1 1 1017 450 484
691 2 4 10 6 1 1 450 1017 261
692 2 4 10 6 1 1 269 1017 484
693 2 4 10 6 1 2 1018 272 264
694 2 4 10 6 1 2 1018 451 482
695 2 4 10 6 1 2 451 1018 264
696 2 4 10 6 1 2 272 1018 482
697 2 4 10 6 1 1 1019 271 263
698 2 4 10 6 1 1 1019 452 481
699 2 4 10 6 1 1 452 1019 263
700 2 4 10 6 1 1 271 1019 481
701 2 4 10 6 1 2 1020 270 262
702 2 4 10 6 1 2 1020 449 483
703 2 4 10 6 1 2 449 1020 262
704 2 4 10 6 1 2 270 1020 483
705 2 4 10 6 1 2 865 915 243
706 2 4 10 6 1 1 866 914 244
707 2 4 10 6 1 2 868 916 242
708 2 4 10 6 1 1 867 913 241
709 2 4 10 6 1 1 911 880 145
710 2 4 10 6 1 1 369 880 911
711 2 4 10 6 1 2 910 879 29
712 2 4 10 6 1 2 370 879 910
713 2 4 10 6 1 1 909 878 107
714 2 4 10 6 1 1 371 878 909
715 2 4 10 6 1 2 912 877 68
716 2 4 10 6 1 2 372 877 912
717 2 4 10 6 1 2 948 417 962
718 2 4 10 6 1 2 947 418 964
719 2 4 10 6 1 1 945 419 963
720 2 4 10 6 1 1 946 420 961
721 2 4 10 6 1 1 796 441 940
722 2 4 10 6 1 2 793 442 937
723 2 4 10 6 1 1 794 443 939
724 2 4 10 6 1 2 795 444 938
725 2 4 10 6 1 1 991 976 152
726 2 4 10 6 1 1 461 976 991
727 2 4 10 6 1 2 992 973 36
728 2 4 10 6 1 2 462 973 992
729 2 4 10 6 1 1 990 974 114
730 2 4 10 6 1 1 463 974 990
731 2 4 10 6 1 2 989 975 75
732 2 4 10 6 1 2 464 975 989
733 2 4 10 6 1 2 430 176 950
734 2 4 10 6 1 1 431 174 952
735 2 4 10 6 1 2 429 173 951
736 2 4 10 6 1 1 432 175 949
737 2 4 10 6 1 2 1009 929 171
738 2 4 10 6 1 2 392 929 1009
739 2 4 10 6 1 2 1010 930 169
740 2 4 10 6 1 2 391 930 1010
741 2 4 10 6 1 1 1011 931 170
742 2 4 10 6 1 1 390 931 1011
743 2 4 10 6 1 1 1012 932 172
744 2 4 10 6 1 1 389 932 1012
745 2 4 10 6 1 2 173 426 1005
746 2 4 10 6 1 2 176 428 1006
747 2 4 10 6 1 1 175 427 1007
748 2 4 10 6 1 1 174 425 1008
749 2 4 10 6 1 2 413 889 252
750 2 4 10 6 1 2 413 430 889
751 2 4 10 6 1 1 416 890 249
752 2 4 10 6 1 1 416 431 890
753 2 4 10 6 1 2 415 891 250
754 2 4 10 6 1 2 415 429 891
755 2 4 10 6 1 1 414 892 251
756 2 4 10 6 1 1 414 432 892
757 2 4 10 6 1 2 650 621 683
758 2 4 10 6 1 1 652 622 684
759 2 4 10 6 1 2 649 623 682
760 2 4 10 6 1 1 651 624 681
761 2 4 10 6 1 2 744 690 350
762 2 4 10 6 1 2 633 690 744
763 2 4 10 6 1 2 743 691 349
764 2 4 10 6 1 2 634 691 743
765 2 4 10 6 1 1 741 689 352
766 2 4 10 6 1 1 635 689 741
767 2 4 10 6 1 1 742 692 351
768 2 4 10 6 1 1 636 692 742
769 2 4 10 6 1 1 746 672 346
770 2 4 10 6 1 2 747 669 345
771 2 4 10 6 1 2 748 671 347
772 2 4 10 6 1 1 745 670 348
773 2 4 10 6 1 1 843 701 343
774 2 4 10 6 1 1 661 701 843
775 2 4 10 6 1 1 841 702 342
776 2 4 10 6 1 1 662 702 841
777 2 4 10 6 1 2 844 703 341
778 2 4 10 6 1 2 663 703 844
779 2 4 10 6 1 2 842 704 344
780 2 4 10 6 1 2 664 704 842
781 2 4 10 6 1 2 717 752 159
782 2 4 10 6 1 2 717 669 752
783 2 4 10 6 1 1 719 749 160
784 2 4 10 6 1 1 719 670 749
785 2 4 10 6 1 2 718 750 158
786 2 4 10 6 1 2 718 671 750
787 2 4 10 6 1 1 720 751 157
788 2 4 10 6 1 1 720 672 751
789 2 4 10 6 1 2 817 737 220
790 2 4 10 6 1 2 673 737 817
791 2 4 10 6 1 1 819 740 217
792 2 4 10 6 1 1 674 740 819
793 2 4 10 6 1 2 818 739 218
794 2 4 10 6 1 2 675 739 818
795 2 4 10 6 1 1 820 738 219
796 2 4 10 6 1 1 676 738 820
797 2 4 10 6 1 2 818 758 379
798 2 4 10 6 1 2 693 758 818
799 2 4 10 6 1 2 761 815 418
800 2 4 10 6 1 2 761 693 815
801 2 4 10 6 1 1 819 757 380
802 2 4 10 6 1 1 694 757 819
803 2 4 10 6 1 1 762 816 419
804 2 4 10 6 1 1 762 694 816
805 2 4 10 6 1 2 817 760 377
806 2 4 10 6 1 2 695 760 817
807 2 4 10 6 1 2 764 814 417
808 2 4 10 6 1 2 764 695 814
809 2 4 10 6 1 1 820 759 378
810 2 4 10 6 1 1 696 759 820
811 2 4 10 6 1 1 763 813 420
812 2 4 10 6 1 1 763 696 813
813 2 4 10 6 1 1 768 726 353
814 2 4 10 6 1 1 697 726 768
815 2 4 10 6 1 2 767 727 354
816 2 4 10 6 1 2 698 727 767
817 2 4 10 6 1 2 766 725 355
818 2 4 10 6 1 2 699 725 766
819 2 4 10 6 1 1 765 728 356
820 2 4 10 6 1 1 700 728 765
821 2 4 10 6 1 2 712 810 317
822 2 4 10 6 1 2 712 705 810
823 2 4 10 6 1 1 710 812 318
824 2 4 10 6 1 1 710 706 812
825 2 4 10 6 1 2 711 809 319
826 2 4 10 6 1 2 711 707 809
827 2 4 10 6 1 1 709 811 320
828 2 4 10 6 1 1 709 708 811
829 2 4 10 6 1 2 960 777 216
830 2 4 10 6 1 2 733 777 960
831 2 4 10 6 1 1 957 778 215
832 2 4 10 6 1 1 734 778 957
833 2 4 10 6 1 2 959 779 214
834 2 4 10 6 1 2 735 779 959
835 2 4 10 6 1 1 958 780 213
836 2 4 10 6 1 1 736 780 958
837 2 4 10 6 1 2 753 747 345
838 2 4 10 6 1 2 737 747 753
839 2 4 10 6 1 1 756 746 346
840 2 4 10 6 1 1 738 746 756
841 2 4 10 6 1 2 754 748 347
842 2 4 10 6 1 2 739 748 754
843 2 4 10 6 1 1 755 745 348
844 2 4 10 6 1 1 740 745 755
845 2 4 10 6 1 1 749 782 160
846 2 4 10 6 1 1 749 741 782
847 2 4 10 6 1 1 751 784 157
848 2 4 10 6 1 1 751 742 784
849 2 4 10 6 1 2 752 781 159
850 2 4 10 6 1 2 752 743 781
851 2 4 10 6 1 2 750 783 158
852 2 4 10 6 1 2 750 744 783
853 2 4 10 6 1 2 920 836 421
854 2 4 10 6 1 2 753 836 920
855 2 4 10 6 1 2 919 835 422
856 2 4 10 6 1 2 754 835 919
857 2 4 10 6 1 1 917 834 423
858 2 4 10 6 1 1 755 834 917
859 2 4 10 6 1 1 918 833 424
860 2 4 10 6 1 1 756 833 918
861 2 4 10 6 1 2 769 761 798
862 2 4 10 6 1 1 770 762 800
863 2 4 10 6 1 1 771 763 799
864 2 4 10 6 1 2 772 764 797
865 2 4 10 6 1 1 995 788 447
866 2 4 10 6 1 1 765 788 995
867 2 4 10 6 1 2 996 787 448
868 2 4 10 6 1 2 766 787 996
869 2 4 10 6 1 2 994 786 446
870 2 4 10 6 1 2 767 786 994
871 2 4 10 6 1 1 993 785 445
872 2 4 10 6 1 1 768 785 993
873 2 4 10 6 1 1 796 861 441
874 2 4 10 6 1 1 796 773 861
875 2 4 10 6 1 2 793 862 442
876 2 4 10 6 1 2 793 774 862
877 2 4 10 6 1 1 794 863 443
878 2 4 10 6 1 1 794 775 863
879 2 4 10 6 1 2 795 864 444
880 2 4 10 6 1 2 795 776 864
881 2 4 10 6 1 2 790 844 341
882 2 4 10 6 1 2 790 781 844
883 2 4 10 6 1 1 792 843 343
884 2 4 10 6 1 1 792 782 843
885 2 4 10 6 1 2 789 842 344
886 2 4 10 6 1 2 789 783 842
887 2 4 10 6 1 1 791 841 342
888 2 4 10 6 1 1 791 784 841
889 2 4 10 6 1 2 847 808 162
890 2 4 10 6 1 2 789 808 847
891 2 4 10 6 1 2 845 805 164
892 2 4 10 6 1 2 790 805 845
893 2 4 10 6 1 1 848 807 161
894 2 4 10 6 1 1 791 807 848
895 2 4 10 6 1 1 846 806 163
896 2 4 10 6 1 1 792 806 846
897 2 4 10 6 1 2 916 948 401
898 2 4 10 6 1 2 916 797 948
899 2 4 10 6 1 2 915 947 404
900 2 4 10 6 1 2 915 798 947
901 2 4 10 6 1 1 914 946 403
902 2 4 10 6 1 1 914 799 946
903 2 4 10 6 1 1 913 945 402
904 2 4 10 6 1 1 913 800 945
905 2 4 10 6 1 2 845 852 159
906 2 4 10 6 1 2 847 849 158
907 2 4 10 6 1 1 846 850 160
908 2 4 10 6 1 1 848 851 157
909 2 4 10 6 1 2 829 899 225
910 2 4 10 6 1 2 830 900 226
911 2 4 10 6 1 1 831 897 228
912 2 4 10 6 1 1 832 898 227
913 2 4 10 6 1 2 905 853 376
914 2 4 10 6 1 2 906 854 375
915 2 4 10 6 1 1 908 856 373
916 2 4 10 6 1 1 907 855 374
917 2 4 10 6 1 2 873 905 376
918 2 4 10 6 1 2 873 829 905
919 2 4 10 6 1 2 874 906 375
920 2 4 10 6 1 2 874 830 906
921 2 4 10 6 1 1 875 908 373
922 2 4 10 6 1 1 875 831 908
923 2 4 10 6 1 1 876 907 374
924 2 4 10 6 1 1 876 832 907
925 2 4 10 6 1 1 1013 997 267
926 2 4 10 6 1 2 1015 998 268
927 2 4 10 6 1 1 1014 999 265
928 2 4 10 6 1 2 1016 1000 266
929 2 4 10 6 1 2 941 428 180
930 2 4 10 6 1 2 496 941 180
931 2 4 10 6 1 2 941 496 248
932 2 4 10 6 1 1 942 427 179
933 2 4 10 6 1 1 495 942 179
934 2 4 10 6 1 1 942 495 247
935 2 4 10 6 1 2 943 426 178
936 2 4 10 6 1 2 494 943 178
937 2 4 10 6 1 2 943 494 245
938 2 4 10 6 1 1 944 425 177
939 2 4 10 6 1 1 493 944 177
940 2 4 10 6 1 1 944 493 246
941 2 4 10 6 1 1 955 397 949
942 2 4 10 6 1 2 953 398 950
943 2 4 10 6 1 2 954 399 951
944 2 4 10 6 1 1 956 400 952
945 2 4 10 6 1 2 52 885 51
946 2 4 10 6 1 1 13 886 12
947 2 4 10 6 1 1 129 887 128
948 2 4 10 6 1 2 91 888 90
949 2 4 10 6 1 1 909 726 371
950 2 4 10 6 1 2 910 725 370
951 2 4 10 6 1 1 911 728 369
952 2 4 10 6 1 2 912 727 372
953 2 4 10 6 1 2 27 933 26
954 2 4 10 6 1 1 143 934 142
955 2 4 10 6 1 1 105 935 104
956 2 4 10 6 1 2 66 936 65
957 2 4 10 6 1 2 933 25 26
958 2 4 10 6 1 1 934 141 142
959 2 4 10 6 1 1 935 103 104
960 2 4 10 6 1 2 936 64 65
961 2 4 10 6 1 1 821 101 102
962 2 4 10 6 1 1 822 139 140
963 2 4 10 6 1 2 823 23 24
964 2 4 10 6 1 2 824 62 63
965 2 4 10 6 1 2 88 901 87
966 2 4 10 6 1 2 901 88 505
967 2 4 10 6 1 1 126 902 125
968 2 4 10 6 1 1 902 126 506
969 2 4 10 6 1 1 10 903 9
970 2 4 10 6 1 1 903 10 507
971 2 4 10 6 1 2 49 904 48
972 2 4 10 6 1 2 904 49 508
973 2 4 10 6 1 2 477 526 529
974 2 4 10 6 1 2 497 529 526
975 2 4 10 6 1 1 478 525 530
976 2 4 10 6 1 1 498 530 525
977 2 4 10 6 1 1 479 528 531
978 2 4 10 6 1 1 499 531 528
979 2 4 10 6 1 2 480 527 532
980 2 4 10 6 1 2 500 532 527
981 2 4 10 6 1 2 243 901 505
982 2 4 10 6 1 1 244 902 506
983 2 4 10 6 1 1 241 903 507
984 2 4 10 6 1 2 242 904 508
985 2 4 10 6 1 2 921 436 401
986 2 4 10 6 1 2 510 921 401
987 2 4 10 6 1 2 921 510 236
988 2 4 10 6 1 1 922 434 403
989 2 4 10 6 1 1 511 922 403
990 2 4 10 6 1 1 922 511 234
991 2 4 10 6 1 1 923 435 402
992 2 4 10 6 1 1 509 923 402
993 2 4 10 6 1 1 923 509 235
994 2 4 10 6 1 2 924 433 404
995 2 4 10 6 1 2 512 924 404
996 2 4 10 6 1 2 924 512 233
997 2 4 10 6 1 2 464 989 529
998 2 4 10 6 1 2 989 477 529
999 2 4 10 6 1 2 477 989 76
1000 2 4 10 6 1 1 463 990 530
1001 2 4 10 6 1 1 990 478 530
1002 2 4 10 6 1 1 478 990 115
1003 2 4 10 6 1 1 461 991 531
1004 2 4 10 6 1 1 991 479 531
1005 2 4 10 6 1 1 479 991 153
1006 2 4 10 6 1 2 462 992 532
1007 2 4 10 6 1 2 992 480 532
1008 2 4 10 6 1 2 480 992 37
1009 2 4 10 6 1 2 238 937 250
1010 2 4 10 6 1 2 937 238 387
1011 2 4 10 6 1 2 937 442 978
1012 2 4 10 6 1 2 937 978 250
1013 2 4 10 6 1 2 239 938 252
1014 2 4 10 6 1 2 938 239 386
1015 2 4 10 6 1 2 938 444 980
1016 2 4 10 6 1 2 938 980 252
1017 2 4 10 6 1 1 240 939 251
1018 2 4 10 6 1 1 939 240 385
1019 2 4 10 6 1 1 939 443 979
1020 2 4 10 6 1 1 939 979 251
1021 2 4 10 6 1 1 237 940 249
1022 2 4 10 6 1 1 940 237 388
1023 2 4 10 6 1 1 940 441 977
1024 2 4 10 6 1 1 940 977 249
1025 2 4 10 6 1 1 977 265 257
1026 2 4 10 6 1 1 977 1014 265
1027 2 4 10 6 1 1 977 441 861
1028 2 4 10 6 1 1 977 861 1014
1029 2 4 10 6 1 2 978 266 258
1030 2 4 10 6 1 2 978 1016 266
1031 2 4 10 6 1 2 978 442 862
1032 2 4 10 6 1 2 978 862 1016
1033 2 4 10 6 1 1 979 267 259
1034 2 4 10 6 1 1 979 1013 267
1035 2 4 10 6 1 1 979 443 863
1036 2 4 10 6 1 1 979 863 1013
1037 2 4 10 6 1 2 980 268 260
1038 2 4 10 6 1 2 980 1015 268
1039 2 4 10 6 1 2 980 444 864
1040 2 4 10 6 1 2 980 864 1015
1041 2 4 10 6 1 2 713 869 340
1042 2 4 10 6 1 2 379 869 675
1043 2 4 10 6 1 2 869 379 214
1044 2 4 10 6 1 2 713 675 869
1045 2 4 10 6 1 2 714 870 339
1046 2 4 10 6 1 2 377 870 673
1047 2 4 10 6 1 2 870 377 216
1048 2 4 10 6 1 2 714 673 870
1049 2 4 10 6 1 1 715 871 338
1050 2 4 10 6 1 1 378 871 676
1051 2 4 10 6 1 1 871 378 215
1052 2 4 10 6 1 1 715 676 871
1053 2 4 10 6 1 1 716 872 337
1054 2 4 10 6 1 1 380 872 674
1055 2 4 10 6 1 1 872 380 213
1056 2 4 10 6 1 1 716 674 872
1057 2 4 10 6 1 1 378 957 215
1058 2 4 10 6 1 1 957 378 759
1059 2 4 10 6 1 1 957 859 407
1060 2 4 10 6 1 1 957 759 859
1061 2 4 10 6 1 1 380 958 213
1062 2 4 10 6 1 1 958 380 757
1063 2 4 10 6 1 1 958 857 405
1064 2 4 10 6 1 1 958 757 857
1065 2 4 10 6 1 2 379 959 214
1066 2 4 10 6 1 2 959 379 758
1067 2 4 10 6 1 2 959 858 406
1068 2 4 10 6 1 2 959 758 858
1069 2 4 10 6 1 2 377 960 216
1070 2 4 10 6 1 2 960 377 760
1071 2 4 10 6 1 2 960 860 408
1072 2 4 10 6 1 2 960 760 860
1073 2 4 10 6 1 2 873 167 392
1074 2 4 10 6 1 2 874 165 391
1075 2 4 10 6 1 1 875 166 390
1076 2 4 10 6 1 1 876 168 389
1077 2 4 10 6 1 1 961 420 813
1078 2 4 10 6 1 1 961 424 489
1079 2 4 10 6 1 1 961 918 424
1080 2 4 10 6 1 1 961 813 918
1081 2 4 10 6 1 2 962 417 814
1082 2 4 10 6 1 2 962 421 490
1083 2 4 10 6 1 2 962 920 421
1084 2 4 10 6 1 2 962 814 920
1085 2 4 10 6 1 1 963 419 816
1086 2 4 10 6 1 1 963 423 491
1087 2 4 10 6 1 1 963 917 423
1088 2 4 10 6 1 1 963 816 917
1089 2 4 10 6 1 2 964 418 815
1090 2 4 10 6 1 2 964 422 492
1091 2 4 10 6 1 2 964 919 422
1092 2 4 10 6 1 2 964 815 919
1093 2 4 10 6 1 1 111 112 773
1094 2 4 10 6 1 1 112 409 773
1095 2 4 10 6 1 2 72 73 774
1096 2 4 10 6 1 2 73 411 774
1097 2 4 10 6 1 1 149 150 775
1098 2 4 10 6 1 1 150 412 775
1099 2 4 10 6 1 2 33 34 776
1100 2 4 10 6 1 2 34 410 776
1101 2 4 10 6 1 2 973 410 35
1102 2 4 10 6 1 2 1015 410 973
1103 2 4 10 6 1 2 462 998 973
1104 2 4 10 6 1 2 973 998 1015
1105 2 4 10 6 1 1 974 409 113
1106 2 4 10 6 1 1 1014 409 974
1107 2 4 10 6 1 1 463 999 974
1108 2 4 10 6 1 1 974 999 1014
1109 2 4 10 6 1 2 975 411 74
1110 2 4 10 6 1 2 1016 411 975
1111 2 4 10 6 1 2 464 1000 975
1112 2 4 10 6 1 2 975 1000 1016
1113 2 4 10 6 1 1 976 412 151
1114 2 4 10 6 1 1 1013 412 976
1115 2 4 10 6 1 1 461 997 976
1116 2 4 10 6 1 1 976 997 1013
1117 2 4 10 6 1 2 894 795 386
1118 2 4 10 6 1 2 938 386 795
1119 2 4 10 6 1 1 893 794 385
1120 2 4 10 6 1 1 939 385 794
1121 2 4 10 6 1 1 896 796 388
1122 2 4 10 6 1 1 940 388 796
1123 2 4 10 6 1 2 895 793 387
1124 2 4 10 6 1 2 937 387 793
1125 2 4 10 6 1 2 881 398 367
1126 2 4 10 6 1 2 839 398 881
1127 2 4 10 6 1 2 239 839 881
1128 2 4 10 6 1 1 882 397 366
1129 2 4 10 6 1 1 837 397 882
1130 2 4 10 6 1 1 240 837 882
1131 2 4 10 6 1 1 883 400 365
1132 2 4 10 6 1 1 840 400 883
1133 2 4 10 6 1 1 237 840 883
1134 2 4 10 6 1 2 884 399 368
1135 2 4 10 6 1 2 838 399 884
1136 2 4 10 6 1 2 238 838 884
1137 2 4 10 6 1 1 833 228 424
1138 2 4 10 6 1 1 908 228 833
1139 2 4 10 6 1 1 346 856 833
1140 2 4 10 6 1 1 833 856 908
1141 2 4 10 6 1 1 834 227 423
1142 2 4 10 6 1 1 907 227 834
1143 2 4 10 6 1 1 348 855 834
1144 2 4 10 6 1 1 834 855 907
1145 2 4 10 6 1 2 835 226 422
1146 2 4 10 6 1 2 906 226 835
1147 2 4 10 6 1 2 347 854 835
1148 2 4 10 6 1 2 835 854 906
1149 2 4 10 6 1 2 836 225 421
1150 2 4 10 6 1 2 905 225 836
1151 2 4 10 6 1 2 345 853 836
1152 2 4 10 6 1 2 836 853 905
1153 2 4 10 6 1 1 825 447 231
1154 2 4 10 6 1 1 825 995 447
1155 2 4 10 6 1 1 825 729 995
1156 2 4 10 6 1 2 826 448 232
1157 2 4 10 6 1 2 826 996 448
1158 2 4 10 6 1 2 826 730 996
1159 2 4 10 6 1 2 827 446 230
1160 2 4 10 6 1 2 827 994 446
1161 2 4 10 6 1 2 827 731 994
1162 2 4 10 6 1 1 828 445 229
1163 2 4 10 6 1 1 828 993 445
1164 2 4 10 6 1 1 828 732 993
1165 2 4 10 6 1 2 230 925 368
1166 2 4 10 6 1 2 925 230 446
1167 2 4 10 6 1 2 884 368 925
1168 2 4 10 6 1 1 229 926 365
1169 2 4 10 6 1 1 926 229 445
1170 2 4 10 6 1 1 883 365 926
1171 2 4 10 6 1 1 231 927 366
1172 2 4 10 6 1 1 927 231 447
1173 2 4 10 6 1 1 882 366 927
1174 2 4 10 6 1 2 232 928 367
1175 2 4 10 6 1 2 928 232 448
1176 2 4 10 6 1 2 881 367 928
1177 2 4 10 6 1 1 353 969 785
1178 2 4 10 6 1 1 896 969 353
1179 2 4 10 6 1 1 388 969 896
1180 2 4 10 6 1 1 785 969 926
1181 2 4 10 6 1 2 354 970 786
1182 2 4 10 6 1 2 895 970 354
1183 2 4 10 6 1 2 387 970 895
1184 2 4 10 6 1 2 786 970 925
1185 2 4 10 6 1 2 355 971 787
1186 2 4 10 6 1 2 894 971 355
1187 2 4 10 6 1 2 386 971 894
1188 2 4 10 6 1 2 787 971 928
1189 2 4 10 6 1 1 356 972 788
1190 2 4 10 6 1 1 893 972 356
1191 2 4 10 6 1 1 385 972 893
1192 2 4 10 6 1 1 788 972 927
1193 2 4 10 6 1 2 396 169 173
1194 2 4 10 6 1 2 1005 396 173
1195 2 4 10 6 1 2 169 951 173
1196 2 4 10 6 1 1 395 170 174
1197 2 4 10 6 1 1 1008 395 174
1198 2 4 10 6 1 1 170 952 174
1199 2 4 10 6 1 1 394 172 175
1200 2 4 10 6 1 1 1007 394 175
1201 2 4 10 6 1 1 172 949 175
1202 2 4 10 6 1 2 393 171 176
1203 2 4 10 6 1 2 1006 393 176
1204 2 4 10 6 1 2 171 950 176
1205 2 4 10 6 1 2 829 392 1009
1206 2 4 10 6 1 2 829 1009 899
1207 2 4 10 6 1 2 830 391 1010
1208 2 4 10 6 1 2 830 1010 900
1209 2 4 10 6 1 1 831 390 1011
1210 2 4 10 6 1 1 831 1011 897
1211 2 4 10 6 1 1 832 389 1012
1212 2 4 10 6 1 1 832 1012 898
1213 2 4 10 6 1 2 1005 426 943
1214 2 4 10 6 1 2 233 984 1005
1215 2 4 10 6 1 2 1005 943 233
1216 2 4 10 6 1 2 1006 428 941
1217 2 4 10 6 1 2 236 983 1006
1218 2 4 10 6 1 2 1006 941 236
1219 2 4 10 6 1 1 1007 427 942
1220 2 4 10 6 1 1 235 982 1007
1221 2 4 10 6 1 1 1007 942 235
1222 2 4 10 6 1 1 1008 425 944
1223 2 4 10 6 1 1 234 981 1008
1224 2 4 10 6 1 1 1008 944 234
1225 2 4 10 6 1 2 954 986 368
1226 2 4 10 6 1 2 953 987 367
1227 2 4 10 6 1 1 955 988 366
1228 2 4 10 6 1 1 956 985 365
1229 2 4 10 6 1 2 533 1049 1036
1230 2 4 10 6 1 1 534 1050 1035
1231 2 4 10 6 1 1 536 1051 1034
1232 2 4 10 6 1 2 535 1052 1033
1233 2 4 10 6 1 1 1053 536 1034
1234 2 4 10 6 1 2 1054 535 1033
1235 2 4 10 6 1 1 1055 534 1035
1236 2 4 10 6 1 2 1056 533 1036
1237 2 4 10 6 1 2 1061 567 1033
1238 2 4 10 6 1 1 1062 568 1034
1239 2 4 10 6 1 2 1063 566 1036
1240 2 4 10 6 1 1 1064 565 1035
1241 2 4 10 6 1 1 537 1069 1062
1242 2 5 10 6 2 2 -1 538 1070 1061
1243 2 4 10 6 1 1 540 1071 1064
1244 2 4 10 6 1 2 539 1072 1063
1245 2 4 10 6 1 2 1081 533 1056
1246 2 4 10 6 1 1 1082 534 1055
1247 2 4 10 6 1 1 1083 536 1053
1248 2 4 10 6 1 2 1084 535 1054
1249 2 5 10 6 2 1 -2 1085 537 1047
1250 2 5 10 6 2 1 -2 537 1085 1069
1251 2 5 10 6 2 1 -2 1086 538 1048
1252 2 5 10 6 2 1 -2 538 1086 1070
1253 2 4 10 6 1 2 1087 539 1046
1254 2 4 10 6 1 2 539 1087 1072
1255 2 4 10 6 1 1 1088 540 1045
1256 2 4 10 6 1 1 540 1088 1071
1257 2 4 10 6 1 2 579 1093 1068
1258 2 4 10 6 1 1 580 1094 1065
1259 2 5 10 6 2 2 -1 578 1095 1066
1260 2 4 10 6 1 2 577 1096 1067
1261 2 4 10 6 1 1 1101 293 1041
1262 2 4 10 6 1 1 1101 559 1073
1263 2 4 10 6 1 2 1102 294 1042
1264 2 4 10 6 1 2 1102 558 1074
1265 2 5 10 6 2 2 -1 1103 295 1044
1266 2 4 10 6 1 2 1103 560 1075
1267 2 5 10 6 2 1 -2 1104 296 1043
1268 2 4 10 6 1 1 1104 557 1076
1269 2 5 10 6 2 1 -2 1109 542 1044
1270 2 4 10 6 1 1 1110 543 1041
1271 2 5 10 6 2 2 -1 1111 544 1043
1272 2 4 10 6 1 2 1112 541 1042
1273 2 5 10 6 2 1 -2 1113 296 1069
1274 2 5 10 6 2 1 -2 1114 295 1070
1275 2 4 10 6 1 2 1115 294 1072
1276 2 4 10 6 1 1 1116 293 1071
1277 2 4 10 6 1 2 561 1121 1115
1278 2 4 10 6 1 1 563 1122 1116
1279 2 5 10 6 2 2 -1 564 1123 1113
1280 2 4 10 6 1 1 562 1124 1114
1281 2 4 10 6 1 2 1125 541 1021
1282 2 4 10 6 1 2 1125 586 1077
1283 2 5 10 6 2 1 -2 1126 542 1024
1284 2 5 10 6 2 2 -1 1126 588 1078
1285 2 5 10 6 2 1 -2 1127 544 1022
1286 2 4 10 6 1 1 1127 585 1080
1287 2 4 10 6 1 1 1128 543 1023
1288 2 4 10 6 1 1 1128 587 1079
1289 2 4 10 6 1 2 1129 308 1106
1290 2 4 10 6 1 1 1130 307 1108
1291 2 4 10 6 1 2 1131 305 1107
1292 2 4 10 6 1 1 1132 306 1105
1293 2 4 10 6 1 1 1133 565 1073
1294 2 4 10 6 1 1 1133 553 1108
1295 2 4 10 6 1 2 1134 566 1074
1296 2 4 10 6 1 2 1134 554 1107
1297 2 4 10 6 1 2 1135 567 1075
1298 2 4 10 6 1 2 1135 555 1106
1299 2 4 10 6 1 1 1136 568 1076
1300 2 4 10 6 1 1 1136 556 1105
1301 2 4 10 6 1 2 561 1137 1121
1302 2 4 10 6 1 1 563 1138 1122
1303 2 4 10 6 1 2 564 1139 1123
1304 2 4 10 6 1 1 562 1140 1124
1305 2 4 10 6 1 2 305 1145 1056
1306 2 4 10 6 1 2 564 1145 1139
1307 2 4 10 6 1 1 307 1146 1055
1308 2 4 10 6 1 1 562 1146 1140
1309 2 4 10 6 1 2 308 1147 1054
1310 2 4 10 6 1 2 561 1147 1137
1311 2 4 10 6 1 1 306 1148 1053
1312 2 4 10 6 1 1 563 1148 1138
1313 2 4 10 6 1 2 294 1149 1042
1314 2 4 10 6 1 2 1149 294 1115
1315 2 4 10 6 1 1 293 1150 1041
1316 2 4 10 6 1 1 1150 293 1116
1317 2 5 10 6 2 1 -2 295 1151 1044
1318 2 5 10 6 2 1 -2 1151 295 1114
1319 2 5 10 6 2 2 -1 296 1152 1043
1320 2 5 10 6 2 2 -1 1152 296 1113
1321 2 4 10 6 1 1 568 1153 1034
1322 2 4 10 6 1 1 306 1153 1105
1323 2 4 10 6 1 2 567 1154 1033
1324 2 4 10 6 1 2 308 1154 1106
1325 2 4 10 6 1 1 565 1155 1035
1326 2 4 10 6 1 1 307 1155 1108
1327 2 4 10 6 1 2 566 1156 1036
1328 2 4 10 6 1 2 305 1156 1107
1329 2 4 10 6 1 1 568 1157 1076
1330 2 4 10 6 1 1 1157 568 1062
1331 2 4 10 6 1 1 565 1158 1073
1332 2 4 10 6 1 1 1158 565 1064
1333 2 4 10 6 1 2 566 1159 1074
1334 2 4 10 6 1 2 1159 566 1063
1335 2 4 10 6 1 2 567 1160 1075
1336 2 4 10 6 1 2 1160 567 1061
1337 2 4 10 6 1 2 575 1169 1112
1338 2 4 10 6 1 1 576 1170 1109
1339 2 4 10 6 1 1 574 1171 1110
1340 2 4 10 6 1 2 573 1172 1111
1341 2 4 10 6 1 1 543 1173 1041
1342 2 4 10 6 1 1 559 1173 1079
1343 2 4 10 6 1 2 541 1174 1042
1344 2 4 10 6 1 2 558 1174 1077
1345 2 5 10 6 2 1 -2 542 1175 1044
1346 2 5 10 6 2 2 -1 560 1175 1078
1347 2 5 10 6 2 1 -2 544 1176 1043
1348 2 4 10 6 1 1 557 1176 1080
1349 2 4 10 6 1 2 1177 560 1078
1350 2 4 10 6 1 2 1177 333 1118
1351 2 4 10 6 1 1 1178 559 1079
1352 2 4 10 6 1 1 1178 336 1120
1353 2 4 10 6 1 2 1179 558 1077
1354 2 4 10 6 1 2 1179 334 1119
1355 2 4 10 6 1 1 1180 557 1080
1356 2 4 10 6 1 1 1180 335 1117
1357 2 4 10 6 1 2 569 1181 1129
1358 2 4 10 6 1 2 571 1182 1131
1359 2 4 10 6 1 1 570 1183 1132
1360 2 4 10 6 1 1 572 1184 1130
1361 2 4 10 6 1 2 1189 305 1131
1362 2 4 10 6 1 2 1189 608 1139
1363 2 4 10 6 1 1 1190 307 1130
1364 2 4 10 6 1 1 1190 607 1140
1365 2 4 10 6 1 2 1191 308 1129
1366 2 4 10 6 1 2 1191 606 1137
1367 2 4 10 6 1 1 1192 306 1132
1368 2 4 10 6 1 1 1192 605 1138
1369 2 4 10 6 1 2 1193 575 1121
1370 2 4 10 6 1 1 1194 576 1124
1371 2 4 10 6 1 1 1195 574 1122
1372 2 4 10 6 1 2 1196 573 1123
1373 2 4 10 6 1 1 645 1201 1165
1374 2 4 10 6 1 1 1201 645 1057
1375 2 4 10 6 1 2 647 1202 1168
1376 2 4 10 6 1 2 1202 647 1059
1377 2 4 10 6 1 1 646 1203 1167
1378 2 4 10 6 1 1 1203 646 1058
1379 2 4 10 6 1 2 648 1204 1166
1380 2 4 10 6 1 2 1204 648 1060
1381 2 4 10 6 1 1 1213 553 1120
1382 2 4 10 6 1 1 1213 611 1209
1383 2 4 10 6 1 1 1214 556 1117
1384 2 4 10 6 1 1 1214 609 1212
1385 2 4 10 6 1 2 1215 554 1119
1386 2 4 10 6 1 2 1215 610 1210
1387 2 4 10 6 1 2 1216 555 1118
1388 2 4 10 6 1 2 1216 612 1211
1389 2 4 10 6 1 2 560 1217 1075
1390 2 4 10 6 1 2 555 1217 1118
1391 2 4 10 6 1 1 557 1218 1076
1392 2 4 10 6 1 1 556 1218 1117
1393 2 4 10 6 1 1 559 1219 1073
1394 2 4 10 6 1 1 553 1219 1120
1395 2 4 10 6 1 2 558 1220 1074
1396 2 4 10 6 1 2 554 1220 1119
1397 2 4 10 6 1 1 641 1221 357
1398 2 4 10 6 1 1 821 1221 1057
1399 2 4 10 6 1 1 642 1222 360
1400 2 4 10 6 1 1 822 1222 1058
1401 2 4 10 6 1 2 643 1223 359
1402 2 4 10 6 1 2 823 1223 1059
1403 2 4 10 6 1 2 644 1224 358
1404 2 4 10 6 1 2 824 1224 1060
1405 2 4 10 6 1 2 1225 606 1181
1406 2 4 10 6 1 1 1226 605 1183
1407 2 4 10 6 1 2 1227 608 1182
1408 2 4 10 6 1 1 1228 607 1184
1409 2 4 10 6 1 2 1229 588 1096
1410 2 4 10 6 1 2 1229 582 1141
1411 2 5 10 6 2 1 -2 1230 585 1095
1412 2 4 10 6 1 1 1230 581 1144
1413 2 4 10 6 1 2 1231 586 1093
1414 2 4 10 6 1 2 1231 583 1143
1415 2 4 10 6 1 1 1232 587 1094
1416 2 4 10 6 1 1 1232 584 1142
1417 2 4 10 6 1 2 1233 549 1172
1418 2 4 10 6 1 1 1234 552 1171
1419 2 4 10 6 1 1 1235 551 1170
1420 2 4 10 6 1 2 1236 550 1169
1421 2 4 10 6 1 2 586 1237 1077
1422 2 4 10 6 1 2 334 1237 1143
1423 2 4 10 6 1 1 585 1238 1080
1424 2 4 10 6 1 1 335 1238 1144
1425 2 4 10 6 1 1 587 1239 1079
1426 2 4 10 6 1 1 336 1239 1142
1427 2 4 10 6 1 2 588 1240 1078
1428 2 4 10 6 1 2 333 1240 1141
1429 2 5 10 6 2 2 -1 544 1241 1022
1430 2 5 10 6 2 2 -1 1241 544 1111
1431 2 4 10 6 1 1 543 1242 1023
1432 2 4 10 6 1 1 1242 543 1110
1433 2 4 10 6 1 1 542 1243 1024
1434 2 4 10 6 1 1 1243 542 1109
1435 2 4 10 6 1 2 541 1244 1021
1436 2 4 10 6 1 2 1244 541 1112
1437 2 4 10 6 1 2 1253 571 1210
1438 2 4 10 6 1 1 1254 570 1212
1439 2 4 10 6 1 2 1255 569 1211
1440 2 4 10 6 1 1 1256 572 1209
1441 2 4 10 6 1 2 299 1257 1206
1442 2 4 10 6 1 2 298 1258 1207
1443 2 4 10 6 1 1 297 1259 1208
1444 2 4 10 6 1 1 300 1260 1205
1445 2 4 10 6 1 2 555 1261 1106
1446 2 4 10 6 1 2 569 1261 1211
1447 2 4 10 6 1 2 554 1262 1107
1448 2 4 10 6 1 2 571 1262 1210
1449 2 4 10 6 1 1 556 1263 1105
1450 2 4 10 6 1 1 570 1263 1212
1451 2 4 10 6 1 1 553 1264 1108
1452 2 4 10 6 1 1 572 1264 1209
1453 2 4 10 6 1 1 572 1265 1184
1454 2 4 10 6 1 1 1265 572 1256
1455 2 4 10 6 1 2 571 1266 1182
1456 2 4 10 6 1 2 1266 571 1253
1457 2 4 10 6 1 1 570 1267 1183
1458 2 4 10 6 1 1 1267 570 1254
1459 2 4 10 6 1 2 569 1268 1181
1460 2 4 10 6 1 2 1268 569 1255
1461 2 4 10 6 1 2 1269 334 1143
1462 2 4 10 6 1 2 1269 613 1187
1463 2 4 10 6 1 1 1270 336 1142
1464 2 4 10 6 1 1 1270 615 1188
1465 2 4 10 6 1 1 1271 335 1144
1466 2 4 10 6 1 1 1271 614 1185
1467 2 4 10 6 1 2 1272 333 1141
1468 2 4 10 6 1 2 1272 616 1186
1469 2 4 10 6 1 2 610 1273 1210
1470 2 4 10 6 1 2 612 1274 1211
1471 2 4 10 6 1 1 611 1275 1209
1472 2 4 10 6 1 1 609 1276 1212
1473 2 4 10 6 1 1 1281 208 1275
1474 2 4 10 6 1 2 1282 206 1273
1475 2 4 10 6 1 2 1283 205 1274
1476 2 4 10 6 1 1 1284 207 1276
1477 2 4 10 6 1 1 208 1285 1256
1478 2 4 10 6 1 2 206 1286 1253
1479 2 4 10 6 1 1 207 1287 1254
1480 2 4 10 6 1 2 205 1288 1255
1481 2 4 10 6 1 2 1289 573 1196
1482 2 4 10 6 1 2 573 1289 1172
1483 2 4 10 6 1 1 1290 574 1195
1484 2 4 10 6 1 1 574 1290 1171
1485 2 4 10 6 1 1 1291 576 1194
1486 2 4 10 6 1 1 576 1291 1170
1487 2 4 10 6 1 2 1292 575 1193
1488 2 4 10 6 1 2 575 1292 1169
1489 2 4 10 6 1 1 1293 600 1089
1490 2 4 10 6 1 2 1294 599 1090
1491 2 4 10 6 1 1 1295 598 1091
1492 2 4 10 6 1 2 1296 597 1092
1493 2 4 10 6 1 2 547 1297 1026
1494 2 4 10 6 1 2 579 1297 1163
1495 2 4 10 6 1 1 546 1298 1025
1496 2 4 10 6 1 1 580 1298 1162
1497 2 5 10 6 2 2 -1 545 1299 1027
1498 2 4 10 6 1 2 577 1299 1161
1499 2 5 10 6 2 2 -1 548 1300 1028
1500 2 5 10 6 2 1 -2 578 1300 1164
1501 2 4 10 6 1 2 1301 647 1168
1502 2 4 10 6 1 1 1302 645 1165
1503 2 4 10 6 1 1 1303 646 1167
1504 2 4 10 6 1 2 1304 648 1166
1505 2 4 10 6 1 2 333 1305 1118
1506 2 4 10 6 1 2 612 1305 1186
1507 2 4 10 6 1 1 335 1306 1117
1508 2 4 10 6 1 1 609 1306 1185
1509 2 4 10 6 1 1 336 1307 1120
1510 2 4 10 6 1 1 611 1307 1188
1511 2 4 10 6 1 2 334 1308 1119
1512 2 4 10 6 1 2 610 1308 1187
1513 2 4 10 6 1 1 551 1309 1032
1514 2 4 10 6 1 2 550 1310 1029
1515 2 4 10 6 1 1 552 1311 1031
1516 2 4 10 6 1 2 549 1312 1030
1517 2 4 10 6 1 2 331 1313 687
1518 2 4 10 6 1 1 329 1314 686
1519 2 4 10 6 1 2 330 1315 685
1520 2 4 10 6 1 1 332 1316 688
1521 2 5 10 6 2 2 -1 548 1317 1200
1522 2 5 10 6 2 2 -1 545 1318 1199
1523 2 4 10 6 1 2 547 1319 1198
1524 2 4 10 6 1 1 546 1320 1197
1525 2 4 10 6 1 1 603 1325 1228
1526 2 4 10 6 1 2 604 1326 1227
1527 2 4 10 6 1 1 602 1327 1226
1528 2 4 10 6 1 2 601 1328 1225
1529 2 4 10 6 1 2 610 1329 1273
1530 2 4 10 6 1 2 1329 610 1187
1531 2 4 10 6 1 1 611 1330 1275
1532 2 4 10 6 1 1 1330 611 1188
1533 2 4 10 6 1 2 612 1331 1274
1534 2 4 10 6 1 2 1331 612 1186
1535 2 4 10 6 1 1 609 1332 1276
1536 2 4 10 6 1 1 1332 609 1185
1537 2 4 10 6 1 2 1333 608 1227
1538 2 4 10 6 1 2 608 1333 1196
1539 2 4 10 6 1 1 1334 607 1228
1540 2 4 10 6 1 1 607 1334 1194
1541 2 4 10 6 1 2 1335 606 1225
1542 2 4 10 6 1 2 606 1335 1193
1543 2 4 10 6 1 1 1336 605 1226
1544 2 4 10 6 1 1 605 1336 1195
1545 2 4 10 6 1 2 1337 654 621
1546 2 4 10 6 1 1 1338 656 622
1547 2 4 10 6 1 2 1339 653 623
1548 2 4 10 6 1 1 1340 655 624
1549 2 4 10 6 1 1 596 1341 1281
1550 2 4 10 6 1 1 593 1342 1284
1551 2 4 10 6 1 2 595 1343 1282
1552 2 4 10 6 1 2 594 1344 1283
1553 2 4 10 6 1 1 311 1345 1165
1554 2 4 10 6 1 1 310 1346 1167
1555 2 4 10 6 1 2 309 1347 1166
1556 2 4 10 6 1 2 312 1348 1168
1557 2 4 10 6 1 2 613 1349 1187
1558 2 4 10 6 1 2 595 1349 1206
1559 2 4 10 6 1 1 615 1350 1188
1560 2 4 10 6 1 1 596 1350 1205
1561 2 4 10 6 1 1 614 1351 1185
1562 2 4 10 6 1 1 593 1351 1208
1563 2 4 10 6 1 2 616 1352 1186
1564 2 4 10 6 1 2 594 1352 1207
1565 2 4 10 6 1 2 1353 620 1161
1566 2 5 10 6 2 2 -1 1353 545 1199
1567 2 5 10 6 2 1 -2 1354 619 1164
1568 2 5 10 6 2 2 -1 1354 548 1200
1569 2 4 10 6 1 1 1355 618 1162
1570 2 4 10 6 1 1 1355 546 1197
1571 2 4 10 6 1 2 1356 617 1163
1572 2 4 10 6 1 2 1356 547 1198
1573 2 4 10 6 1 2 583 1357 1143
1574 2 4 10 6 1 2 613 1357 1279
1575 2 4 10 6 1 1 584 1358 1142
1576 2 4 10 6 1 1 615 1358 1280
1577 2 4 10 6 1 1 581 1359 1144
1578 2 4 10 6 1 1 614 1359 1277
1579 2 4 10 6 1 2 582 1360 1141
1580 2 4 10 6 1 2 616 1360 1278
1581 2 4 10 6 1 2 1361 577 1161
1582 2 4 10 6 1 2 1361 330 1249
1583 2 4 10 6 1 1 1362 580 1162
1584 2 4 10 6 1 1 1362 332 1251
1585 2 5 10 6 2 1 -2 1363 578 1164
1586 2 4 10 6 1 1 1363 329 1250
1587 2 4 10 6 1 2 1364 579 1163
1588 2 4 10 6 1 2 1364 331 1252
1589 2 4 10 6 1 1 1365 310 1167
1590 2 4 10 6 1 1 1365 642 1322
1591 2 4 10 6 1 2 1366 312 1168
1592 2 4 10 6 1 2 1366 643 1323
1593 2 4 10 6 1 2 1367 309 1166
1594 2 4 10 6 1 2 1367 644 1324
1595 2 4 10 6 1 1 1368 311 1165
1596 2 4 10 6 1 1 1368 641 1321
1597 2 4 10 6 1 2 1369 299 1206
1598 2 4 10 6 1 2 1369 613 1279
1599 2 4 10 6 1 1 1370 300 1205
1600 2 4 10 6 1 1 1370 615 1280
1601 2 4 10 6 1 1 1371 297 1208
1602 2 4 10 6 1 1 1371 614 1277
1603 2 4 10 6 1 2 1372 298 1207
1604 2 4 10 6 1 2 1372 616 1278
1605 2 4 10 6 1 2 577 1373 1096
1606 2 4 10 6 1 2 582 1373 1249
1607 2 5 10 6 2 1 -2 578 1374 1095
1608 2 4 10 6 1 1 581 1374 1250
1609 2 4 10 6 1 2 579 1375 1093
1610 2 4 10 6 1 2 583 1375 1252
1611 2 4 10 6 1 1 580 1376 1094
1612 2 4 10 6 1 1 584 1376 1251
1613 2 4 10 6 1 1 1377 551 1235
1614 2 4 10 6 1 1 551 1377 1309
1615 2 4 10 6 1 2 1378 550 1236
1616 2 4 10 6 1 2 550 1378 1310
1617 2 4 10 6 1 2 1379 549 1233
1618 2 4 10 6 1 2 549 1379 1312
1619 2 4 10 6 1 1 1380 552 1234
1620 2 4 10 6 1 1 552 1380 1311
1621 2 5 10 6 2 1 -2 1381 627 1345
1622 2 4 10 6 1 1 1382 626 1346
1623 2 4 10 6 1 2 1383 625 1347
1624 2 5 10 6 2 2 -1 1384 628 1348
1625 2 4 10 6 1 2 1385 620 1323
1626 2 4 10 6 1 1 1386 619 1321
1627 2 4 10 6 1 1 1387 618 1322
1628 2 4 10 6 1 2 1388 617 1324
1629 2 4 10 6 1 2 1393 582 1249
1630 2 4 10 6 1 2 1394 583 1252
1631 2 4 10 6 1 1 1395 581 1250
1632 2 4 10 6 1 1 1396 584 1251
1633 2 4 10 6 1 2 599 1397 1390
1634 2 4 10 6 1 2 597 1398 1392
1635 2 4 10 6 1 1 598 1399 1391
1636 2 4 10 6 1 1 600 1400 1389
1637 2 4 10 6 1 2 312 1401 1199
1638 2 4 10 6 1 2 620 1401 1323
1639 2 5 10 6 2 1 -2 311 1402 1200
1640 2 4 10 6 1 1 619 1402 1321
1641 2 4 10 6 1 1 310 1403 1197
1642 2 4 10 6 1 1 618 1403 1322
1643 2 4 10 6 1 2 309 1404 1198
1644 2 4 10 6 1 2 617 1404 1324
1645 2 4 10 6 1 1 592 1405 1295
1646 2 4 10 6 1 2 591 1406 1294
1647 2 4 10 6 1 2 590 1407 1296
1648 2 4 10 6 1 1 589 1408 1293
1649 2 4 10 6 1 1 1409 637 701
1650 2 4 10 6 1 1 1409 208 1281
1651 2 4 10 6 1 1 1410 640 702
1652 2 4 10 6 1 1 1410 207 1284
1653 2 4 10 6 1 2 1411 639 703
1654 2 4 10 6 1 2 1411 205 1283
1655 2 4 10 6 1 2 1412 638 704
1656 2 4 10 6 1 2 1412 206 1282
1657 2 4 10 6 1 1 596 1413 1341
1658 2 4 10 6 1 1 1413 596 1205
1659 2 4 10 6 1 2 595 1414 1343
1660 2 4 10 6 1 2 1414 595 1206
1661 2 4 10 6 1 2 594 1415 1344
1662 2 4 10 6 1 2 1415 594 1207
1663 2 4 10 6 1 1 593 1416 1342
1664 2 4 10 6 1 1 1416 593 1208
1665 2 4 10 6 1 2 1417 591 1312
1666 2 4 10 6 1 2 1418 590 1310
1667 2 4 10 6 1 1 1419 589 1309
1668 2 4 10 6 1 1 1420 592 1311
1669 2 4 10 6 1 2 620 1425 1161
1670 2 4 10 6 1 2 330 1425 1315
1671 2 4 10 6 1 1 619 1426 1164
1672 2 4 10 6 1 1 329 1426 1314
1673 2 4 10 6 1 1 618 1427 1162
1674 2 4 10 6 1 1 332 1427 1316
1675 2 4 10 6 1 2 617 1428 1163
1676 2 4 10 6 1 2 331 1428 1313
1677 2 4 10 6 1 2 298 1429 1339
1678 2 4 10 6 1 2 299 1430 1337
1679 2 4 10 6 1 1 300 1431 1338
1680 2 4 10 6 1 1 297 1432 1340
1681 2 4 10 6 1 2 1433 309 1198
1682 2 4 10 6 1 2 309 1433 1347
1683 2 5 10 6 2 1 -2 1434 311 1200
1684 2 5 10 6 2 1 -2 311 1434 1345
1685 2 4 10 6 1 1 1435 310 1197
1686 2 4 10 6 1 1 310 1435 1346
1687 2 5 10 6 2 2 -1 1436 312 1199
1688 2 5 10 6 2 2 -1 312 1436 1348
1689 2 4 10 6 1 2 1441 933 27
1690 2 4 10 6 1 2 933 1441 382
1691 2 4 10 6 1 1 1442 934 143
1692 2 4 10 6 1 1 934 1442 384
1693 2 4 10 6 1 1 1443 935 105
1694 2 4 10 6 1 1 935 1443 381
1695 2 4 10 6 1 2 1444 936 66
1696 2 4 10 6 1 2 936 1444 383
1697 2 5 10 6 2 1 -2 1445 545 1027
1698 2 5 10 6 2 1 -2 545 1445 1318
1699 2 4 10 6 1 1 1446 546 1025
1700 2 4 10 6 1 1 546 1446 1320
1701 2 4 10 6 1 2 1447 547 1026
1702 2 4 10 6 1 2 547 1447 1319
1703 2 4 10 6 1 2 1448 548 1028
1704 2 4 10 6 1 2 548 1448 1317
1705 2 4 10 6 1 2 319 1449 711
1706 2 4 10 6 1 1 318 1450 710
1707 2 4 10 6 1 1 320 1451 709
1708 2 4 10 6 1 2 317 1452 712
1709 2 4 10 6 1 2 1453 590 1418
1710 2 4 10 6 1 2 590 1453 1407
1711 2 4 10 6 1 1 1454 589 1419
1712 2 4 10 6 1 1 589 1454 1408
1713 2 4 10 6 1 2 1455 591 1417
1714 2 4 10 6 1 2 591 1455 1406
1715 2 4 10 6 1 1 1456 592 1420
1716 2 4 10 6 1 1 592 1456 1405
1717 2 4 10 6 1 1 1457 106 878
1718 2 4 10 6 1 1 666 1457 878
1719 2 4 10 6 1 2 1458 67 877
1720 2 4 10 6 1 2 667 1458 877
1721 2 4 10 6 1 2 1459 28 879
1722 2 4 10 6 1 2 665 1459 879
1723 2 4 10 6 1 1 1460 144 880
1724 2 4 10 6 1 1 668 1460 880
1725 2 4 10 6 1 1 602 1461 1327
1726 2 4 10 6 1 2 601 1462 1328
1727 2 4 10 6 1 2 604 1463 1326
1728 2 4 10 6 1 1 603 1464 1325
1729 2 4 10 6 1 1 300 1465 1260
1730 2 4 10 6 1 1 297 1466 1259
1731 2 4 10 6 1 2 299 1467 1257
1732 2 4 10 6 1 2 298 1468 1258
1733 2 4 10 6 1 1 642 1473 1322
1734 2 4 10 6 1 1 1473 642 360
1735 2 4 10 6 1 2 644 1474 1324
1736 2 4 10 6 1 2 1474 644 358
1737 2 4 10 6 1 2 643 1475 1323
1738 2 4 10 6 1 2 1475 643 359
1739 2 4 10 6 1 1 641 1476 1321
1740 2 4 10 6 1 1 1476 641 357
1741 2 4 10 6 1 2 162 1481 165
1742 2 4 10 6 1 2 164 1482 167
1743 2 4 10 6 1 1 161 1483 166
1744 2 4 10 6 1 1 163 1484 168
1745 2 4 10 6 1 2 1485 59 60
1746 2 4 10 6 1 1 1486 98 99
1747 2 4 10 6 1 1 1487 136 137
1748 2 4 10 6 1 2 1488 20 21
1749 2 4 10 6 1 1 322 1489 742
1750 2 4 10 6 1 1 636 1489 1420
1751 2 4 10 6 1 1 1489 636 742
1752 2 4 10 6 1 1 321 1490 741
1753 2 4 10 6 1 1 635 1490 1419
1754 2 4 10 6 1 1 1490 635 741
1755 2 4 10 6 1 2 323 1491 743
1756 2 4 10 6 1 2 634 1491 1418
1757 2 4 10 6 1 2 1491 634 743
1758 2 4 10 6 1 2 324 1492 744
1759 2 4 10 6 1 2 633 1492 1417
1760 2 4 10 6 1 2 1492 633 744
1761 2 4 10 6 1 1 1493 600 1293
1762 2 4 10 6 1 2 1494 597 1296
1763 2 4 10 6 1 2 1495 599 1294
1764 2 4 10 6 1 1 1496 598 1295
1765 2 4 10 6 1 2 19 1497 18
1766 2 5 10 6 2 2 -1 1497 472 18
1767 2 4 10 6 1 2 1497 19 1245
1768 2 4 10 6 1 1 97 1498 96
1769 2 5 10 6 2 1 -2 1498 471 96
1770 2 4 10 6 1 1 1498 97 1246
1771 2 4 10 6 1 2 58 1499 57
1772 2 4 10 6 1 2 1499 469 57
1773 2 4 10 6 1 2 1499 58 1247
1774 2 4 10 6 1 1 135 1500 134
1775 2 4 10 6 1 1 1500 470 134
1776 2 4 10 6 1 1 1500 135 1248
1777 2 4 10 6 1 2 1501 355 725
1778 2 4 10 6 1 2 355 1501 894
1779 2 4 10 6 1 1 1502 353 726
1780 2 4 10 6 1 1 353 1502 896
1781 2 4 10 6 1 1 1503 356 728
1782 2 4 10 6 1 1 356 1503 893
1783 2 4 10 6 1 2 1504 354 727
1784 2 4 10 6 1 2 354 1504 895
1785 2 4 10 6 1 1 1505 302 651
1786 2 4 10 6 1 1 681 1505 651
1787 2 4 10 6 1 2 1506 303 650
1788 2 4 10 6 1 2 683 1506 650
1789 2 4 10 6 1 1 1507 301 652
1790 2 4 10 6 1 1 684 1507 652
1791 2 4 10 6 1 2 1508 304 649
1792 2 4 10 6 1 2 682 1508 649
1793 2 4 10 6 1 2 22 1509 21
1794 2 4 10 6 1 2 647 1509 1059
1795 2 4 10 6 1 2 1509 22 1059
1796 2 4 10 6 1 1 100 1510 99
1797 2 4 10 6 1 1 645 1510 1057
1798 2 4 10 6 1 1 1510 100 1057
1799 2 4 10 6 1 2 61 1511 60
1800 2 4 10 6 1 2 648 1511 1060
1801 2 4 10 6 1 2 1511 61 1060
1802 2 4 10 6 1 1 138 1512 137
1803 2 4 10 6 1 1 646 1512 1058
1804 2 4 10 6 1 1 1512 138 1058
1805 2 4 10 6 1 2 628 1517 1245
1806 2 4 10 6 1 2 625 1518 1247
1807 2 4 10 6 1 1 627 1519 1246
1808 2 4 10 6 1 1 626 1520 1248
1809 2 4 10 6 1 1 1529 715 1399
1810 2 4 10 6 1 2 1530 714 1398
1811 2 4 10 6 1 1 1531 716 1400
1812 2 4 10 6 1 2 1532 713 1397
1813 2 4 10 6 1 2 510 1533 490
1814 2 4 10 6 1 2 1533 962 490
1815 2 4 10 6 1 1 509 1534 491
1816 2 4 10 6 1 1 1534 963 491
1817 2 4 10 6 1 1 511 1535 489
1818 2 4 10 6 1 1 1535 961 489
1819 2 4 10 6 1 2 512 1536 492
1820 2 4 10 6 1 2 1536 964 492
1821 2 4 10 6 1 1 1537 600 1493
1822 2 4 10 6 1 1 600 1537 1400
1823 2 4 10 6 1 2 1538 599 1495
1824 2 4 10 6 1 2 599 1538 1397
1825 2 4 10 6 1 1 1539 598 1496
1826 2 4 10 6 1 1 598 1539 1399
1827 2 4 10 6 1 2 1540 597 1494
1828 2 4 10 6 1 2 597 1540 1398
1829 2 4 10 6 1 2 206 1541 1286
1830 2 4 10 6 1 2 1541 664 1286
1831 2 4 10 6 1 2 205 1542 1288
1832 2 4 10 6 1 2 1542 663 1288
1833 2 4 10 6 1 1 208 1543 1285
1834 2 4 10 6 1 1 1543 661 1285
1835 2 4 10 6 1 1 207 1544 1287
1836 2 4 10 6 1 1 1544 662 1287
1837 2 4 10 6 1 2 1545 625 1383
1838 2 5 10 6 2 2 -1 1546 628 1384
1839 2 5 10 6 2 1 -2 1547 627 1381
1840 2 4 10 6 1 1 1548 626 1382
1841 2 4 10 6 1 2 858 1553 1438
1842 2 4 10 6 1 2 1553 858 363
1843 2 4 10 6 1 1 857 1554 1440
1844 2 4 10 6 1 1 1554 857 364
1845 2 4 10 6 1 2 860 1555 1439
1846 2 4 10 6 1 2 1555 860 361
1847 2 4 10 6 1 1 859 1556 1437
1848 2 4 10 6 1 1 1556 859 362
1849 2 4 10 6 1 2 264 1557 256
1850 2 4 10 6 1 2 1001 1557 440
1851 2 4 10 6 1 2 1557 1001 256
1852 2 4 10 6 1 1 263 1558 255
1853 2 4 10 6 1 1 1002 1558 438
1854 2 4 10 6 1 1 1558 1002 255
1855 2 4 10 6 1 1 261 1559 253
1856 2 4 10 6 1 1 1003 1559 439
1857 2 4 10 6 1 1 1559 1003 253
1858 2 4 10 6 1 2 262 1560 254
1859 2 4 10 6 1 2 1004 1560 437
1860 2 4 10 6 1 2 1560 1004 254
1861 2 4 10 6 1 1 1561 313 1325
1862 2 4 10 6 1 2 1562 315 1328
1863 2 4 10 6 1 1 1563 314 1327
1864 2 4 10 6 1 2 1564 316 1326
1865 2 4 10 6 1 2 967 1565 437
1866 2 4 10 6 1 2 1565 967 86
1867 2 4 10 6 1 1 968 1566 438
1868 2 4 10 6 1 1 1566 968 8
1869 2 4 10 6 1 1 966 1567 439
1870 2 4 10 6 1 1 1567 966 124
1871 2 4 10 6 1 2 965 1568 440
1872 2 4 10 6 1 2 1568 965 47
1873 2 4 10 6 1 2 1569 705 712
1874 2 4 10 6 1 2 1570 707 711
1875 2 4 10 6 1 1 1571 706 710
1876 2 4 10 6 1 1 1572 708 709
1877 2 4 10 6 1 1 1577 322 751
1878 2 4 10 6 1 1 672 1577 751
1879 2 4 10 6 1 2 1578 324 750
1880 2 4 10 6 1 2 671 1578 750
1881 2 4 10 6 1 1 1579 321 749
1882 2 4 10 6 1 1 670 1579 749
1883 2 4 10 6 1 2 1580 323 752
1884 2 4 10 6 1 2 669 1580 752
1885 2 4 10 6 1 2 211 1581 680
1886 2 4 10 6 1 2 212 1582 679
1887 2 4 10 6 1 1 209 1583 678
1888 2 4 10 6 1 1 210 1584 677
1889 2 4 10 6 1 2 1585 340 869
1890 2 4 10 6 1 1 1586 337 872
1891 2 4 10 6 1 1 1587 338 871
1892 2 4 10 6 1 2 1588 339 870
1893 2 4 10 6 1 2 1593 372 698
1894 2 4 10 6 1 1 1594 369 700
1895 2 4 10 6 1 2 1595 370 699
1896 2 4 10 6 1 1 1596 371 697
1897 2 4 10 6 1 2 1597 344 704
1898 2 4 10 6 1 2 638 1597 704
1899 2 4 10 6 1 2 1598 341 703
1900 2 4 10 6 1 2 639 1598 703
1901 2 4 10 6 1 1 1599 343 701
1902 2 4 10 6 1 1 637 1599 701
1903 2 4 10 6 1 1 1600 342 702
1904 2 4 10 6 1 1 640 1600 702
1905 2 4 10 6 1 1 1601 657 672
1906 2 4 10 6 1 1 746 1601 672
1907 2 4 10 6 1 1 1602 660 670
1908 2 4 10 6 1 1 745 1602 670
1909 2 4 10 6 1 2 1603 659 671
1910 2 4 10 6 1 2 748 1603 671
1911 2 4 10 6 1 2 1604 658 669
1912 2 4 10 6 1 2 747 1604 669
1913 2 4 10 6 1 1 893 1605 794
1914 2 4 10 6 1 2 894 1606 795
1915 2 4 10 6 1 2 895 1607 793
1916 2 4 10 6 1 1 896 1608 796
1917 2 4 10 6 1 2 769 1609 363
1918 2 4 10 6 1 1 770 1610 364
1919 2 4 10 6 1 2 772 1611 361
1920 2 4 10 6 1 1 771 1612 362
1921 2 4 10 6 1 1 9 1566 8
1922 2 4 10 6 1 2 87 1565 86
1923 2 4 10 6 1 1 125 1567 124
1924 2 4 10 6 1 2 48 1568 47
1925 2 4 10 6 1 2 270 1560 262
1926 2 4 10 6 1 2 270 437 1560
1927 2 4 10 6 1 1 271 1558 263
1928 2 4 10 6 1 1 271 438 1558
1929 2 4 10 6 1 1 269 1559 261
1930 2 4 10 6 1 1 269 439 1559
1931 2 4 10 6 1 2 272 1557 264
1932 2 4 10 6 1 2 272 440 1557
1933 2 4 10 6 1 2 1001 440 1568
1934 2 4 10 6 1 1 1002 438 1566
1935 2 4 10 6 1 1 1003 439 1567
1936 2 4 10 6 1 2 1004 437 1565
1937 2 4 10 6 1 1 1510 1486 99
1938 2 4 10 6 1 1 645 1486 1510
1939 2 4 10 6 1 1 1512 1487 137
1940 2 4 10 6 1 1 646 1487 1512
1941 2 4 10 6 1 2 1509 1488 21
1942 2 4 10 6 1 2 647 1488 1509
1943 2 4 10 6 1 2 1511 1485 60
1944 2 4 10 6 1 2 648 1485 1511
1945 2 4 10 6 1 2 1441 1521 382
1946 2 4 10 6 1 2 1441 665 1521
1947 2 4 10 6 1 1 1443 1522 381
1948 2 4 10 6 1 1 1443 666 1522
1949 2 4 10 6 1 2 1444 1523 383
1950 2 4 10 6 1 2 1444 667 1523
1951 2 4 10 6 1 1 1442 1524 384
1952 2 4 10 6 1 1 1442 668 1524
1953 2 4 10 6 1 1 1221 1421 357
1954 2 4 10 6 1 1 1221 821 1421
1955 2 4 10 6 1 1 1222 1422 360
1956 2 4 10 6 1 1 1222 822 1422
1957 2 4 10 6 1 2 1223 1423 359
1958 2 4 10 6 1 2 1223 823 1423
1959 2 4 10 6 1 2 1224 1424 358
1960 2 4 10 6 1 2 1224 824 1424
1961 2 4 10 6 1 2 1609 1553 363
1962 2 4 10 6 1 1 1610 1554 364
1963 2 4 10 6 1 2 1611 1555 361
1964 2 4 10 6 1 1 1612 1556 362
1965 2 4 10 6 1 2 869 214 1585
1966 2 4 10 6 1 2 870 216 1588
1967 2 4 10 6 1 1 871 215 1587
1968 2 4 10 6 1 1 872 213 1586
1969 2 4 10 6 1 2 317 1597 638
1970 2 4 10 6 1 1 318 1600 640
1971 2 4 10 6 1 1 320 1599 637
1972 2 4 10 6 1 2 319 1598 639
1973 2 4 10 6 1 1 1437 407 859
1974 2 4 10 6 1 2 1438 406 858
1975 2 4 10 6 1 2 1439 408 860
1976 2 4 10 6 1 1 1440 405 857
1977 2 4 10 6 1 1 893 1503 1605
1978 2 4 10 6 1 2 894 1501 1606
1979 2 4 10 6 1 2 895 1504 1607
1980 2 4 10 6 1 1 896 1502 1608
1981 2 4 10 6 1 2 1029 1244 550
1982 2 4 10 6 1 2 1029 1021 1244
1983 2 4 10 6 1 2 1030 1241 549
1984 2 5 10 6 2 2 -1 1030 1022 1241
1985 2 4 10 6 1 1 1031 1242 552
1986 2 4 10 6 1 1 1031 1023 1242
1987 2 4 10 6 1 1 1032 1243 551
1988 2 4 10 6 1 1 1032 1024 1243
1989 2 4 10 6 1 1 1025 1038 1446
1990 2 4 10 6 1 1 1065 1298 580
1991 2 4 10 6 1 1 1065 1025 1298
1992 2 4 10 6 1 2 1026 1039 1447
1993 2 4 10 6 1 2 1068 1297 579
1994 2 4 10 6 1 2 1068 1026 1297
1995 2 5 10 6 2 1 -2 1027 1037 1445
1996 2 4 10 6 1 2 1067 1299 577
1997 2 5 10 6 2 2 -1 1067 1027 1299
1998 2 4 10 6 1 2 1028 1040 1448
1999 2 5 10 6 2 2 -1 1066 1300 578
2000 2 5 10 6 2 2 -1 1066 1028 1300
2001 2 4 10 6 1 2 1099 1310 590
2002 2 4 10 6 1 2 1099 1029 1310
2003 2 4 10 6 1 2 1098 1312 591
2004 2 4 10 6 1 2 1098 1030 1312
2005 2 4 10 6 1 1 1100 1311 592
2006 2 4 10 6 1 1 1100 1031 1311
2007 2 4 10 6 1 1 1097 1309 589
2008 2 4 10 6 1 1 1097 1032 1309
2009 2 4 10 6 1 2 1054 1154 308
2010 2 4 10 6 1 2 1054 1033 1154
2011 2 5 10 6 2 2 -1 1061 1052 538
2012 2 4 10 6 1 2 1033 1052 1061
2013 2 4 10 6 1 1 1053 1153 306
2014 2 4 10 6 1 1 1053 1034 1153
2015 2 4 10 6 1 1 1062 1051 537
2016 2 4 10 6 1 1 1034 1051 1062
2017 2 4 10 6 1 1 1055 1155 307
2018 2 4 10 6 1 1 1055 1035 1155
2019 2 4 10 6 1 1 1064 1050 540
2020 2 4 10 6 1 1 1035 1050 1064
2021 2 4 10 6 1 2 1056 1156 305
2022 2 4 10 6 1 2 1056 1036 1156
2023 2 4 10 6 1 2 1063 1049 539
2024 2 4 10 6 1 2 1036 1049 1063
2025 2 4 10 6 1 1 1389 1089 600
2026 2 4 10 6 1 1 1037 1089 1389
2027 2 4 10 6 1 1 1391 1091 598
2028 2 4 10 6 1 1 1038 1091 1391
2029 2 4 10 6 1 2 1392 1092 597
2030 2 4 10 6 1 2 1039 1092 1392
2031 2 4 10 6 1 2 1390 1090 599
2032 2 4 10 6 1 2 1040 1090 1390
2033 2 4 10 6 1 1 1101 1173 559
2034 2 4 10 6 1 1 1101 1041 1173
2035 2 4 10 6 1 1 1110 1150 574
2036 2 4 10 6 1 1 1110 1041 1150
2037 2 4 10 6 1 2 1102 1174 558
2038 2 4 10 6 1 2 1102 1042 1174
2039 2 4 10 6 1 2 1112 1149 575
2040 2 4 10 6 1 2 1112 1042 1149
2041 2 4 10 6 1 1 1104 1176 557
2042 2 5 10 6 2 1 -2 1104 1043 1176
2043 2 4 10 6 1 2 1111 1152 573
2044 2 5 10 6 2 2 -1 1111 1043 1152
2045 2 5 10 6 2 2 -1 1103 1175 560
2046 2 5 10 6 2 2 -1 1103 1044 1175
2047 2 4 10 6 1 1 1109 1151 576
2048 2 5 10 6 2 1 -2 1109 1044 1151
2049 2 4 10 6 1 1 1088 1083 563
2050 2 4 10 6 1 1 1045 1083 1088
2051 2 4 10 6 1 2 1087 1084 561
2052 2 4 10 6 1 2 1046 1084 1087
2053 2 5 10 6 2 2 -1 1085 1081 564
2054 2 5 10 6 2 2 -1 1047 1081 1085
2055 2 4 10 6 1 1 1086 1082 562
2056 2 4 10 6 1 1 1048 1082 1086
2057 2 4 10 6 1 1 1201 1221 641
2058 2 4 10 6 1 1 1201 1057 1221
2059 2 4 10 6 1 1 1203 1222 642
2060 2 4 10 6 1 1 1203 1058 1222
2061 2 4 10 6 1 2 1202 1223 643
2062 2 4 10 6 1 2 1202 1059 1223
2063 2 4 10 6 1 2 1204 1224 644
2064 2 4 10 6 1 2 1204 1060 1224
2065 2 5 10 6 2 2 -1 1160 1070 295
2066 2 5 10 6 2 2 -1 1061 1070 1160
2067 2 5 10 6 2 1 -2 1157 1069 296
2068 2 4 10 6 1 1 1062 1069 1157
2069 2 4 10 6 1 2 1159 1072 294
2070 2 4 10 6 1 2 1063 1072 1159
2071 2 4 10 6 1 1 1158 1071 293
2072 2 4 10 6 1 1 1064 1071 1158
2073 2 5 10 6 2 2 -1 1113 1085 564
2074 2 5 10 6 2 1 -2 1069 1085 1113
2075 2 4 10 6 1 1 1114 1086 562
2076 2 5 10 6 2 1 -2 1070 1086 1114
2077 2 4 10 6 1 1 1116 1088 563
2078 2 4 10 6 1 1 1071 1088 1116
2079 2 4 10 6 1 2 1115 1087 561
2080 2 4 10 6 1 2 1072 1087 1115
2081 2 4 10 6 1 1 1101 1158 293
2082 2 4 10 6 1 1 1101 1073 1158
2083 2 4 10 6 1 1 1133 1219 553
2084 2 4 10 6 1 1 1133 1073 1219
2085 2 4 10 6 1 2 1102 1159 294
2086 2 4 10 6 1 2 1102 1074 1159
2087 2 4 10 6 1 2 1134 1220 554
2088 2 4 10 6 1 2 1134 1074 1220
2089 2 5 10 6 2 2 -1 1103 1160 295
2090 2 4 10 6 1 2 1103 1075 1160
2091 2 4 10 6 1 2 1135 1217 555
2092 2 4 10 6 1 2 1135 1075 1217
2093 2 5 10 6 2 1 -2 1104 1157 296
2094 2 4 10 6 1 1 1104 1076 1157
2095 2 4 10 6 1 1 1136 1218 556
2096 2 4 10 6 1 1 1136 1076 1218
2097 2 4 10 6 1 2 1179 1237 334
2098 2 4 10 6 1 2 1179 1077 1237
2099 2 4 10 6 1 2 1125 1174 541
2100 2 4 10 6 1 2 1125 1077 1174
2101 2 4 10 6 1 2 1177 1240 333
2102 2 4 10 6 1 2 1177 1078 1240
2103 2 5 10 6 2 1 -2 1126 1175 542
2104 2 5 10 6 2 2 -1 1126 1078 1175
2105 2 4 10 6 1 1 1178 1239 336
2106 2 4 10 6 1 1 1178 1079 1239
2107 2 4 10 6 1 1 1128 1173 543
2108 2 4 10 6 1 1 1128 1079 1173
2109 2 4 10 6 1 1 1180 1238 335
2110 2 4 10 6 1 1 1180 1080 1238
2111 2 5 10 6 2 1 -2 1127 1176 544
2112 2 4 10 6 1 1 1127 1080 1176
2113 2 4 10 6 1 1 1293 1097 589
2114 2 4 10 6 1 1 1089 1097 1293
2115 2 4 10 6 1 2 1294 1098 591
2116 2 4 10 6 1 2 1090 1098 1294
2117 2 4 10 6 1 1 1295 1100 592
2118 2 4 10 6 1 1 1091 1100 1295
2119 2 4 10 6 1 2 1296 1099 590
2120 2 4 10 6 1 2 1092 1099 1296
2121 2 4 10 6 1 2 1231 1375 583
2122 2 4 10 6 1 2 1231 1093 1375
2123 2 4 10 6 1 1 1232 1376 584
2124 2 4 10 6 1 1 1232 1094 1376
2125 2 4 10 6 1 1 1230 1374 581
2126 2 5 10 6 2 1 -2 1230 1095 1374
2127 2 4 10 6 1 2 1229 1373 582
2128 2 4 10 6 1 2 1229 1096 1373
2129 2 4 10 6 1 1 1136 1153 568
2130 2 4 10 6 1 1 1136 1105 1153
2131 2 4 10 6 1 1 1132 1263 570
2132 2 4 10 6 1 1 1132 1105 1263
2133 2 4 10 6 1 2 1135 1154 567
2134 2 4 10 6 1 2 1135 1106 1154
2135 2 4 10 6 1 2 1129 1261 569
2136 2 4 10 6 1 2 1129 1106 1261
2137 2 4 10 6 1 2 1134 1156 566
2138 2 4 10 6 1 2 1134 1107 1156
2139 2 4 10 6 1 2 1131 1262 571
2140 2 4 10 6 1 2 1131 1107 1262
2141 2 4 10 6 1 1 1133 1155 565
2142 2 4 10 6 1 1 1133 1108 1155
2143 2 4 10 6 1 1 1130 1264 572
2144 2 4 10 6 1 1 1130 1108 1264
2145 2 4 10 6 1 1 1243 1170 551
2146 2 4 10 6 1 1 1109 1170 1243
2147 2 4 10 6 1 1 1242 1171 552
2148 2 4 10 6 1 1 1110 1171 1242
2149 2 4 10 6 1 2 1241 1172 549
2150 2 4 10 6 1 2 1111 1172 1241
2151 2 4 10 6 1 2 1244 1169 550
2152 2 4 10 6 1 2 1112 1169 1244
2153 2 4 10 6 1 2 1152 1123 573
2154 2 5 10 6 2 2 -1 1113 1123 1152
2155 2 4 10 6 1 1 1151 1124 576
2156 2 4 10 6 1 1 1114 1124 1151
2157 2 4 10 6 1 2 1149 1121 575
2158 2 4 10 6 1 2 1115 1121 1149
2159 2 4 10 6 1 1 1150 1122 574
2160 2 4 10 6 1 1 1116 1122 1150
2161 2 4 10 6 1 1 1180 1218 557
2162 2 4 10 6 1 1 1180 1117 1218
2163 2 4 10 6 1 1 1214 1306 609
2164 2 4 10 6 1 1 1214 1117 1306
2165 2 4 10 6 1 2 1177 1217 560
2166 2 4 10 6 1 2 1177 1118 1217
2167 2 4 10 6 1 2 1216 1305 612
2168 2 4 10 6 1 2 1216 1118 1305
2169 2 4 10 6 1 2 1179 1220 558
2170 2 4 10 6 1 2 1179 1119 1220
2171 2 4 10 6 1 2 1215 1308 610
2172 2 4 10 6 1 2 1215 1119 1308
2173 2 4 10 6 1 1 1178 1219 559
2174 2 4 10 6 1 1 1178 1120 1219
2175 2 4 10 6 1 1 1213 1307 611
2176 2 4 10 6 1 1 1213 1120 1307
2177 2 4 10 6 1 2 1193 1137 606
2178 2 4 10 6 1 2 1121 1137 1193
2179 2 4 10 6 1 1 1195 1138 605
2180 2 4 10 6 1 1 1122 1138 1195
2181 2 4 10 6 1 2 1196 1139 608
2182 2 4 10 6 1 2 1123 1139 1196
2183 2 4 10 6 1 1 1194 1140 607
2184 2 4 10 6 1 1 1124 1140 1194
2185 2 4 10 6 1 2 1191 1181 606
2186 2 4 10 6 1 2 1129 1181 1191
2187 2 4 10 6 1 1 1190 1184 607
2188 2 4 10 6 1 1 1130 1184 1190
2189 2 4 10 6 1 2 1189 1182 608
2190 2 4 10 6 1 2 1131 1182 1189
2191 2 4 10 6 1 1 1192 1183 605
2192 2 4 10 6 1 1 1132 1183 1192
2193 2 4 10 6 1 2 1191 1147 308
2194 2 4 10 6 1 2 1137 1147 1191
2195 2 4 10 6 1 1 1192 1148 306
2196 2 4 10 6 1 1 1138 1148 1192
2197 2 4 10 6 1 2 1189 1145 305
2198 2 4 10 6 1 2 1139 1145 1189
2199 2 4 10 6 1 1 1190 1146 307
2200 2 4 10 6 1 1 1140 1146 1190
2201 2 4 10 6 1 2 1272 1360 616
2202 2 4 10 6 1 2 1272 1141 1360
2203 2 4 10 6 1 2 1229 1240 588
2204 2 4 10 6 1 2 1229 1141 1240
2205 2 4 10 6 1 1 1270 1358 615
2206 2 4 10 6 1 1 1270 1142 1358
2207 2 4 10 6 1 1 1232 1239 587
2208 2 4 10 6 1 1 1232 1142 1239
2209 2 4 10 6 1 2 1269 1357 613
2210 2 4 10 6 1 2 1269 1143 1357
2211 2 4 10 6 1 2 1231 1237 586
2212 2 4 10 6 1 2 1231 1143 1237
2213 2 4 10 6 1 1 1271 1359 614
2214 2 4 10 6 1 1 1271 1144 1359
2215 2 4 10 6 1 1 1230 1238 585
2216 2 4 10 6 1 1 1230 1144 1238
2217 2 4 10 6 1 2 1361 1425 330
2218 2 4 10 6 1 2 1361 1161 1425
2219 2 5 10 6 2 2 -1 1353 1299 545
2220 2 4 10 6 1 2 1161 1299 1353
2221 2 4 10 6 1 1 1362 1427 332
2222 2 4 10 6 1 1 1362 1162 1427
2223 2 4 10 6 1 1 1355 1298 546
2224 2 4 10 6 1 1 1162 1298 1355
2225 2 4 10 6 1 2 1364 1428 331
2226 2 4 10 6 1 2 1364 1163 1428
2227 2 4 10 6 1 2 1356 1297 547
2228 2 4 10 6 1 2 1163 1297 1356
2229 2 4 10 6 1 1 1363 1426 329
2230 2 4 10 6 1 1 1363 1164 1426
2231 2 5 10 6 2 2 -1 1354 1300 548
2232 2 5 10 6 2 1 -2 1164 1300 1354
2233 2 4 10 6 1 1 1302 1345 627
2234 2 4 10 6 1 1 1302 1165 1345
2235 2 4 10 6 1 1 1368 1201 641
2236 2 4 10 6 1 1 1165 1201 1368
2237 2 4 10 6 1 2 1304 1347 625
2238 2 4 10 6 1 2 1304 1166 1347
2239 2 4 10 6 1 2 1367 1204 644
2240 2 4 10 6 1 2 1166 1204 1367
2241 2 4 10 6 1 1 1303 1346 626
2242 2 4 10 6 1 1 1303 1167 1346
2243 2 4 10 6 1 1 1365 1203 642
2244 2 4 10 6 1 1 1167 1203 1365
2245 2 4 10 6 1 2 1301 1348 628
2246 2 4 10 6 1 2 1301 1168 1348
2247 2 4 10 6 1 2 1366 1202 643
2248 2 4 10 6 1 2 1168 1202 1366
2249 2 4 10 6 1 2 1236 1292 315
2250 2 4 10 6 1 2 1236 1169 1292
2251 2 4 10 6 1 1 1235 1291 313
2252 2 4 10 6 1 1 1235 1170 1291
2253 2 4 10 6 1 1 1234 1290 314
2254 2 4 10 6 1 1 1234 1171 1290
2255 2 4 10 6 1 2 1233 1289 316
2256 2 4 10 6 1 2 1233 1172 1289
2257 2 4 10 6 1 2 1225 1268 601
2258 2 4 10 6 1 2 1225 1181 1268
2259 2 4 10 6 1 2 1227 1266 604
2260 2 4 10 6 1 2 1227 1182 1266
2261 2 4 10 6 1 1 1226 1267 602
2262 2 4 10 6 1 1 1226 1183 1267
2263 2 4 10 6 1 1 1228 1265 603
2264 2 4 10 6 1 1 1228 1184 1265
2265 2 4 10 6 1 1 1271 1306 335
2266 2 4 10 6 1 1 1271 1185 1306
2267 2 4 10 6 1 1 1332 1351 593
2268 2 4 10 6 1 1 1332 1185 1351
2269 2 4 10 6 1 2 1272 1305 333
2270 2 4 10 6 1 2 1272 1186 1305
2271 2 4 10 6 1 2 1331 1352 594
2272 2 4 10 6 1 2 1331 1186 1352
2273 2 4 10 6 1 2 1269 1308 334
2274 2 4 10 6 1 2 1269 1187 1308
2275 2 4 10 6 1 2 1329 1349 595
2276 2 4 10 6 1 2 1329 1187 1349
2277 2 4 10 6 1 1 1270 1307 336
2278 2 4 10 6 1 1 1270 1188 1307
2279 2 4 10 6 1 1 1330 1350 596
2280 2 4 10 6 1 1 1330 1188 1350
2281 2 4 10 6 1 2 1292 1335 315
2282 2 4 10 6 1 2 1292 1193 1335
2283 2 4 10 6 1 1 1291 1334 313
2284 2 4 10 6 1 1 1291 1194 1334
2285 2 4 10 6 1 1 1290 1336 314
2286 2 4 10 6 1 1 1290 1195 1336
2287 2 4 10 6 1 2 1289 1333 316
2288 2 4 10 6 1 2 1289 1196 1333
2289 2 4 10 6 1 1 1355 1403 618
2290 2 4 10 6 1 1 1355 1197 1403
2291 2 4 10 6 1 1 1435 1320 631
2292 2 4 10 6 1 1 1197 1320 1435
2293 2 4 10 6 1 2 1356 1404 617
2294 2 4 10 6 1 2 1356 1198 1404
2295 2 4 10 6 1 2 1433 1319 630
2296 2 4 10 6 1 2 1198 1319 1433
2297 2 4 10 6 1 2 1353 1401 620
2298 2 4 10 6 1 2 1353 1199 1401
2299 2 5 10 6 2 1 -2 1436 1318 632
2300 2 5 10 6 2 2 -1 1199 1318 1436
2301 2 5 10 6 2 1 -2 1354 1402 619
2302 2 5 10 6 2 1 -2 1354 1200 1402
2303 2 5 10 6 2 2 -1 1434 1317 629
2304 2 5 10 6 2 2 -1 1200 1317 1434
2305 2 4 10 6 1 2 1301 1488 647
2306 2 4 10 6 1 1 1302 1486 645
2307 2 4 10 6 1 2 1304 1485 648
2308 2 4 10 6 1 1 1303 1487 646
2309 2 4 10 6 1 1 1205 1260 1413
2310 2 4 10 6 1 1 1370 1350 615
2311 2 4 10 6 1 1 1205 1350 1370
2312 2 4 10 6 1 2 1206 1257 1414
2313 2 4 10 6 1 2 1369 1349 613
2314 2 4 10 6 1 2 1206 1349 1369
2315 2 4 10 6 1 2 1207 1258 1415
2316 2 4 10 6 1 2 1372 1352 616
2317 2 4 10 6 1 2 1207 1352 1372
2318 2 4 10 6 1 1 1208 1259 1416
2319 2 4 10 6 1 1 1371 1351 614
2320 2 4 10 6 1 1 1208 1351 1371
2321 2 4 10 6 1 1 1256 1275 208
2322 2 4 10 6 1 1 1256 1209 1275
2323 2 4 10 6 1 1 1213 1264 553
2324 2 4 10 6 1 1 1213 1209 1264
2325 2 4 10 6 1 2 1253 1273 206
2326 2 4 10 6 1 2 1253 1210 1273
2327 2 4 10 6 1 2 1215 1262 554
2328 2 4 10 6 1 2 1215 1210 1262
2329 2 4 10 6 1 2 1255 1274 205
2330 2 4 10 6 1 2 1255 1211 1274
2331 2 4 10 6 1 2 1216 1261 555
2332 2 4 10 6 1 2 1216 1211 1261
2333 2 4 10 6 1 1 1254 1276 207
2334 2 4 10 6 1 1 1254 1212 1276
2335 2 4 10 6 1 1 1214 1263 556
2336 2 4 10 6 1 1 1214 1212 1263
2337 2 4 10 6 1 2 1335 1328 315
2338 2 4 10 6 1 2 1225 1328 1335
2339 2 4 10 6 1 1 1336 1327 314
2340 2 4 10 6 1 1 1226 1327 1336
2341 2 4 10 6 1 2 1333 1326 316
2342 2 4 10 6 1 2 1227 1326 1333
2343 2 4 10 6 1 1 1334 1325 313
2344 2 4 10 6 1 1 1228 1325 1334
2345 2 5 10 6 2 2 -1 1497 1517 472
2346 2 4 10 6 1 2 1497 1245 1517
2347 2 5 10 6 2 1 -2 1498 1519 471
2348 2 4 10 6 1 1 1498 1246 1519
2349 2 4 10 6 1 2 1499 1518 469
2350 2 4 10 6 1 2 1499 1247 1518
2351 2 4 10 6 1 1 1500 1520 470
2352 2 4 10 6 1 1 1500 1248 1520
2353 2 4 10 6 1 2 1361 1373 577
2354 2 4 10 6 1 2 1361 1249 1373
2355 2 5 10 6 2 1 -2 1363 1374 578
2356 2 4 10 6 1 1 1363 1250 1374
2357 2 4 10 6 1 1 1362 1376 580
2358 2 4 10 6 1 1 1362 1251 1376
2359 2 4 10 6 1 2 1364 1375 579
2360 2 4 10 6 1 2 1364 1252 1375
2361 2 4 10 6 1 2 1266 1286 604
2362 2 4 10 6 1 2 1266 1253 1286
2363 2 4 10 6 1 1 1267 1287 602
2364 2 4 10 6 1 1 1267 1254 1287
2365 2 4 10 6 1 2 1268 1288 601
2366 2 4 10 6 1 2 1268 1255 1288
2367 2 4 10 6 1 1 1265 1285 603
2368 2 4 10 6 1 1 1265 1256 1285
2369 2 4 10 6 1 2 1471 1467 650
2370 2 4 10 6 1 2 1257 1467 1471
2371 2 4 10 6 1 2 1472 1468 649
2372 2 4 10 6 1 2 1258 1468 1472
2373 2 4 10 6 1 1 1470 1466 651
2374 2 4 10 6 1 1 1259 1466 1470
2375 2 4 10 6 1 1 1469 1465 652
2376 2 4 10 6 1 1 1260 1465 1469
2377 2 4 10 6 1 2 1282 1329 595
2378 2 4 10 6 1 2 1282 1273 1329
2379 2 4 10 6 1 2 1283 1331 594
2380 2 4 10 6 1 2 1283 1274 1331
2381 2 4 10 6 1 1 1281 1330 596
2382 2 4 10 6 1 1 1281 1275 1330
2383 2 4 10 6 1 1 1284 1332 593
2384 2 4 10 6 1 1 1284 1276 1332
2385 2 4 10 6 1 1 1371 1432 297
2386 2 4 10 6 1 1 1371 1277 1432
2387 2 4 10 6 1 1 1395 1359 581
2388 2 4 10 6 1 1 1277 1359 1395
2389 2 4 10 6 1 2 1372 1429 298
2390 2 4 10 6 1 2 1372 1278 1429
2391 2 4 10 6 1 2 1393 1360 582
2392 2 4 10 6 1 2 1278 1360 1393
2393 2 4 10 6 1 2 1369 1430 299
2394 2 4 10 6 1 2 1369 1279 1430
2395 2 4 10 6 1 2 1394 1357 583
2396 2 4 10 6 1 2 1279 1357 1394
2397 2 4 10 6 1 1 1370 1431 300
2398 2 4 10 6 1 1 1370 1280 1431
2399 2 4 10 6 1 1 1396 1358 584
2400 2 4 10 6 1 1 1280 1358 1396
2401 2 4 10 6 1 1 1409 1341 637
2402 2 4 10 6 1 1 1281 1341 1409
2403 2 4 10 6 1 2 1412 1343 638
2404 2 4 10 6 1 2 1282 1343 1412
2405 2 4 10 6 1 2 1411 1344 639
2406 2 4 10 6 1 2 1283 1344 1411
2407 2 4 10 6 1 1 1410 1342 640
2408 2 4 10 6 1 1 1284 1342 1410
2409 2 4 10 6 1 1 1493 1408 660
2410 2 4 10 6 1 1 1293 1408 1493
2411 2 4 10 6 1 2 1495 1406 659
2412 2 4 10 6 1 2 1294 1406 1495
2413 2 4 10 6 1 1 1496 1405 657
2414 2 4 10 6 1 1 1295 1405 1496
2415 2 4 10 6 1 2 1494 1407 658
2416 2 4 10 6 1 2 1296 1407 1494
2417 2 4 10 6 1 1 1419 1377 635
2418 2 4 10 6 1 1 1309 1377 1419
2419 2 4 10 6 1 2 1418 1378 634
2420 2 4 10 6 1 2 1310 1378 1418
2421 2 4 10 6 1 1 1420 1380 636
2422 2 4 10 6 1 1 1311 1380 1420
2423 2 4 10 6 1 2 1417 1379 633
2424 2 4 10 6 1 2 1312 1379 1417
2425 2 4 10 6 1 2 1388 1428 617
2426 2 4 10 6 1 2 1388 1313 1428
2427 2 4 10 6 1 1 1386 1426 619
2428 2 4 10 6 1 1 1386 1314 1426
2429 2 4 10 6 1 2 1385 1425 620
2430 2 4 10 6 1 2 1385 1315 1425
2431 2 4 10 6 1 1 1387 1427 618
2432 2 4 10 6 1 1 1387 1316 1427
2433 2 4 10 6 1 1 1368 1402 311
2434 2 4 10 6 1 1 1368 1321 1402
2435 2 4 10 6 1 1 1386 1321 1476
2436 2 4 10 6 1 1 1365 1403 310
2437 2 4 10 6 1 1 1365 1322 1403
2438 2 4 10 6 1 1 1387 1322 1473
2439 2 4 10 6 1 2 1366 1401 312
2440 2 4 10 6 1 2 1366 1323 1401
2441 2 4 10 6 1 2 1385 1323 1475
2442 2 4 10 6 1 2 1367 1404 309
2443 2 4 10 6 1 2 1367 1324 1404
2444 2 4 10 6 1 2 1388 1324 1474
2445 2 4 10 6 1 1 1561 1464 689
2446 2 4 10 6 1 1 1325 1464 1561
2447 2 4 10 6 1 2 1564 1463 690
2448 2 4 10 6 1 2 1326 1463 1564
2449 2 4 10 6 1 1 1563 1461 692
2450 2 4 10 6 1 1 1327 1461 1563
2451 2 4 10 6 1 2 1562 1462 691
2452 2 4 10 6 1 2 1328 1462 1562
2453 2 5 10 6 2 2 -1 1381 1434 629
2454 2 5 10 6 2 1 -2 1381 1345 1434
2455 2 4 10 6 1 1 1382 1435 631
2456 2 4 10 6 1 1 1382 1346 1435
2457 2 4 10 6 1 2 1383 1433 630
2458 2 4 10 6 1 2 1383 1347 1433
2459 2 5 10 6 2 1 -2 1384 1436 632
2460 2 5 10 6 2 2 -1 1384 1348 1436
2461 2 4 10 6 1 1 1527 1400 716
2462 2 4 10 6 1 1 1389 1400 1527
2463 2 4 10 6 1 2 1526 1397 713
2464 2 4 10 6 1 2 1390 1397 1526
2465 2 4 10 6 1 1 1525 1399 715
2466 2 4 10 6 1 1 1391 1399 1525
2467 2 4 10 6 1 2 1528 1398 714
2468 2 4 10 6 1 2 1392 1398 1528
2469 2 4 10 6 1 2 1532 1538 326
2470 2 4 10 6 1 2 1532 1397 1538
2471 2 4 10 6 1 2 1530 1540 328
2472 2 4 10 6 1 2 1530 1398 1540
2473 2 4 10 6 1 1 1529 1539 327
2474 2 4 10 6 1 1 1529 1399 1539
2475 2 4 10 6 1 1 1531 1537 325
2476 2 4 10 6 1 1 1531 1400 1537
2477 2 4 10 6 1 2 1455 1492 324
2478 2 4 10 6 1 2 1455 1417 1492
2479 2 4 10 6 1 2 1453 1491 323
2480 2 4 10 6 1 2 1453 1418 1491
2481 2 4 10 6 1 1 1454 1490 321
2482 2 4 10 6 1 1 1454 1419 1490
2483 2 4 10 6 1 1 1456 1489 322
2484 2 4 10 6 1 1 1456 1420 1489
2485 2 5 10 6 2 1 -2 1547 1519 627
2486 2 5 10 6 2 2 -1 1546 1517 628
2487 2 4 10 6 1 1 1548 1520 626
2488 2 4 10 6 1 2 1545 1518 625
2489 2 4 10 6 1 2 1541 206 1412
2490 2 4 10 6 1 2 704 1541 1412
2491 2 4 10 6 1 2 1541 704 664
2492 2 4 10 6 1 2 1542 205 1411
2493 2 4 10 6 1 2 703 1542 1411
2494 2 4 10 6 1 2 1542 703 663
2495 2 4 10 6 1 1 1543 208 1409
2496 2 4 10 6 1 1 701 1543 1409
2497 2 4 10 6 1 1 1543 701 661
2498 2 4 10 6 1 1 1544 207 1410
2499 2 4 10 6 1 1 702 1544 1410
2500 2 4 10 6 1 1 1544 702 662
2501 2 4 10 6 1 2 1549 810 705
2502 2 4 10 6 1 2 1550 809 707
2503 2 4 10 6 1 1 1551 811 708
2504 2 4 10 6 1 1 1552 812 706
2505 2 4 10 6 1 1 1505 1571 302
2506 2 4 10 6 1 1 1505 732 828
2507 2 4 10 6 1 1 732 1505 681
2508 2 4 10 6 1 1 1505 828 1571
2509 2 4 10 6 1 2 1506 1569 303
2510 2 4 10 6 1 2 1506 731 827
2511 2 4 10 6 1 2 731 1506 683
2512 2 4 10 6 1 2 1506 827 1569
2513 2 4 10 6 1 1 1507 1572 301
2514 2 4 10 6 1 1 1507 729 825
2515 2 4 10 6 1 1 729 1507 684
2516 2 4 10 6 1 1 1507 825 1572
2517 2 4 10 6 1 2 1508 1570 304
2518 2 4 10 6 1 2 1508 730 826
2519 2 4 10 6 1 2 730 1508 682
2520 2 4 10 6 1 2 1508 826 1570
2521 2 4 10 6 1 1 985 229 365
2522 2 4 10 6 1 1 229 985 706
2523 2 4 10 6 1 1 985 1552 706
2524 2 4 10 6 1 2 986 230 368
2525 2 4 10 6 1 2 230 986 705
2526 2 4 10 6 1 2 986 1549 705
2527 2 4 10 6 1 2 987 232 367
2528 2 4 10 6 1 2 232 987 707
2529 2 4 10 6 1 2 987 1550 707
2530 2 4 10 6 1 1 988 231 366
2531 2 4 10 6 1 1 231 988 708
2532 2 4 10 6 1 1 988 1551 708
2533 2 4 10 6 1 1 98 1246 97
2534 2 4 10 6 1 1 98 1486 1246
2535 2 4 10 6 1 1 1302 627 1246
2536 2 4 10 6 1 1 1302 1246 1486
2537 2 4 10 6 1 1 136 1248 135
2538 2 4 10 6 1 1 136 1487 1248
2539 2 4 10 6 1 1 1303 626 1248
2540 2 4 10 6 1 1 1303 1248 1487
2541 2 4 10 6 1 2 59 1247 58
2542 2 4 10 6 1 2 59 1485 1247
2543 2 4 10 6 1 2 1304 625 1247
2544 2 4 10 6 1 2 1304 1247 1485
2545 2 4 10 6 1 2 20 1245 19
2546 2 4 10 6 1 2 20 1488 1245
2547 2 4 10 6 1 2 1301 628 1245
2548 2 4 10 6 1 2 1301 1245 1488
2549 2 4 10 6 1 1 1457 105 106
2550 2 4 10 6 1 1 105 1457 1443
2551 2 4 10 6 1 1 1457 666 1443
2552 2 4 10 6 1 2 1458 66 67
2553 2 4 10 6 1 2 66 1458 1444
2554 2 4 10 6 1 2 1458 667 1444
2555 2 4 10 6 1 2 1459 27 28
2556 2 4 10 6 1 2 27 1459 1441
2557 2 4 10 6 1 2 1459 665 1441
2558 2 4 10 6 1 1 1460 143 144
2559 2 4 10 6 1 1 143 1460 1442
2560 2 4 10 6 1 1 1460 668 1442
2561 2 4 10 6 1 2 804 1549 162
2562 2 4 10 6 1 2 1549 804 810
2563 2 4 10 6 1 2 1481 162 1549
2564 2 4 10 6 1 2 802 1550 164
2565 2 4 10 6 1 2 1550 802 809
2566 2 4 10 6 1 2 1482 164 1550
2567 2 4 10 6 1 1 803 1551 163
2568 2 4 10 6 1 1 1551 803 811
2569 2 4 10 6 1 1 1484 163 1551
2570 2 4 10 6 1 1 801 1552 161
2571 2 4 10 6 1 1 1552 801 812
2572 2 4 10 6 1 1 1483 161 1552
2573 2 4 10 6 1 2 1001 436 256
2574 2 4 10 6 1 1 1002 435 255
2575 2 4 10 6 1 1 1003 434 253
2576 2 4 10 6 1 2 1004 433 254
2577 2 4 10 6 1 1 100 101 1057
2578 2 4 10 6 1 1 101 821 1057
2579 2 4 10 6 1 2 22 23 1059
2580 2 4 10 6 1 2 23 823 1059
2581 2 4 10 6 1 2 61 62 1060
2582 2 4 10 6 1 2 62 824 1060
2583 2 4 10 6 1 1 138 139 1058
2584 2 4 10 6 1 1 139 822 1058
2585 2 4 10 6 1 1 351 1461 662
2586 2 4 10 6 1 1 1461 351 692
2587 2 4 10 6 1 1 1287 1461 602
2588 2 4 10 6 1 1 1287 662 1461
2589 2 4 10 6 1 2 349 1462 663
2590 2 4 10 6 1 2 1462 349 691
2591 2 4 10 6 1 2 1288 1462 601
2592 2 4 10 6 1 2 1288 663 1462
2593 2 4 10 6 1 2 350 1463 664
2594 2 4 10 6 1 2 1463 350 690
2595 2 4 10 6 1 2 1286 1463 604
2596 2 4 10 6 1 2 1286 664 1463
2597 2 4 10 6 1 1 352 1464 661
2598 2 4 10 6 1 1 1464 352 689
2599 2 4 10 6 1 1 1285 1464 603
2600 2 4 10 6 1 1 1285 661 1464
2601 2 4 10 6 1 2 1513 653 1339
2602 2 4 10 6 1 2 1339 1429 1513
2603 2 4 10 6 1 2 1514 654 1337
2604 2 4 10 6 1 2 1337 1430 1514
2605 2 4 10 6 1 1 1515 655 1340
2606 2 4 10 6 1 1 1340 1432 1515
2607 2 4 10 6 1 1 1516 656 1338
2608 2 4 10 6 1 1 1338 1431 1516
2609 2 4 10 6 1 1 301 1469 652
2610 2 4 10 6 1 1 302 1470 651
2611 2 4 10 6 1 2 303 1471 650
2612 2 4 10 6 1 2 304 1472 649
2613 2 4 10 6 1 2 1585 629 340
2614 2 5 10 6 2 2 -1 629 1585 1381
2615 2 5 10 6 2 2 -1 1381 1585 1547
2616 2 4 10 6 1 1 1586 632 337
2617 2 5 10 6 2 1 -2 632 1586 1384
2618 2 5 10 6 2 1 -2 1384 1586 1546
2619 2 4 10 6 1 1 1587 631 338
2620 2 4 10 6 1 1 631 1587 1382
2621 2 4 10 6 1 1 1382 1587 1548
2622 2 4 10 6 1 2 1588 630 339
2623 2 4 10 6 1 2 630 1588 1383
2624 2 4 10 6 1 2 1383 1588 1545
2625 2 4 10 6 1 1 338 1525 715
2626 2 4 10 6 1 1 631 1525 338
2627 2 4 10 6 1 1 1525 1320 1446
2628 2 4 10 6 1 1 1525 631 1320
2629 2 4 10 6 1 2 340 1526 713
2630 2 4 10 6 1 2 629 1526 340
2631 2 4 10 6 1 2 1526 1317 1448
2632 2 4 10 6 1 2 1526 629 1317
2633 2 4 10 6 1 1 337 1527 716
2634 2 4 10 6 1 1 632 1527 337
2635 2 5 10 6 2 1 -2 1527 1318 1445
2636 2 5 10 6 2 1 -2 1527 632 1318
2637 2 4 10 6 1 2 339 1528 714
2638 2 4 10 6 1 2 630 1528 339
2639 2 4 10 6 1 2 1528 1319 1447
2640 2 4 10 6 1 2 1528 630 1319
2641 2 4 10 6 1 2 881 971 239
2642 2 4 10 6 1 2 928 971 881
2643 2 4 10 6 1 1 882 972 240
2644 2 4 10 6 1 1 927 972 882
2645 2 4 10 6 1 1 883 969 237
2646 2 4 10 6 1 1 926 969 883
2647 2 4 10 6 1 2 884 970 238
2648 2 4 10 6 1 2 925 970 884
2649 2 4 10 6 1 1 327 1601 746
2650 2 4 10 6 1 1 1539 1601 327
2651 2 4 10 6 1 1 657 1601 1496
2652 2 4 10 6 1 1 1496 1601 1539
2653 2 4 10 6 1 1 325 1602 745
2654 2 4 10 6 1 1 1537 1602 325
2655 2 4 10 6 1 1 660 1602 1493
2656 2 4 10 6 1 1 1493 1602 1537
2657 2 4 10 6 1 2 326 1603 748
2658 2 4 10 6 1 2 1538 1603 326
2659 2 4 10 6 1 2 659 1603 1495
2660 2 4 10 6 1 2 1495 1603 1538
2661 2 4 10 6 1 2 328 1604 747
2662 2 4 10 6 1 2 1540 1604 328
2663 2 4 10 6 1 2 658 1604 1494
2664 2 4 10 6 1 2 1494 1604 1540
2665 2 4 10 6 1 2 1449 639 1344
2666 2 4 10 6 1 2 639 1449 319
2667 2 4 10 6 1 2 1449 1344 1415
2668 2 4 10 6 1 1 1450 640 1342
2669 2 4 10 6 1 1 640 1450 318
2670 2 4 10 6 1 1 1450 1342 1416
2671 2 4 10 6 1 1 1451 637 1341
2672 2 4 10 6 1 1 637 1451 320
2673 2 4 10 6 1 1 1451 1341 1413
2674 2 4 10 6 1 2 1452 638 1343
2675 2 4 10 6 1 2 638 1452 317
2676 2 4 10 6 1 2 1452 1343 1414
2677 2 4 10 6 1 1 1465 300 1338
2678 2 4 10 6 1 1 622 1465 1338
2679 2 4 10 6 1 1 1465 622 652
2680 2 4 10 6 1 1 1466 297 1340
2681 2 4 10 6 1 1 624 1466 1340
2682 2 4 10 6 1 1 1466 624 651
2683 2 4 10 6 1 2 1467 299 1337
2684 2 4 10 6 1 2 621 1467 1337
2685 2 4 10 6 1 2 1467 621 650
2686 2 4 10 6 1 2 1468 298 1339
2687 2 4 10 6 1 2 623 1468 1339
2688 2 4 10 6 1 2 1468 623 649
2689 2 4 10 6 1 2 401 1533 510
2690 2 4 10 6 1 2 1533 401 948
2691 2 4 10 6 1 2 962 1533 948
2692 2 4 10 6 1 1 402 1534 509
2693 2 4 10 6 1 1 1534 402 945
2694 2 4 10 6 1 1 963 1534 945
2695 2 4 10 6 1 1 403 1535 511
2696 2 4 10 6 1 1 1535 403 946
2697 2 4 10 6 1 1 961 1535 946
2698 2 4 10 6 1 2 404 1536 512
2699 2 4 10 6 1 2 1536 404 947
2700 2 4 10 6 1 2 964 1536 947
2701 2 4 10 6 1 2 1581 687 1313
2702 2 4 10 6 1 2 687 1581 211
2703 2 4 10 6 1 2 1582 685 1315
2704 2 4 10 6 1 2 685 1582 212
2705 2 4 10 6 1 1 1583 688 1316
2706 2 4 10 6 1 1 688 1583 209
2707 2 4 10 6 1 1 1584 686 1314
2708 2 4 10 6 1 1 686 1584 210
2709 2 4 10 6 1 1 1529 327 738
2710 2 4 10 6 1 1 676 1529 738
2711 2 4 10 6 1 1 1529 676 715
2712 2 4 10 6 1 2 1530 328 737
2713 2 4 10 6 1 2 673 1530 737
2714 2 4 10 6 1 2 1530 673 714
2715 2 4 10 6 1 1 1531 325 740
2716 2 4 10 6 1 1 674 1531 740
2717 2 4 10 6 1 1 1531 674 716
2718 2 4 10 6 1 2 1532 326 739
2719 2 4 10 6 1 2 675 1532 739
2720 2 4 10 6 1 2 1532 675 713
2721 2 4 10 6 1 2 1589 621 654
2722 2 4 10 6 1 1 1590 622 656
2723 2 4 10 6 1 2 1591 623 653
2724 2 4 10 6 1 1 1592 624 655
2725 2 4 10 6 1 1 1577 1456 322
2726 2 4 10 6 1 1 1577 657 1405
2727 2 4 10 6 1 1 657 1577 672
2728 2 4 10 6 1 1 1405 1456 1577
2729 2 4 10 6 1 2 1578 1455 324
2730 2 4 10 6 1 2 1578 659 1406
2731 2 4 10 6 1 2 659 1578 671
2732 2 4 10 6 1 2 1406 1455 1578
2733 2 4 10 6 1 1 1579 1454 321
2734 2 4 10 6 1 1 1579 660 1408
2735 2 4 10 6 1 1 660 1579 670
2736 2 4 10 6 1 1 1408 1454 1579
2737 2 4 10 6 1 2 1580 1453 323
2738 2 4 10 6 1 2 1580 658 1407
2739 2 4 10 6 1 2 658 1580 669
2740 2 4 10 6 1 2 1407 1453 1580
2741 2 4 10 6 1 2 1477 25 933
2742 2 4 10 6 1 2 721 1423 1477
2743 2 4 10 6 1 1 1478 141 934
2744 2 4 10 6 1 1 723 1422 1478
2745 2 4 10 6 1 1 1479 103 935
2746 2 4 10 6 1 1 724 1421 1479
2747 2 4 10 6 1 2 1480 64 936
2748 2 4 10 6 1 2 722 1424 1480
2749 2 4 10 6 1 2 91 1609 888
2750 2 4 10 6 1 2 1609 769 888
2751 2 4 10 6 1 1 13 1610 886
2752 2 4 10 6 1 1 1610 770 886
2753 2 4 10 6 1 2 52 1611 885
2754 2 4 10 6 1 2 1611 772 885
2755 2 4 10 6 1 1 129 1612 887
2756 2 4 10 6 1 1 1612 771 887
2757 2 4 10 6 1 2 769 798 865
2758 2 4 10 6 1 2 865 888 769
2759 2 4 10 6 1 2 915 865 798
2760 2 4 10 6 1 1 771 799 866
2761 2 4 10 6 1 1 866 887 771
2762 2 4 10 6 1 1 914 866 799
2763 2 4 10 6 1 1 770 800 867
2764 2 4 10 6 1 1 867 886 770
2765 2 4 10 6 1 1 913 867 800
2766 2 4 10 6 1 2 772 797 868
2767 2 4 10 6 1 2 868 885 772
2768 2 4 10 6 1 2 916 868 797
2769 2 4 10 6 1 1 981 1011 395
2770 2 4 10 6 1 1 1008 981 395
2771 2 4 10 6 1 1 489 981 511
2772 2 4 10 6 1 1 897 981 489
2773 2 4 10 6 1 1 981 897 1011
2774 2 4 10 6 1 1 982 1012 394
2775 2 4 10 6 1 1 1007 982 394
2776 2 4 10 6 1 1 491 982 509
2777 2 4 10 6 1 1 898 982 491
2778 2 4 10 6 1 1 982 898 1012
2779 2 4 10 6 1 2 983 1009 393
2780 2 4 10 6 1 2 1006 983 393
2781 2 4 10 6 1 2 490 983 510
2782 2 4 10 6 1 2 899 983 490
2783 2 4 10 6 1 2 983 899 1009
2784 2 4 10 6 1 2 984 1010 396
2785 2 4 10 6 1 2 1005 984 396
2786 2 4 10 6 1 2 492 984 512
2787 2 4 10 6 1 2 900 984 492
2788 2 4 10 6 1 2 984 900 1010
2789 2 4 10 6 1 2 56 469 733
2790 2 4 10 6 1 2 469 56 57
2791 2 4 10 6 1 1 133 470 734
2792 2 4 10 6 1 1 470 133 134
2793 2 5 10 6 2 2 -1 95 471 735
2794 2 5 10 6 2 1 -2 471 95 96
2795 2 5 10 6 2 1 -2 17 472 736
2796 2 5 10 6 2 2 -1 472 17 18
2797 2 4 10 6 1 2 847 162 849
2798 2 4 10 6 1 2 375 849 874
2799 2 4 10 6 1 1 846 163 850
2800 2 4 10 6 1 1 374 850 876
2801 2 4 10 6 1 1 848 161 851
2802 2 4 10 6 1 1 373 851 875
2803 2 4 10 6 1 2 845 164 852
2804 2 4 10 6 1 2 376 852 873
2805 2 4 10 6 1 1 313 1561 1235
2806 2 4 10 6 1 1 635 1561 689
2807 2 4 10 6 1 1 1377 1561 635
2808 2 4 10 6 1 1 1377 1235 1561
2809 2 4 10 6 1 2 315 1562 1236
2810 2 4 10 6 1 2 634 1562 691
2811 2 4 10 6 1 2 1378 1562 634
2812 2 4 10 6 1 2 1378 1236 1562
2813 2 4 10 6 1 1 314 1563 1234
2814 2 4 10 6 1 1 636 1563 692
2815 2 4 10 6 1 1 1380 1563 636
2816 2 4 10 6 1 1 1380 1234 1563
2817 2 4 10 6 1 2 316 1564 1233
2818 2 4 10 6 1 2 633 1564 690
2819 2 4 10 6 1 2 1379 1564 633
2820 2 4 10 6 1 2 1379 1233 1564
2821 2 4 10 6 1 2 330 1513 1249
2822 2 4 10 6 1 2 1393 1249 1513
2823 2 4 10 6 1 2 331 1514 1252
2824 2 4 10 6 1 2 1394 1252 1514
2825 2 4 10 6 1 1 329 1515 1250
2826 2 4 10 6 1 1 1395 1250 1515
2827 2 4 10 6 1 1 332 1516 1251
2828 2 4 10 6 1 1 1396 1251 1516
2829 2 4 10 6 1 2 92 1609 91
2830 2 4 10 6 1 1 14 1610 13
2831 2 4 10 6 1 2 53 1611 52
2832 2 4 10 6 1 1 130 1612 129
2833 2 4 10 6 1 2 211 1621 687
2834 2 4 10 6 1 2 654 1621 1589
2835 2 4 10 6 1 2 1621 654 687
2836 2 4 10 6 1 1 209 1622 688
2837 2 4 10 6 1 1 656 1622 1590
2838 2 4 10 6 1 1 1622 656 688
2839 2 4 10 6 1 2 212 1623 685
2840 2 4 10 6 1 2 653 1623 1591
2841 2 4 10 6 1 2 1623 653 685
2842 2 4 10 6 1 1 210 1624 686
2843 2 4 10 6 1 1 655 1624 1592
2844 2 4 10 6 1 1 1624 655 686
2845 2 4 10 6 1 1 1629 128 887
2846 2 4 10 6 1 1 1629 866 506
2847 2 4 10 6 1 1 866 1629 887
2848 2 4 10 6 1 2 1630 90 888
2849 2 4 10 6 1 2 1630 865 505
2850 2 4 10 6 1 2 865 1630 888
2851 2 4 10 6 1 2 1631 51 885
2852 2 4 10 6 1 2 1631 868 508
2853 2 4 10 6 1 2 868 1631 885
2854 2 4 10 6 1 1 1632 12 886
2855 2 4 10 6 1 1 1632 867 507
2856 2 4 10 6 1 1 867 1632 886
2857 2 4 10 6 1 2 1633 683 621
2858 2 4 10 6 1 2 1589 1633 621
2859 2 4 10 6 1 1 1634 684 622
2860 2 4 10 6 1 1 1590 1634 622
2861 2 4 10 6 1 2 1635 682 623
2862 2 4 10 6 1 2 1591 1635 623
2863 2 4 10 6 1 1 1636 681 624
2864 2 4 10 6 1 1 1592 1636 624
2865 2 4 10 6 1 2 24 1637 823
2866 2 4 10 6 1 2 1637 1423 823
2867 2 4 10 6 1 1 140 1638 822
2868 2 4 10 6 1 1 1638 1422 822
2869 2 4 10 6 1 2 63 1639 824
2870 2 4 10 6 1 2 1639 1424 824
2871 2 4 10 6 1 1 102 1640 821
2872 2 4 10 6 1 1 1640 1421 821
2873 2 4 10 6 1 1 1641 1097 1089
2874 2 4 10 6 1 2 1642 1099 1092
2875 2 4 10 6 1 1 1643 1100 1091
2876 2 4 10 6 1 2 1644 1098 1090
2877 2 4 10 6 1 1 1645 224 729
2878 2 4 10 6 1 2 1646 221 731
2879 2 4 10 6 1 2 1647 223 730
2880 2 4 10 6 1 1 1648 222 732
2881 2 4 10 6 1 1 708 1649 231
2882 2 4 10 6 1 1 825 1649 1572
2883 2 4 10 6 1 1 1649 825 231
2884 2 4 10 6 1 1 1649 708 1572
2885 2 4 10 6 1 2 707 1650 232
2886 2 4 10 6 1 2 826 1650 1570
2887 2 4 10 6 1 2 1650 826 232
2888 2 4 10 6 1 2 1650 707 1570
2889 2 4 10 6 1 2 705 1651 230
2890 2 4 10 6 1 2 827 1651 1569
2891 2 4 10 6 1 2 1651 827 230
2892 2 4 10 6 1 2 1651 705 1569
2893 2 4 10 6 1 1 706 1652 229
2894 2 4 10 6 1 1 828 1652 1571
2895 2 4 10 6 1 1 1652 828 229
2896 2 4 10 6 1 1 1652 706 1571
2897 2 4 10 6 1 2 433 1657 243
2898 2 4 10 6 1 2 901 1657 1004
2899 2 4 10 6 1 2 1657 901 243
2900 2 4 10 6 1 2 1657 433 1004
2901 2 4 10 6 1 2 436 1658 242
2902 2 4 10 6 1 2 904 1658 1001
2903 2 4 10 6 1 2 1658 904 242
2904 2 4 10 6 1 2 1658 436 1001
2905 2 4 10 6 1 1 435 1659 241
2906 2 4 10 6 1 1 903 1659 1002
2907 2 4 10 6 1 1 1659 903 241
2908 2 4 10 6 1 1 1659 435 1002
2909 2 4 10 6 1 1 434 1660 244
2910 2 4 10 6 1 1 902 1660 1003
2911 2 4 10 6 1 1 1660 902 244
2912 2 4 10 6 1 1 1660 434 1003
2913 2 4 10 6 1 1 1661 161 166
2914 2 4 10 6 1 1 1661 875 851
2915 2 4 10 6 1 1 875 1661 166
2916 2 4 10 6 1 1 161 1661 851
2917 2 4 10 6 1 1 1662 163 168
2918 2 4 10 6 1 1 1662 876 850
2919 2 4 10 6 1 1 876 1662 168
2920 2 4 10 6 1 1 163 1662 850
2921 2 4 10 6 1 2 1663 164 167
2922 2 4 10 6 1 2 1663 873 852
2923 2 4 10 6 1 2 873 1663 167
2924 2 4 10 6 1 2 164 1663 852
2925 2 4 10 6 1 2 1664 162 165
2926 2 4 10 6 1 2 1664 874 849
2927 2 4 10 6 1 2 874 1664 165
2928 2 4 10 6 1 2 162 1664 849
2929 2 4 10 6 1 2 1639 63 64
2930 2 4 10 6 1 2 1639 1480 1424
2931 2 4 10 6 1 2 1480 1639 64
2932 2 4 10 6 1 1 1640 102 103
2933 2 4 10 6 1 1 1640 1479 1421
2934 2 4 10 6 1 1 1479 1640 103
2935 2 4 10 6 1 2 1637 24 25
2936 2 4 10 6 1 2 1637 1477 1423
2937 2 4 10 6 1 2 1477 1637 25
2938 2 4 10 6 1 1 1638 140 141
2939 2 4 10 6 1 1 1638 1478 1422
2940 2 4 10 6 1 1 1478 1638 141
2941 2 4 10 6 1 2 1573 1621 211
2942 2 4 10 6 1 2 1573 1589 1621
2943 2 4 10 6 1 2 1574 1623 212
2944 2 4 10 6 1 2 1574 1591 1623
2945 2 4 10 6 1 1 1575 1622 209
2946 2 4 10 6 1 1 1575 1590 1622
2947 2 4 10 6 1 1 1576 1624 210
2948 2 4 10 6 1 1 1576 1592 1624
2949 2 4 10 6 1 2 50 51 1631
2950 2 4 10 6 1 2 508 50 1631
2951 2 4 10 6 1 1 11 12 1632
2952 2 4 10 6 1 1 507 11 1632
2953 2 4 10 6 1 2 89 90 1630
2954 2 4 10 6 1 2 505 89 1630
2955 2 4 10 6 1 1 127 128 1629
2956 2 4 10 6 1 1 506 127 1629
2957 2 4 10 6 1 1 1592 1576 1636
2958 2 4 10 6 1 2 1591 1574 1635
2959 2 4 10 6 1 2 1589 1573 1633
2960 2 4 10 6 1 1 1590 1575 1634
2961 2 4 10 6 1 1 407 132 734
2962 2 4 10 6 1 1 132 407 1437
2963 2 4 10 6 1 1 1437 131 132
2964 2 4 10 6 1 1 734 132 133
2965 2 4 10 6 1 2 406 94 735
2966 2 4 10 6 1 2 94 406 1438
2967 2 4 10 6 1 2 1438 93 94
2968 2 5 10 6 2 2 -1 735 94 95
2969 2 4 10 6 1 2 408 55 733
2970 2 4 10 6 1 2 55 408 1439
2971 2 4 10 6 1 2 1439 54 55
2972 2 4 10 6 1 2 733 55 56
2973 2 4 10 6 1 1 405 16 736
2974 2 4 10 6 1 1 16 405 1440
2975 2 4 10 6 1 1 1440 15 16
2976 2 5 10 6 2 1 -2 736 16 17
2977 2 4 10 6 1 2 1642 1029 1099
2978 2 4 10 6 1 1 1641 1032 1097
2979 2 4 10 6 1 1 1643 1031 1100
2980 2 4 10 6 1 2 1644 1030 1098
2981 2 4 10 6 1 2 901 1565 87
2982 2 4 10 6 1 2 1004 1565 901
2983 2 4 10 6 1 1 903 1566 9
2984 2 4 10 6 1 1 1002 1566 903
2985 2 4 10 6 1 1 902 1567 125
2986 2 4 10 6 1 1 1003 1567 902
2987 2 4 10 6 1 2 904 1568 48
2988 2 4 10 6 1 2 1001 1568 904
2989 2 4 10 6 1 2 1393 1513 1278
2990 2 4 10 6 1 2 1513 1429 1278
2991 2 4 10 6 1 2 1394 1514 1279
2992 2 4 10 6 1 2 1514 1430 1279
2993 2 4 10 6 1 1 1395 1515 1277
2994 2 4 10 6 1 1 1515 1432 1277
2995 2 4 10 6 1 1 1396 1516 1280
2996 2 4 10 6 1 1 1516 1431 1280
2997 2 4 10 6 1 2 93 1438 92
2998 2 4 10 6 1 2 1553 92 1438
2999 2 4 10 6 1 2 92 1553 1609
3000 2 4 10 6 1 1 15 1440 14
3001 2 4 10 6 1 1 1554 14 1440
3002 2 4 10 6 1 1 14 1554 1610
3003 2 4 10 6 1 2 54 1439 53
3004 2 4 10 6 1 2 1555 53 1439
3005 2 4 10 6 1 2 53 1555 1611
3006 2 4 10 6 1 1 131 1437 130
3007 2 4 10 6 1 1 1556 130 1437
3008 2 4 10 6 1 1 130 1556 1612
3009 2 4 10 6 1 1 1469 1413 1260
3010 2 4 10 6 1 1 1469 1451 1413
3011 2 4 10 6 1 2 1471 1414 1257
3012 2 4 10 6 1 2 1471 1452 1414
3013 2 4 10 6 1 2 1472 1415 1258
3014 2 4 10 6 1 2 1472 1449 1415
3015 2 4 10 6 1 1 1470 1416 1259
3016 2 4 10 6 1 1 1470 1450 1416
3017 2 4 10 6 1 1 1389 1445 1037
3018 2 4 10 6 1 1 1527 1445 1389
3019 2 4 10 6 1 1 1391 1446 1038
3020 2 4 10 6 1 1 1525 1446 1391
3021 2 4 10 6 1 2 1392 1447 1039
3022 2 4 10 6 1 2 1528 1447 1392
3023 2 4 10 6 1 2 1390 1448 1040
3024 2 4 10 6 1 2 1526 1448 1390
3025 2 4 10 6 1 2 1597 317 804
3026 2 4 10 6 1 2 1597 808 344
3027 2 4 10 6 1 2 804 808 1597
3028 2 4 10 6 1 2 1598 319 802
3029 2 4 10 6 1 2 1598 805 341
3030 2 4 10 6 1 2 802 805 1598
3031 2 4 10 6 1 1 1599 320 803
3032 2 4 10 6 1 1 1599 806 343
3033 2 4 10 6 1 1 803 806 1599
3034 2 4 10 6 1 1 1600 318 801
3035 2 4 10 6 1 1 1600 807 342
3036 2 4 10 6 1 1 801 807 1600
3037 2 4 10 6 1 1 1387 1473 1316
3038 2 4 10 6 1 1 1473 1583 1316
3039 2 4 10 6 1 2 1388 1474 1313
3040 2 4 10 6 1 2 1474 1581 1313
3041 2 4 10 6 1 2 1385 1475 1315
3042 2 4 10 6 1 2 1475 1582 1315
3043 2 4 10 6 1 1 1386 1476 1314
3044 2 4 10 6 1 1 1476 1584 1314
3045 2 4 10 6 1 1 1628 537 1051
3046 2 5 10 6 2 2 -1 1627 538 1052
3047 2 4 10 6 1 2 1626 539 1049
3048 2 4 10 6 1 1 1625 540 1050
3049 2 4 10 6 1 2 1481 986 954
3050 2 4 10 6 1 2 986 1481 1549
3051 2 4 10 6 1 2 1482 987 953
3052 2 4 10 6 1 2 987 1482 1550
3053 2 4 10 6 1 1 1483 985 956
3054 2 4 10 6 1 1 985 1483 1552
3055 2 4 10 6 1 1 1484 988 955
3056 2 4 10 6 1 1 988 1484 1551
3057 2 4 10 6 1 2 469 1545 777
3058 2 4 10 6 1 2 469 1518 1545
3059 2 4 10 6 1 2 216 777 1545
3060 2 4 10 6 1 2 1588 216 1545
3061 2 5 10 6 2 1 -2 472 1546 780
3062 2 5 10 6 2 2 -1 472 1517 1546
3063 2 5 10 6 2 1 -2 213 780 1546
3064 2 5 10 6 2 1 -2 1586 213 1546
3065 2 5 10 6 2 2 -1 471 1547 779
3066 2 5 10 6 2 1 -2 471 1519 1547
3067 2 5 10 6 2 2 -1 214 779 1547
3068 2 5 10 6 2 2 -1 1585 214 1547
3069 2 4 10 6 1 1 470 1548 778
3070 2 4 10 6 1 1 470 1520 1548
3071 2 4 10 6 1 1 215 778 1548
3072 2 4 10 6 1 1 1587 215 1548
3073 2 4 10 6 1 2 1595 665 370
3074 2 4 10 6 1 2 1521 665 1595
3075 2 4 10 6 1 1 1596 666 371
3076 2 4 10 6 1 1 1522 666 1596
3077 2 4 10 6 1 2 1593 667 372
3078 2 4 10 6 1 2 1523 667 1593
3079 2 4 10 6 1 1 1594 668 369
3080 2 4 10 6 1 1 1524 668 1594
3081 2 5 10 6 2 1 -2 1669 1047 537
3082 2 5 10 6 2 1 -2 1628 1669 537
3083 2 4 10 6 1 1 1670 1045 540
3084 2 4 10 6 1 1 1625 1670 540
3085 2 4 10 6 1 2 1671 1046 539
3086 2 4 10 6 1 2 1626 1671 539
3087 2 5 10 6 2 1 -2 1672 1048 538
3088 2 5 10 6 2 2 -1 1627 1672 538
3089 2 4 10 6 1 1 587 1681 1094
3090 2 4 10 6 1 2 586 1682 1093
3091 2 5 10 6 2 2 -1 588 1683 1096
3092 2 5 10 6 2 1 -2 585 1684 1095
3093 2 4 10 6 1 2 1685 685 653
3094 2 4 10 6 1 2 1685 1513 330
3095 2 4 10 6 1 2 1513 1685 653
3096 2 4 10 6 1 2 685 1685 330
3097 2 4 10 6 1 2 1686 687 654
3098 2 4 10 6 1 2 1686 1514 331
3099 2 4 10 6 1 2 1514 1686 654
3100 2 4 10 6 1 2 687 1686 331
3101 2 4 10 6 1 1 1687 686 655
3102 2 4 10 6 1 1 1687 1515 329
3103 2 4 10 6 1 1 1515 1687 655
3104 2 4 10 6 1 1 686 1687 329
3105 2 4 10 6 1 1 1688 688 656
3106 2 4 10 6 1 1 1688 1516 332
3107 2 4 10 6 1 1 1516 1688 656
3108 2 4 10 6 1 1 688 1688 332
3109 2 4 10 6 1 1 709 1689 1572
3110 2 4 10 6 1 1 1469 1689 1451
3111 2 4 10 6 1 1 1689 709 1451
3112 2 4 10 6 1 1 710 1690 1571
3113 2 4 10 6 1 1 1470 1690 1450
3114 2 4 10 6 1 1 1690 710 1450
3115 2 4 10 6 1 2 712 1691 1569
3116 2 4 10 6 1 2 1471 1691 1452
3117 2 4 10 6 1 2 1691 712 1452
3118 2 4 10 6 1 2 711 1692 1570
3119 2 4 10 6 1 2 1472 1692 1449
3120 2 4 10 6 1 2 1692 711 1449
3121 2 4 10 6 1 2 1693 1049 533
3122 2 4 10 6 1 2 1656 1693 533
3123 2 4 10 6 1 1 1694 1050 534
3124 2 4 10 6 1 1 1655 1694 534
3125 2 4 10 6 1 1 1695 1051 536
3126 2 4 10 6 1 1 1653 1695 536
3127 2 4 10 6 1 2 1696 1052 535
3128 2 4 10 6 1 2 1654 1696 535
3129 2 4 10 6 1 2 1697 795 1606
3130 2 4 10 6 1 2 795 1697 776
3131 2 4 10 6 1 1 1698 794 1605
3132 2 4 10 6 1 1 794 1698 775
3133 2 4 10 6 1 1 1699 796 1608
3134 2 4 10 6 1 1 796 1699 773
3135 2 4 10 6 1 2 1700 793 1607
3136 2 4 10 6 1 2 793 1700 774
3137 2 4 10 6 1 1 301 1689 1469
3138 2 4 10 6 1 1 301 1572 1689
3139 2 4 10 6 1 1 302 1690 1470
3140 2 4 10 6 1 1 302 1571 1690
3141 2 4 10 6 1 2 303 1691 1471
3142 2 4 10 6 1 2 303 1569 1691
3143 2 4 10 6 1 2 304 1692 1472
3144 2 4 10 6 1 2 304 1570 1692
3145 2 4 10 6 1 2 1029 1673 1021
3146 2 4 10 6 1 2 1029 1642 1673
3147 2 5 10 6 2 1 -2 1032 1674 1024
3148 2 5 10 6 2 1 -2 1032 1641 1674
3149 2 4 10 6 1 1 1031 1675 1023
3150 2 4 10 6 1 1 1031 1643 1675
3151 2 5 10 6 2 2 -1 1030 1676 1022
3152 2 5 10 6 2 2 -1 1030 1644 1676
3153 2 4 10 6 1 1 1681 1128 1023
3154 2 4 10 6 1 1 1128 1681 587
3155 2 4 10 6 1 1 1675 1681 1023
3156 2 4 10 6 1 2 1682 1125 1021
3157 2 4 10 6 1 2 1125 1682 586
3158 2 4 10 6 1 2 1673 1682 1021
3159 2 5 10 6 2 1 -2 1684 1127 1022
3160 2 4 10 6 1 1 1127 1684 585
3161 2 5 10 6 2 1 -2 1676 1684 1022
3162 2 5 10 6 2 1 -2 1683 1126 1024
3163 2 5 10 6 2 2 -1 1126 1683 588
3164 2 5 10 6 2 1 -2 1674 1683 1024
3165 2 4 10 6 1 2 1696 1627 1052
3166 2 4 10 6 1 2 1696 1654 1614
3167 2 4 10 6 1 2 1614 1618 1696
3168 2 4 10 6 1 1 1695 1628 1051
3169 2 4 10 6 1 1 1695 1653 1616
3170 2 4 10 6 1 1 1616 1617 1695
3171 2 4 10 6 1 1 1694 1625 1050
3172 2 5 10 6 2 1 -2 1694 1655 1613
3173 2 5 10 6 2 1 -2 1613 1620 1694
3174 2 4 10 6 1 2 1693 1626 1049
3175 2 5 10 6 2 2 -1 1693 1656 1615
3176 2 5 10 6 2 2 -1 1615 1619 1693
3177 2 4 10 6 1 2 1482 929 167
3178 2 4 10 6 1 2 950 171 929
3179 2 4 10 6 1 2 929 953 950
3180 2 4 10 6 1 2 1482 953 929
3181 2 4 10 6 1 2 1481 930 165
3182 2 4 10 6 1 2 951 169 930
3183 2 4 10 6 1 2 930 954 951
3184 2 4 10 6 1 2 1481 954 930
3185 2 4 10 6 1 1 1483 931 166
3186 2 4 10 6 1 1 952 170 931
3187 2 4 10 6 1 1 931 956 952
3188 2 4 10 6 1 1 1483 956 931
3189 2 4 10 6 1 1 1484 932 168
3190 2 4 10 6 1 1 949 172 932
3191 2 4 10 6 1 1 932 955 949
3192 2 4 10 6 1 1 1484 955 932
3193 2 4 10 6 1 2 1677 533 1081
3194 2 4 10 6 1 2 533 1677 1656
3195 2 5 10 6 2 2 -1 1047 1677 1081
3196 2 4 10 6 1 1 1678 534 1082
3197 2 4 10 6 1 1 534 1678 1655
3198 2 4 10 6 1 1 1048 1678 1082
3199 2 4 10 6 1 1 1679 536 1083
3200 2 4 10 6 1 1 536 1679 1653
3201 2 4 10 6 1 1 1045 1679 1083
3202 2 4 10 6 1 2 1680 535 1084
3203 2 4 10 6 1 2 535 1680 1654
3204 2 4 10 6 1 2 1046 1680 1084
3205 2 4 10 6 1 1 729 684 1645
3206 2 4 10 6 1 1 1634 1645 684
3207 2 4 10 6 1 2 730 682 1647
3208 2 4 10 6 1 2 1635 1647 682
3209 2 4 10 6 1 2 731 683 1646
3210 2 4 10 6 1 2 1633 1646 683
3211 2 4 10 6 1 1 732 681 1648
3212 2 4 10 6 1 1 1636 1648 681
3213 2 4 10 6 1 1 1584 357 677
3214 2 4 10 6 1 1 357 1584 1476
3215 2 4 10 6 1 1 1583 360 678
3216 2 4 10 6 1 1 360 1583 1473
3217 2 4 10 6 1 2 1582 359 679
3218 2 4 10 6 1 2 359 1582 1475
3219 2 4 10 6 1 2 1581 358 680
3220 2 4 10 6 1 2 358 1581 1474
3221 2 4 10 6 1 1 1679 1045 1670
3222 2 4 10 6 1 1 1670 1653 1679
3223 2 4 10 6 1 1 1620 1616 1670
3224 2 4 10 6 1 1 1653 1670 1616
3225 2 4 10 6 1 2 1680 1046 1671
3226 2 4 10 6 1 2 1671 1654 1680
3227 2 4 10 6 1 2 1619 1614 1671
3228 2 4 10 6 1 2 1654 1671 1614
3229 2 5 10 6 2 2 -1 1677 1047 1669
3230 2 5 10 6 2 2 -1 1669 1656 1677
3231 2 5 10 6 2 1 -2 1617 1615 1669
3232 2 5 10 6 2 2 -1 1656 1669 1615
3233 2 5 10 6 2 1 -2 1678 1048 1672
3234 2 5 10 6 2 1 -2 1672 1655 1678
3235 2 5 10 6 2 2 -1 1618 1613 1672
3236 2 5 10 6 2 1 -2 1655 1672 1613
3237 2 4 10 6 1 2 71 1701 70
3238 2 4 10 6 1 1 148 1702 147
3239 2 4 10 6 1 2 32 1703 31
3240 2 4 10 6 1 1 110 1704 109
3241 2 4 10 6 1 1 1082 1709 562
3242 2 4 10 6 1 1 1146 1709 1055
3243 2 4 10 6 1 1 1709 1146 562
3244 2 4 10 6 1 1 1709 1082 1055
3245 2 4 10 6 1 2 1081 1710 564
3246 2 4 10 6 1 2 1145 1710 1056
3247 2 4 10 6 1 2 1710 1145 564
3248 2 4 10 6 1 2 1710 1081 1056
3249 2 4 10 6 1 1 1083 1711 563
3250 2 4 10 6 1 1 1148 1711 1053
3251 2 4 10 6 1 1 1711 1148 563
3252 2 4 10 6 1 1 1711 1083 1053
3253 2 4 10 6 1 2 1084 1712 561
3254 2 4 10 6 1 2 1147 1712 1054
3255 2 4 10 6 1 2 1712 1147 561
3256 2 4 10 6 1 2 1712 1084 1054
3257 2 4 10 6 1 2 1713 382 721
3258 2 4 10 6 1 2 1713 1477 933
3259 2 4 10 6 1 2 1477 1713 721
3260 2 4 10 6 1 2 382 1713 933
3261 2 4 10 6 1 1 1714 384 723
3262 2 4 10 6 1 1 1714 1478 934
3263 2 4 10 6 1 1 1478 1714 723
3264 2 4 10 6 1 1 384 1714 934
3265 2 4 10 6 1 1 1715 381 724
3266 2 4 10 6 1 1 1715 1479 935
3267 2 4 10 6 1 1 1479 1715 724
3268 2 4 10 6 1 1 381 1715 935
3269 2 4 10 6 1 2 1716 383 722
3270 2 4 10 6 1 2 1716 1480 936
3271 2 4 10 6 1 2 1480 1716 722
3272 2 4 10 6 1 2 383 1716 936
3273 2 4 10 6 1 2 1521 1717 382
3274 2 4 10 6 1 2 1717 1667 382
3275 2 4 10 6 1 1 1522 1718 381
3276 2 4 10 6 1 1 1718 1665 381
3277 2 4 10 6 1 2 1523 1719 383
3278 2 4 10 6 1 2 1719 1668 383
3279 2 4 10 6 1 1 1524 1720 384
3280 2 4 10 6 1 1 1720 1666 384
3281 2 4 10 6 1 2 912 1721 727
3282 2 4 10 6 1 1 909 1722 726
3283 2 4 10 6 1 2 910 1723 725
3284 2 4 10 6 1 1 911 1724 728
3285 2 4 10 6 1 2 1501 725 1723
3286 2 4 10 6 1 1 1502 726 1722
3287 2 4 10 6 1 2 1504 727 1721
3288 2 4 10 6 1 1 1503 728 1724
3289 2 4 10 6 1 2 30 1723 910
3290 2 4 10 6 1 1 108 1722 909
3291 2 4 10 6 1 1 146 1724 911
3292 2 4 10 6 1 2 69 1721 912
3293 2 4 10 6 1 2 69 70 1721
3294 2 4 10 6 1 1 146 147 1724
3295 2 4 10 6 1 1 108 109 1722
3296 2 4 10 6 1 2 30 31 1723
3297 2 5 10 6 2 2 -1 1708 1618 1614
3298 2 5 10 6 2 2 -1 1618 1708 1613
3299 2 5 10 6 2 1 -2 1706 1613 1708
3300 2 4 10 6 1 1 1707 1617 1616
3301 2 5 10 6 2 1 -2 1617 1707 1615
3302 2 5 10 6 2 1 -2 1705 1615 1707
3303 2 4 10 6 1 1 1620 1706 1616
3304 2 5 10 6 2 1 -2 1706 1620 1613
3305 2 4 10 6 1 1 1707 1616 1706
3306 2 5 10 6 2 2 -1 1705 1619 1615
3307 2 5 10 6 2 2 -1 1619 1705 1614
3308 2 5 10 6 2 2 -1 1708 1614 1705
3309 2 4 10 6 1 2 1619 1671 1626
3310 2 4 10 6 1 2 1619 1626 1693
3311 2 4 10 6 1 1 1620 1670 1625
3312 2 4 10 6 1 1 1620 1625 1694
3313 2 5 10 6 2 2 -1 1618 1672 1627
3314 2 4 10 6 1 2 1618 1627 1696
3315 2 5 10 6 2 1 -2 1617 1669 1628
3316 2 4 10 6 1 1 1617 1628 1695
3317 2 4 10 6 1 2 1697 32 33
3318 2 4 10 6 1 2 776 1697 33
3319 2 4 10 6 1 2 1703 32 1697
3320 2 4 10 6 1 2 1606 1703 1697
3321 2 4 10 6 1 1 1698 148 149
3322 2 4 10 6 1 1 775 1698 149
3323 2 4 10 6 1 1 1702 148 1698
3324 2 4 10 6 1 1 1605 1702 1698
3325 2 4 10 6 1 1 1699 110 111
3326 2 4 10 6 1 1 773 1699 111
3327 2 4 10 6 1 1 1704 110 1699
3328 2 4 10 6 1 1 1608 1704 1699
3329 2 4 10 6 1 2 1700 71 72
3330 2 4 10 6 1 2 774 1700 72
3331 2 4 10 6 1 2 1701 71 1700
3332 2 4 10 6 1 2 1607 1701 1700
3333 2 4 10 6 1 1 1634 1575 1720
3334 2 4 10 6 1 1 1575 1666 1720
3335 2 4 10 6 1 1 1645 1634 1720
3336 2 4 10 6 1 2 1633 1573 1719
3337 2 4 10 6 1 2 1573 1668 1719
3338 2 4 10 6 1 2 1646 1633 1719
3339 2 4 10 6 1 1 1636 1576 1718
3340 2 4 10 6 1 1 1576 1665 1718
3341 2 4 10 6 1 1 1648 1636 1718
3342 2 4 10 6 1 2 1635 1574 1717
3343 2 4 10 6 1 2 1574 1667 1717
3344 2 4 10 6 1 2 1647 1635 1717
3345 2 4 10 6 1 2 1668 211 680
3346 2 4 10 6 1 2 1668 1573 211
3347 2 4 10 6 1 2 1668 722 383
3348 2 4 10 6 1 2 1668 680 722
3349 2 4 10 6 1 2 1667 212 679
3350 2 4 10 6 1 2 1667 1574 212
3351 2 4 10 6 1 2 1667 721 382
3352 2 4 10 6 1 2 1667 679 721
3353 2 4 10 6 1 1 1665 210 677
3354 2 4 10 6 1 1 1665 1576 210
3355 2 4 10 6 1 1 1665 724 381
3356 2 4 10 6 1 1 1665 677 724
3357 2 4 10 6 1 1 1666 209 678
3358 2 4 10 6 1 1 1666 1575 209
3359 2 4 10 6 1 1 1666 723 384
3360 2 4 10 6 1 1 1666 678 723
3361 2 5 10 6 2 1 -2 1706 1705 1707
3362 2 5 10 6 2 1 -2 1706 1708 1705
3363 2 4 10 6 1 2 698 221 1593
3364 2 4 10 6 1 2 221 1646 1593
3365 2 4 10 6 1 2 1719 1523 1593
3366 2 4 10 6 1 2 1646 1719 1593
3367 2 4 10 6 1 1 700 224 1594
3368 2 4 10 6 1 1 224 1645 1594
3369 2 4 10 6 1 1 1720 1524 1594
3370 2 4 10 6 1 1 1645 1720 1594
3371 2 4 10 6 1 2 699 223 1595
3372 2 4 10 6 1 2 223 1647 1595
3373 2 4 10 6 1 2 1717 1521 1595
3374 2 4 10 6 1 2 1647 1717 1595
3375 2 4 10 6 1 1 697 222 1596
3376 2 4 10 6 1 1 222 1648 1596
3377 2 4 10 6 1 1 1718 1522 1596
3378 2 4 10 6 1 1 1648 1718 1596
3379 2 4 10 6 1 1 1608 1502 1704
3380 2 4 10 6 1 1 1502 1722 1704
3381 2 4 10 6 1 1 1704 1722 109
3382 2 4 10 6 1 2 1606 1501 1703
3383 2 4 10 6 1 2 1501 1723 1703
3384 2 4 10 6 1 2 1703 1723 31
3385 2 4 10 6 1 1 1605 1503 1702
3386 2 4 10 6 1 1 1503 1724 1702
3387 2 4 10 6 1 1 1702 1724 147
3388 2 4 10 6 1 2 1607 1504 1701
3389 2 4 10 6 1 2 1504 1721 1701
3390 2 4 10 6 1 2 1701 1721 70
3391 2 4 10 6 1 2 1725 1092 1039
3392 2 4 10 6 1 2 1092 1725 1642
3393 2 4 10 6 1 2 1726 1090 1040
3394 2 4 10 6 1 2 1090 1726 1644
3395 2 5 10 6 2 1 -2 1727 1089 1037
3396 2 5 10 6 2 1 -2 1089 1727 1641
3397 2 4 10 6 1 1 1728 1091 1038
3398 2 4 10 6 1 1 1091 1728 1643
3399 2 4 10 6 1 1 357 1729 677
3400 2 4 10 6 1 1 724 1729 1421
3401 2 4 10 6 1 1 1729 724 677
3402 2 4 10 6 1 1 1729 357 1421
3403 2 4 10 6 1 1 360 1730 678
3404 2 4 10 6 1 1 723 1730 1422
3405 2 4 10 6 1 1 1730 723 678
3406 2 4 10 6 1 1 1730 360 1422
3407 2 4 10 6 1 2 358 1731 680
3408 2 4 10 6 1 2 722 1731 1424
3409 2 4 10 6 1 2 1731 722 680
3410 2 4 10 6 1 2 1731 358 1424
3411 2 4 10 6 1 2 359 1732 679
3412 2 4 10 6 1 2 721 1732 1423
3413 2 4 10 6 1 2 1732 721 679
3414 2 4 10 6 1 2 1732 359 1423
3415 2 5 10 6 2 2 -1 1733 1683 1674
3416 2 4 10 6 1 2 1734 1682 1673
3417 2 5 10 6 2 1 -2 1735 1684 1676
3418 2 4 10 6 1 1 1736 1681 1675
3419 2 5 10 6 2 2 -1 1095 1735 1066
3420 2 5 10 6 2 1 -2 1735 1095 1684
3421 2 4 10 6 1 2 1096 1733 1067
3422 2 5 10 6 2 2 -1 1733 1096 1683
3423 2 4 10 6 1 2 1093 1734 1068
3424 2 4 10 6 1 2 1734 1093 1682
3425 2 4 10 6 1 1 1094 1736 1065
3426 2 4 10 6 1 1 1736 1094 1681
3427 2 4 10 6 1 2 1725 1026 1068
3428 2 4 10 6 1 2 1734 1725 1068
3429 2 4 10 6 1 2 1673 1642 1725
3430 2 4 10 6 1 2 1026 1725 1039
3431 2 4 10 6 1 2 1725 1734 1673
3432 2 5 10 6 2 2 -1 1727 1027 1067
3433 2 5 10 6 2 2 -1 1733 1727 1067
3434 2 5 10 6 2 1 -2 1674 1641 1727
3435 2 5 10 6 2 1 -2 1027 1727 1037
3436 2 5 10 6 2 2 -1 1727 1733 1674
3437 2 4 10 6 1 2 1726 1028 1066
3438 2 5 10 6 2 2 -1 1735 1726 1066
3439 2 5 10 6 2 2 -1 1676 1644 1726
3440 2 4 10 6 1 2 1028 1726 1040
3441 2 5 10 6 2 2 -1 1726 1735 1676
3442 2 4 10 6 1 1 1728 1025 1065
3443 2 4 10 6 1 1 1736 1728 1065
3444 2 4 10 6 1 1 1675 1643 1728
3445 2 4 10 6 1 1 1025 1728 1038
3446 2 4 10 6 1 1 1728 1736 1675
3447 2 4 10 6 1 1 501 286 279
3448 2 4 10 6 1 1 521 286 501
3449 2 4 10 6 1 2 502 285 280
3450 2 4 10 6 1 2 522 285 502
3451 2 4 10 6 1 2 503 288 277
3452 2 4 10 6 1 2 523 288 503
3453 2 4 10 6 1 1 504 287 278
3454 2 4 10 6 1 1 524 287 504
3455 2 4 10 6 1 2 1737 43 44
3456 2 4 10 6 1 2 43 1737 292
3457 2 4 10 6 1 1 1738 4 5
3458 2 4 10 6 1 1 4 1738 291
3459 2 4 10 6 1 1 1739 120 121
3460 2 4 10 6 1 1 120 1739 289
3461 2 4 10 6 1 2 1740 82 83
3462 2 4 10 6 1 2 82 1740 290
3463 2 4 10 6 1 2 476 1737 44
3464 2 4 10 6 1 2 476 285 1737
3465 2 4 10 6 1 1 475 1738 5
3466 2 4 10 6 1 1 475 286 1738
3467 2 4 10 6 1 1 474 1739 121
3468 2 4 10 6 1 1 474 287 1739
3469 2 4 10 6 1 2 473 1740 83
3470 2 4 10 6 1 2 473 288 1740
3471 2 4 10 6 1 1 197 1739 287
3472 2 4 10 6 1 1 197 289 1739
3473 2 4 10 6 1 2 198 1740 288
3474 2 4 10 6 1 2 198 290 1740
3475 2 4 10 6 1 1 200 1738 286
3476 2 4 10 6 1 1 200 291 1738
3477 2 4 10 6 1 2 199 1737 285
3478 2 4 10 6 1 2 199 292 1737
$EndElements
