$MeshFormat
2.2 0 8
$EndMeshFormat
$PhysicalNames
1
2 100 "My fancy surface label"
$EndPhysicalNames
$Nodes
1826
1 0 0 0
2 0.1 0 0
3 0.01065026485879318 0 0
4 0.02470337144562928 0 0
5 0.04324656047120187 0 0
6 0.06771443949435133 0 0
7 0.05 0.3 0
8 0.05625000000000282 0.2624999999999831 0
9 0.06250000000000563 0.2249999999999662 0
10 0.06874999999999439 0.1875000000000337 0
11 0.07499999999998314 0.1500000000001012 0
12 0.08124999999998596 0.1125000000000843 0
13 0.08749999999998877 0.07500000000006742 0
14 0.09374999999999439 0.03750000000003371 0
15 0 0.3 0
16 0 0.2909090909090867 0
17 0 0.2818181818181734 0
18 0 0.2727272727272601 0
19 0 0.2636363636363468 0
20 0 0.2545454545454335 0
21 0 0.2454545454545202 0
22 0 0.2363636363636069 0
23 0 0.2272727272726936 0
24 0 0.2181818181817961 0
25 0 0.2090909090909038 0
26 0 0.2000000000000115 0
27 0 0.1909090909091192 0
28 0 0.181818181818227 0
29 0 0.1727272727273347 0
30 0 0.1636363636364424 0
31 0 0.1545454545455501 0
32 0 0.1454545454546473 0
33 0 0.1363636363637341 0
34 0 0.1272727272728207 0
35 0 0.1181818181819075 0
36 0 0.1090909090909942 0
37 0 0.1000000000000808 0
38 0 0.09090909090916756 0
39 0 0.08181818181825425 0
40 0 0.07272727272733991 0
41 0 0.06363636363642243 0
42 0 0.05454545454550492 0
43 0 0.04545454545458744 0
44 0 0.03636363636366994 0
45 0 0.02727272727275246 0
46 0 0.01818181818183495 0
47 0 0.009090909090917476 0
48 0.01666666865511154 0.3 0
49 0.02734061773287638 0.08578958167392352 0
50 0.02717676982653486 0.1212187838800803 0
51 0.025512084932604 0.1564430370540893 0
52 0.01267966370875992 0.09519756105157458 0
53 0.0124313749902065 0.1299516019114303 0
54 0.02720773558273399 0.03507472500295087 0
55 0.01060941994693082 0.1706207161789562 0
56 0.01187369275920888 0.05969606564306262 0
57 0.013554465114463 0.1067108905144202 0
58 0.01201009404535183 0.1427259254254145 0
59 0.02989174988243587 0.1431416224665557 0
60 0.0501819012037618 0.09967104813650711 0
61 0.053659846711959 0.1325496211001808 0
62 0.007143166673751537 0.2302879098584574 0
63 0.008860434988534061 0.1187377884752755 0
64 0.02742539717985312 0.1012568682232343 0
65 0.007991725146139649 0.1552469683403957 0
66 0.01022010894887262 0.244324847473428 0
67 0.007486652829038916 0.04945331221543131 0
68 0.04911657847693143 0.1575438782866966 0
69 0.01161670149810501 0.0332298595567976 0
70 0.008650774179103066 0.06951480529771373 0
71 0.01766407539675831 0.04662957553149475 0
72 0.03233326442671119 0.2042872320540219 0
73 0.02083283681133891 0.06533536815069767 0
74 0.04324839544635724 0.02470705877634745 0
75 0.01228848433100747 0.2182852329742142 0
76 0.03315399546367522 0.1770437196055656 0
77 0.009537395626099697 0.2014066531813112 0
78 0.01059013510999605 0.08059761821121349 0
79 0.0074944964964355 0.04140389027162326 0
80 0.06254366542224761 0.04248842422307525 0
81 0.01427234591056949 0.1876809322912002 0
82 0.01071737321920495 0.01218953162130739 0
83 0.03580678806512674 0.04771446181572236 0
84 0.04724236952766723 0.07000902474628055 0
85 0.02372277571181869 0.01890947713864615 0
86 0.009211370085825728 0.02195668275426771 0
87 0.02647586935249946 0.2277895576394318 0
88 0.01450401241744161 0.2600191131832585 0
89 0.03394447960489776 0.250117819637574 0
90 0.01081459466385292 0.2765457218157359 0
91 0.03036329255688444 0.2748637757727586 0
92 0 0.3 0.12
93 0 0 0.12
94 0.1 0 0.12
95 0.05 0.3 0.12
96 0 0.2909090909090867 0.12
97 0 0.2818181818181734 0.12
98 0 0.2727272727272601 0.12
99 0 0.2636363636363468 0.12
100 0 0.2545454545454335 0.12
101 0 0.2454545454545202 0.12
102 0 0.2363636363636069 0.12
103 0 0.2272727272726936 0.12
104 0 0.2181818181817961 0.12
105 0 0.2090909090909038 0.12
106 0 0.2000000000000115 0.12
107 0 0.1909090909091192 0.12
108 0 0.181818181818227 0.12
109 0 0.1727272727273347 0.12
110 0 0.1636363636364424 0.12
111 0 0.1545454545455501 0.12
112 0 0.1454545454546473 0.12
113 0 0.1363636363637341 0.12
114 0 0.1272727272728207 0.12
115 0 0.1181818181819075 0.12
116 0 0.1090909090909942 0.12
117 0 0.1000000000000808 0.12
118 0 0.09090909090916756 0.12
119 0 0.08181818181825425 0.12
120 0 0.07272727272733991 0.12
121 0 0.06363636363642243 0.12
122 0 0.05454545454550492 0.12
123 0 0.04545454545458744 0.12
124 0 0.03636363636366994 0.12
125 0 0.02727272727275246 0.12
126 0 0.01818181818183495 0.12
127 0 0.009090909090917476 0.12
128 0.01065026485879318 0 0.12
129 0.02470337144562928 0 0.12
130 0.04324656047120187 0 0.12
131 0.06771443949435133 0 0.12
132 0.09375000000001971 0.03749999999988182 0.12
133 0.08750000000003939 0.07499999999976363 0.12
134 0.0812500000000469 0.1124999999997186 0.12
135 0.0750000000000544 0.1499999999996736 0.12
136 0.06875000000004725 0.1874999999997165 0.12
137 0.06250000000004009 0.2249999999997594 0.12
138 0.05625000000002005 0.2624999999998797 0.12
139 0.01666666865511154 0.3 0.12
140 0 0 0.009230769230742002
141 0 0 0.018461538461484
142 0 0 0.02769230769222601
143 0 0 0.03692307692297855
144 0 0 0.04615384615373462
145 0 0 0.05538461538449069
146 0 0 0.06461538461526009
147 0 0 0.07384615384604286
148 0 0 0.08307692307682561
149 0 0 0.09230769230761171
150 0 0 0.1015384615384078
151 0 0 0.1107692307692039
152 0.1 0 0.03999999999989724
153 0.1 0 0.07999999999989801
154 0.05 0.3 0.03999999999989724
155 0.05 0.3 0.07999999999989801
156 0 0.3 0.009230769230742002
157 0 0.3 0.018461538461484
158 0 0.3 0.02769230769222601
159 0 0.3 0.03692307692297855
160 0 0.3 0.04615384615373462
161 0 0.3 0.05538461538449069
162 0 0.3 0.06461538461526009
163 0 0.3 0.07384615384604286
164 0 0.3 0.08307692307682561
165 0 0.3 0.09230769230761171
166 0 0.3 0.1015384615384078
167 0 0.3 0.1107692307692039
168 0.01627810658043794 0.1124048449620287 0.12
169 0.02661225222729155 0.1207891557386489 0.12
170 0.03179502068274976 0.2378414363249316 0.12
171 0.02287672272589214 0.03877564304901995 0.12
172 0.01125439805797217 0.060741579953909 0.12
173 0.01053967867225551 0.08036924992351899 0.12
174 0.006595232039212787 0.1068482522742567 0.12
175 0.007040458323574025 0.1177728712626513 0.12
176 0.05962611196490275 0.05789308990602293 0.12
177 0.01224795612242082 0.2401919329566347 0.12
178 0.02115863733502267 0.06973084823275306 0.12
179 0.01074505473136891 0.04860668569687643 0.12
180 0.009821092399370162 0.02759910193199731 0.12
181 0.03032740805686795 0.2180566383608105 0.12
182 0.009799564618743317 0.1864612670679245 0.12
183 0.00765462198764329 0.06926229059350605 0.12
184 0.02132514335880702 0.1762173488401453 0.12
185 0.02257469955569809 0.05424495624754428 0.12
186 0.01275642085171456 0.1305404024105534 0.12
187 0.0414040294916674 0.1586601615481721 0.12
188 0.05482429406515348 0.08765992707940247 0.12
189 0.02585398338203591 0.1385977182675535 0.12
190 0.009535942051511329 0.1446731244138188 0.12
191 0.01442734823022577 0.1585431546968549 0.12
192 0.01143261576627304 0.2114782224027544 0.12
193 0.03811404512664604 0.06699602093466489 0.12
194 0.01436376708149841 0.09661560118123642 0.12
195 0.02676081692408294 0.01873149178945369 0.12
196 0.00685560338161758 0.1977730385996652 0.12
197 0.00728196915418475 0.1668968642934642 0.12
198 0.01210050575797471 0.2268728206932581 0.12
199 0.03840156917109657 0.04947072076323213 0.12
200 0.02833917429300966 0.08375297002893106 0.12
201 0.0173442541771302 0.2544272259504418 0.12
202 0.02477064705225861 0.1984946553075286 0.12
203 0.04733206897620638 0.1238954946652859 0.12
204 0.01198925760464593 0.01226722016570057 0.12
205 0.008601546198583465 0.03923268657740451 0.12
206 0.04333129809730427 0.1887431722627452 0.12
207 0.03129161053726624 0.1041863322759222 0.12
208 0.007681335426347018 0.1768241869494191 0.12
209 0.00755669421796646 0.2844550788379733 0.12
210 0.02111680243574689 0.2768208487359859 0.12
211 0.05033946010736391 0.02891013507251579 0.12
212 0.04288303591515801 0 0.02082634199500981
213 0.00866264874970993 0 0.01041895604392598
214 0.07402844647970463 0 0.06660460709980938
215 0.06550342853703935 0 0.0348135409440956
216 0.02515937983483419 0 0.01460955134204277
217 0.02431856485057513 0 0.08591561709960145
218 0.01070482405520573 0 0.02258133542494169
219 0.009662514209377545 0 0.0860192197539104
220 0.03580462121679843 0 0.04322667215380812
221 0.04654024281560925 0 0.07816411754086137
222 0.08270275038624518 0 0.01913260981279661
223 0.01156981030451466 0 0.05903819294638287
224 0.03031554941018837 0 0.06510898491973446
225 0.02185925721250031 0 0.03281361715405553
226 0.05154602406613126 0 0.05839654254898111
227 0.02120464699487355 0 0.04836582014479575
228 0.06912904509794614 0 0.09422080027338237
229 0.01077601153362384 0 0.07441166557387567
230 0.007807615619614401 0 0.0323303941488399
231 0.0114621519796172 0 0.09580288263064951
232 0.008920190018786132 0 0.04442993755075399
233 0.01185461115763033 0 0.1078909475957562
234 0.038708277223784 0 0.09958927425835355
235 0.02220939533144719 0 0.1018397443168721
236 0.07404297291400178 0.1557421625159894 0.05845360466551075
237 0.05507767194639497 0.2695339683216302 0.05562613251260121
238 0.09425673096670177 0.03445961419978943 0.04538571045836155
239 0.09241334598327576 0.04551992410034544 0.08604321284049979
240 0.07138744773623931 0.1716753135825642 0.03300234655931039
241 0.07914463815508507 0.1251321710694896 0.03851117040062341
242 0.07132565835369815 0.1720460498778111 0.08680866877310078
243 0.07749020177834966 0.1350587893299021 0.08343746809202834
244 0.06778803842708754 0.1932717694374748 0.06209906377047637
245 0.08494914306246119 0.09030514162523287 0.07731477797402889
246 0.06512998525104768 0.209220088493714 0.03198328101680445
247 0.06619183674120006 0.2028489795527996 0.09175483724933273
248 0.08727440614011581 0.07635356315930518 0.03151848962867775
249 0.08956254785369842 0.06262471287780946 0.05960200145126099
250 0.05897014695627485 0.246179118262351 0.02944310412449531
251 0.05571673185816937 0.2656996088509839 0.09377769438857476
252 0.06173822454019655 0.2295706527588207 0.06904921121761762
253 0.05405956378053454 0.2756426173167928 0.02501384732739875
254 0.09700168274167405 0.01798990354995579 0.0213464276145647
255 0.09654083649582387 0.02075498102505681 0.1015108032100994
256 0.01462396417880578 0.3 0.07569248870898659
257 0.016207975801232 0.3 0.0395508727003713
258 0.01794614293093188 0.3 0.05614585586054505
259 0.01660933055704295 0.3 0.02148232062596239
260 0.007292862159402868 0.3 0.1042171998941143
261 0.01979764214190288 0.3 0.09647061485534802
262 0 0.1881986029850546 0.06000018067648777
263 0 0.1707995215305879 0.06000018290123943
264 0 0.1971141542172662 0.0600022259793711
265 0 0.2124708438221763 0.06002982872499111
266 0 0.1633809188623473 0.06000006741716998
267 0 0.1520158189906342 0.05999992255541701
268 0 0.2215800346281678 0.06007927986324791
269 0 0.2510040838941776 0.0555766740123306
270 0 0.1304221383928043 0.05958125017816648
271 0 0.08764662359838298 0.05990287238764772
272 0 0.05651150070020118 0.05366127640035619
273 0 0.275546943415164 0.05245031489859779
274 0 0.0268964190072969 0.04959607651596102
275 0 0.2680020191346943 0.08718486753830081
276 0 0.03096079399625586 0.09103195320201006
277 0 0.2639049020589097 0.02512297705722856
278 0 0.03500860732218938 0.02172077969082185
279 0 0.282685686102511 0.1019043222844689
280 0 0.01443474026122771 0.1018271754914919
281 0 0.2931245944310386 0.1057891429374247
282 0 0.006614483463562793 0.1058406120295858
283 0 0.2946697536791804 0.0126436569599651
284 0 0.2490020057900331 0.02876463441941138
285 0 0.05705729662838403 0.03508784146848981
286 0 0.2508092829418646 0.08942316248919259
287 0 0.07435445006114329 0.03209638205362161
288 0 0.07270755124039664 0.07913307933346307
289 0 0.2179281279634047 0.09137557289388964
290 0 0.08547117413076455 0.08973140844374457
291 0 0.1441917129538443 0.03204471944024454
292 0 0.1441948203398857 0.08795567724305076
293 0 0.1790431429536874 0.09119021111309331
294 0 0.1813304886541037 0.02724571583181663
295 0 0.09300093926644333 0.09049370820716421
296 0 0.1540450734620063 0.0299029999625992
297 0 0.1540450760229007 0.09009700736212328
298 0 0.2227137338751481 0.03117245094469366
299 0 0.2257230778366152 0.09355420091480975
300 0 0.1082610004987755 0.02270353250960241
301 0 0.1094659615144141 0.09757500471480046
302 0 0.1988901702642861 0.03256429222328375
303 0 0.1947252360024575 0.08776720736075685
304 0 0.2016281906909706 0.09388026513117134
305 0 0.1252217521335122 0.02882819844707951
306 0 0.1252085085715649 0.09117975458178706
307 0 0.06249926294966287 0.09099156587254423
308 0 0.04077466893599874 0.03716239018940397
309 0 0.2607245356574768 0.04415654174577546
310 0 0.250154263802197 0.1099614222500008
311 0 0.04988817470278453 0.1024676874423025
312 0 0.27080320194482 0.0701217012514662
313 0 0.02852496730694368 0.06945180882826087
314 0 0.04452996868656601 0.07438008843196604
315 0 0.04872161796261963 0.01609019459242373
316 0 0.2635921735214701 0.07334381192234472
317 0 0.03895672771753015 0.05812071511331788
318 0 0.01412159473412063 0.08152481561069119
319 0 0.2723534800587785 0.03213772630833632
320 0 0.283809871523627 0.08278717631733619
321 0 0.02953867653379177 0.0332801366497178
322 0 0.01876989320028817 0.03336696416067007
323 0 0.263784188444601 0.1031031259603657
324 0 0.2816587385690648 0.03429766941811881
325 0 0.03249069665204019 0.1076931563277145
326 0 0.01250789570899394 0.06240747149753514
327 0 0.2875388955338807 0.06276261471766939
328 0 0.007664825373752561 0.04414751063871101
329 0 0.04027773846814325 0.008996786824450986
330 0 0.008825648078030235 0.03022372691606803
331 0 0.2906401280948456 0.0319735747271369
332 0 0.239281332706244 0.0606129059055469
333 0 0.02947401436479994 0.008166309343207575
334 0 0.2687676303237889 0.007609343214094204
335 0 0.06459978364774024 0.05984879581140826
336 0 0.006617752181587369 0.09620624882904087
337 0 0.2909845160080972 0.09683289028353831
338 0 0.008667086437189888 0.02127385124468974
339 0 0.2907392262191937 0.02092344245786046
340 0 0.2778131881003329 0.1106897546487058
341 0 0.02438396982587619 0.1090909844890241
342 0 0.02234320043371195 0.09681843829808519
343 0 0.008915379095052179 0.0123976392967372
344 0 0.287178227360854 0.009780160160635907
345 0 0.01287522922814631 0.1120238978991173
346 0 0.2868709326429181 0.111940379755763
347 0 0.274853191717396 0.09391827506864096
348 0 0.2807783093747853 0.01719743159390794
349 0 0.02606286954489351 0.0178433187232315
350 0 0.2425859463867758 0.01609535782082741
351 0 0.07610745871429014 0.1024878092436982
352 0 0.06109746960033674 0.1036558314618957
353 0 0.2032818800544836 0.07625077690545862
354 0 0.2032476066984132 0.04377735998667043
355 0 0.1004523473928821 0.07677869101481882
356 0 0.1154699000658508 0.07524545212818139
357 0 0.1127094616243746 0.04532327531598374
358 0 0.0642300653903041 0.01504893244755785
359 0 0.06246027107650182 0.07607800830949736
360 0 0.2290747646142092 0.01560176052301839
361 0 0.187215077397421 0.07379269193604689
362 0 0.1872147521638365 0.04620826271944925
363 0 0.09140682288148951 0.1060663375952814
364 0 0.2328897328421364 0.1109702584054339
365 0 0.2422902846564501 0.1036578128831363
366 0 0.240469260206803 0.07449574487698785
367 0 0.1825006875088527 0.1083983723245561
368 0 0.08148356128742049 0.01397516441650424
369 0 0.1914411501443672 0.1060217947438696
370 0 0.2099648330368999 0.1052439668920211
371 0 0.1565029268619828 0.01273771131578916
372 0 0.1565045099135531 0.1072629384585636
373 0 0.1470784071084831 0.01601533397376177
374 0 0.1470815603094324 0.1039864840818636
375 0 0.1267207234332891 0.1059346874244868
376 0 0.1264806279229062 0.01409471691884395
377 0 0.09582893927069205 0.04239985467643657
378 0 0.07859493398693893 0.04661253840045531
379 0 0.1722831587294405 0.1046007324081455
380 0 0.2207514302629187 0.01621923155957179
381 0 0.1361891548442249 0.1051918449142704
382 0 0.136121282263078 0.01482178643419374
383 0 0.2174747031923382 0.07844709038436162
384 0 0.133550290219984 0.0469582456186548
385 0 0.1332918665499955 0.07359919171134852
386 0 0.1680917934524534 0.04280945995840131
387 0 0.1680918364754787 0.07719066309693627
388 0 0.1276557269412225 0.0432188265191842
389 0 0.1265206903331615 0.07766056645341089
390 0 0.09433204912674377 0.07474934123984914
391 0 0.2318200933500259 0.044662003612403
392 0 0.232427067622407 0.07544246172275072
393 0 0.08459262201677552 0.07490257153201892
394 0 0.07003829946274738 0.04537785870667808
395 0 0.05789212376435895 0.02011520820395588
396 0 0.06136934573674082 0.047821783880789
397 0 0.2490147735440164 0.04692238918436956
398 0 0.05544113287262308 0.04356511777032829
399 0 0.06800117709575859 0.06756376585291225
400 0 0.1997978162071243 0.1086229211543984
401 0 0.164602680193318 0.007599130443897633
402 0 0.1644969726832572 0.1101082413563894
403 0 0.07637978902043027 0.06957242326632282
404 0 0.04768199660877634 0.04656161453382474
405 0 0.04401583651658531 0.02572410967367229
406 0 0.249839925659896 0.02003619928034261
407 0 0.05714418949329605 0.1116170060894381
408 0 0.2503311252873443 0.09969146946140672
409 0 0.2572338649036701 0.09695709945032471
410 0 0.05288001210919472 0.02687846169609474
411 0 0.05767105029302121 0.009194507686762115
412 0 0.0401383746466436 0.04940306137046113
413 0 0.2426912348648536 0.0874874592007121
414 0 0.02993521282467486 0.07995876280335146
415 0 0.04871159410526495 0.06793844088483106
416 0 0.01949778557559428 0.05625262652046496
417 0 0.03934463367038501 0.09634368567802835
418 0 0.02703304639142032 0.05969232451474641
419 0 0.01406980459368871 0.0730821534126497
420 0 0.2807315823564684 0.05725084908952085
421 0 0.1107049375806534 0.1066101134023658
422 0 0.1108292820458645 0.01367640999277011
423 0 0.05647374303020936 0.08563728488227036
424 0 0.2862819726926737 0.07310706369277203
425 0 0.2547421689669265 0.04926506170293257
426 0 0.04151884829912158 0.06586793128036132
427 0 0.02203649457568015 0.07613989290046191
428 0 0.1155350032535222 0.09144698258247676
429 0 0.1158642385956816 0.02843268869265976
430 0 0.2553851505067759 0.07855811081665072
431 0 0.2699511552683756 0.07802542429081315
432 0 0.2778496423854218 0.07550962964878181
433 0 0.1007005100193167 0.09418393972127315
434 0 0.2404807875675073 0.02981971359863088
435 0 0.1005222201531433 0.02936401684026552
436 0 0.008959491521526154 0.05282888013307181
437 0 0.03312768734086997 0.04384394130779729
438 0 0.2664859918800915 0.09514460101437737
439 0 0.2775093112847199 0.008221557008858096
440 0 0.2755899955189265 0.08487655684483027
441 0 0.2629987592011327 0.0342571982486829
442 0 0.2913438099520583 0.05258734411526073
443 0 0.03534292234974293 0.02865310797166624
444 0 0.0220246243129382 0.08594217575574215
445 0 0.01707669847183983 0.04668327912680722
446 0 0.02064420428815946 0.06623829104701989
447 0 0.2555286310700396 0.03554401950259526
448 0 0.2564069337387807 0.02675056242902378
449 0 0.2600598222042466 0.08742246110854522
450 0 0.04988387573174469 0.03607085510522397
451 0 0.04681638611974884 0.1120019502513167
452 0 0.03620212012449497 0.07310133302625942
453 0 0.2828711650076997 0.0919225121342957
454 0 0.03946837878202462 0.084491072649111
455 0 0.2633239619057438 0.0806387133760693
456 0 0.2573928575516371 0.01714855453721824
457 0 0.2787945333486944 0.06690233108759369
458 0 0.02244478550056122 0.04067583424782929
459 0 0.2840171816464633 0.04746170242380518
460 0 0.2733620321345574 0.02193867319511554
461 0 0.2661567601140465 0.01530354270877809
462 0 0.2556612764378985 0.066483527872882
463 0 0.01964301610765239 0.01109489801161413
464 0 0.006748048563478021 0.06849751582823201
465 0 0.2733148086463796 0.01405410954415078
466 0 0.2935651818092695 0.06894341643530798
467 0 0.2900282993203461 0.08937875534014608
468 0 0.03334323112816074 0.05402404428024121
469 0 0.01429350139641618 0.09143094647995154
470 0 0.0068597573910331 0.07771573111151654
471 0 0.2594069401235197 0.1108884690099411
472 0 0.2933706313042142 0.08056285487405186
473 0 0.1038243132521205 0.06186744802525628
474 0 0.2814274992240178 0.02627099728441566
475 0 0.03426315682794524 0.06337635950719785
476 0 0.04915295118598358 0.006899987266250196
477 0 0.04746254368720559 0.05789935079433491
478 0 0.01246364177074533 0.03867006533551069
479 0 0.0401488592013884 0.01735708355047743
480 0 0.02887173990397722 0.02561967000344078
481 0 0.2681617491058284 0.04957957889652484
482 0 0.03875172251326601 0.1055829729132215
483 0 0.2768336498127619 0.04255153012553029
484 0 0.01931610498168092 0.0254649833984276
485 0 0.2853308292733794 0.03925208986720995
486 0 0.2712919435493482 0.06002183321326942
487 0 0.2565271798773462 0.1042542169573636
488 0 0.2610943406429236 0.05597821308632157
489 0 0.03442783723399183 0.01520462739967522
490 0 0.06924979038410199 0.08926976966203383
491 0 0.03135115550739753 0.1009740351825249
492 0 0.1095010421573432 0.03442625634527095
493 0 0.1115172222713641 0.08392163110305068
494 0 0.1407111379263352 0.05999992515189542
495 0 0.2687251363180003 0.1111605210965165
496 0 0.2599206023603363 0.00791211918168251
497 0 0.03593338345742015 0.1134812948544681
498 0 0.1787031030637055 0.06000041148899363
499 0 0.2498089829597062 0.009810873112765127
500 0 0.2941809235966087 0.1136997506924783
501 0 0.005716124356525316 0.1137267481395814
502 0 0.2945514143898242 0.006330917270268602
503 0 0.07566718667969435 0.06040053794281882
504 0 0.1836657554225102 0.03714533464430277
505 0 0.1836661074876974 0.08285516322078754
506 0 0.2079487740457838 0.05142183139975734
507 0 0.2080189304311614 0.06864283507493918
508 0 0.1616164624578506 0.03683377391666146
509 0 0.1616164751769593 0.0831662624627935
510 0 0.1766283535786156 0.0743977648900956
511 0 0.1766280491598742 0.04560281037623122
512 0 0.1006150486491977 0.1037012913801294
513 0 0.2174929544577362 0.0699370229403911
514 0 0.2342286465938215 0.1000033617514133
515 0 0.09520713817582038 0.007676767980297896
516 0 0.2178140831206501 0.04971497179916663
517 0 0.2004578196352384 0.06757491727500363
518 0 0.2004401841978375 0.05244515629915229
519 0 0.1520911794939953 0.04028031487388128
520 0 0.1520829216766883 0.07971846420939942
521 0 0.2435737981722272 0.05387429881099285
522 0 0.2272960655514125 0.06834891985886159
523 0 0.08110736206911125 0.096506776621801
524 0 0.08313725378769847 0.05254165747817963
525 0 0.2401974862012594 0.007776328584883856
526 0 0.2413061707797076 0.1127879688006569
527 0 0.2355422613038912 0.06783095694290454
528 0 0.1917379265151394 0.03957069276537363
529 0 0.1917388922691104 0.08043125491355754
530 0 0.2271360167847943 0.05185866336877953
531 0 0.1615568080179969 0.07515342708600151
532 0 0.1615578347037842 0.04484643823762494
533 0 0.1677563552492282 0.06872956126565995
534 0 0.1677559886329612 0.05127073577937919
535 0 0.1010400686390118 0.01485669207149647
536 0 0.2355320814948587 0.05257067340923533
537 0 0.1398059880042831 0.02248612212709821
538 0 0.1398050808770807 0.09751447341684866
539 0 0.1630744318287849 0.0273398745699977
540 0 0.1630744458466984 0.09266016562925229
541 0 0.1956352756306633 0.07448613955425813
542 0 0.1956262015680484 0.04552297254838119
543 0 0.242156297097342 0.06750264691569893
544 0 0.1202609275574991 0.08376701533447643
545 0 0.1199765804941753 0.03769357894677345
546 0 0.06979946610608592 0.03774030605086597
547 0 0.1082399184059108 0.05393950206158254
548 0 0.1064013427825878 0.07070899358006635
549 0 0.1918954190072941 0.06694854099064233
550 0 0.1918908901703114 0.05305737495493639
551 0 0.07630497678267729 0.1106026594493725
552 0 0.1021373059959039 0.08540713373895795
553 0 0.06695191621758632 0.1114961265265567
554 0 0.2275389324220236 0.03714883505805408
555 0 0.2293077197854186 0.08324322721183826
556 0 0.2310612987448948 0.0602168998914293
557 0 0.221905077901123 0.08381074361709956
558 0 0.1477733162603339 0.02431929064078065
559 0 0.1477731353470723 0.09568082993295321
560 0 0.2263641998065226 0.02300334181125666
561 0 0.1007179526999827 0.03696939385655834
562 0 0.2356074160010385 0.0218484013942416
563 0 0.2323454559330335 0.008165793536923665
564 0 0.2364289951128452 0.03716341814999326
565 0 0.2377092222697948 0.08209188137562873
566 0 0.1196022494253327 0.1076102358113356
567 0 0.240704551100294 0.0453315713265152
568 0 0.07303431505301973 0.09625948786523343
569 0 0.1225475842937729 0.006689531028991006
570 0 0.1227082408414297 0.1133687244765196
571 0 0.1260620852081229 0.05210307173563049
572 0 0.09086941505098202 0.06763477552581448
573 0 0.0933313382659451 0.05097649915606134
574 0 0.0655601258031913 0.09719542740007729
575 0 0.2049122743752636 0.08526597139604346
576 0 0.2053479243352516 0.03651679002064945
577 0 0.09326516781702376 0.03584352837605453
578 0 0.150791147463184 0.006738294611315758
579 0 0.1507974569211784 0.1132634388224585
580 0 0.1192043942562527 0.01227496844252997
581 0 0.08009703820342566 0.02330460350559851
582 0 0.134651551025698 0.03008231857116378
583 0 0.1346492041123028 0.08991907507572301
584 0 0.1945111266532373 0.09848511982044797
585 0 0.07741352505615809 0.04050838506715578
586 0 0.06776241726825778 0.02338675813799795
587 0 0.1829393300646986 0.06708666235622721
588 0 0.1829383966736264 0.05291490316820863
589 0 0.1640240785819037 0.1014797273627401
590 0 0.1641604006703903 0.01696753241471593
591 0 0.09220142358514517 0.08350116450787254
592 0 0.2468317075001135 0.06246848733884722
593 0 0.06737002459468019 0.05309586707181087
594 0 0.1981553133519644 0.03924846160562045
595 0 0.1981487743530564 0.08077107773208356
596 0 0.06429134451629123 0.08398114820971944
597 0 0.06026373153622091 0.02762925217728859
598 0 0.225062574322729 0.04424825692386071
599 0 0.07754419838560697 0.007477405684612676
600 0 0.254036483953309 0.04258592046354086
601 0 0.2110614997362021 0.07707591770177004
602 0 0.07496153970235188 0.05160569191998854
603 0 0.08327684179463572 0.1042042080113007
604 0 0.2243172647517393 0.07653824428921714
605 0 0.2116244724075202 0.04226315926471687
606 0 0.2141826240291325 0.03391140324826573
607 0 0.06979375718868162 0.103901571002316
608 0 0.2439308440003808 0.02348305620696645
609 0 0.2141609727505787 0.08536532704408968
610 0 0.1718842516435686 0.03433635314756785
611 0 0.1718843686174628 0.08566424110765937
612 0 0.2464566040197206 0.03801880952072234
613 0 0.07665288340572456 0.0889574677784201
614 0 0.08232513087576129 0.08324513831910384
615 0 0.08655724796499897 0.04368219597954486
616 0 0.2196756322607093 0.03975331940547351
617 0 0.2354752459279649 0.08937900391733918
618 0 0.1048846885662865 0.007135738057443888
619 0 0.1142911133220892 0.1137430509766605
620 0 0.1198809318272045 0.02014447436187426
621 0 0.1201308071815697 0.09994500116424895
622 0 0.0910132469126585 0.02733348030375866
623 0 0.1142391579086312 0.006626925023015415
624 0 0.1305996094650775 0.09800130290150316
625 0 0.1305661559363216 0.02201883998648199
626 0 0.08369246643278286 0.06679082890803052
627 0 0.09052156073725408 0.01669434338768771
628 0 0.1368196325959276 0.03904564327856438
629 0 0.1363314584464607 0.08119748016762421
630 0 0.2180556539045249 0.1079338751290374
631 0 0.1285941578041978 0.08474477832260432
632 0 0.1288154152200318 0.03548389952797006
633 0 0.01390643055586935 0.00552462212368124
634 0 0.1053925661050674 0.1127542461979935
635 0 0.01639488395036152 0.01763040159788589
636 0 0.1720425492559371 0.09579076012050292
637 0 0.1725783019472615 0.02225951256804603
638 0 0.1433809375371764 0.07360160476453741
639 0 0.1436057300833874 0.04653255356946464
640 0 0.209686670804192 0.0945732809061041
641 0 0.2044084510582439 0.06001946579220244
642 0 0.0908272432526611 0.09737048759781311
643 0 0.05730400531862288 0.06549576726187985
644 0 0.1800576431152261 0.09820827026888861
645 0 0.2314560910615167 0.03002715728407705
646 0 0.2422643259696727 0.09478922436110908
647 0 0.04802909463033 0.08290987335205022
648 0 0.06323872478624838 0.04037848320950928
649 0 0.2723912304271555 0.1026534333455125
650 0 0.1874151245125584 0.09107273630632309
651 0 0.1907456854012528 0.03015938534068721
652 0 0.0730571569574522 0.01503093316098821
653 0 0.1995094551328153 0.00698937409746832
654 0 0.2056489258661925 0.1136317671352984
655 0 0.09827161938816865 0.02219041302256216
656 0 0.1552516458739146 0.0982238557355926
657 0 0.1552516739704894 0.02177616852069289
658 0 0.2684462670712934 0.04047795482960262
659 0 0.2918886581611245 0.042391939035021
660 0 0.06869271207364493 0.007789111282440905
661 0 0.2460039898844144 0.08055768491819222
662 0 0.05724665419648062 0.09525717031068355
663 0 0.06525849430031395 0.03252952983448665
664 0 0.2478102249682908 0.07158955375081828
665 0 0.04803177695530639 0.09151478395045394
666 0 0.05278506059481933 0.07533455893175794
667 0 0.1551343190996331 0.06910611625104962
668 0 0.1551676647950831 0.05091281681174166
669 0 0.2030463655524937 0.1005953035562993
670 0 0.2047881620557736 0.01536050567497846
671 0 0.1411245646303089 0.007422415632930686
672 0 0.1411538411187753 0.112584097607056
673 0 0.2228052614372183 0.1132468758397444
674 0 0.08670956206748871 0.1122564074543318
675 0 0.1201686708771926 0.04698091706375394
676 0 0.006982100950526214 0.08704372623593958
677 0 0.145307569628585 0.05425977456224481
678 0 0.1804367843076308 0.01670438221679127
679 0 0.1866006752281101 0.100507879935579
680 0 0.1452556359986162 0.06577000965432721
681 0 0.1246038800489196 0.06788756510746617
682 0 0.2234696174843781 0.008285498011830697
683 0 0.005643087158799623 0.06074677349171794
684 0 0.08580860443149803 0.007763269413849289
685 0 0.1316517371244368 0.007171408335826564
686 0 0.2136944146463514 0.009448708666262835
687 0 0.2944895774590417 0.06085867505359778
688 0 0.1753653326973671 0.06604291658044317
689 0 0.1753650118121511 0.05395780874281042
690 0 0.2359622138272633 0.01389752837197899
691 0 0.09583884843541529 0.1124630471046227
692 0 0.1361515420367405 0.06710933483126956
693 0 0.1350374963474854 0.05385365472270532
694 0 0.08378344600256804 0.03379476254762233
695 0 0.1317347206457123 0.1128465590703888
696 0 0.107784176814421 0.07685194001500895
697 0 0.2139579002529226 0.1133427474993502
698 0 0.2644885872192921 0.06518981746925678
699 0 0.1437415796461867 0.03909242458339057
700 0 0.1436885324485054 0.08090146760269458
701 0 0.103162804892698 0.04528480998499882
702 0 0.207421508401095 0.0263943710454696
703 0 0.2126784233299863 0.01828943229311666
704 0 0.1168649889180226 0.05339339821126071
705 0 0.2180145959792878 0.1000584277937523
706 0 0.2252861614322673 0.1042944999723652
707 0 0.1580450788078595 0.1144435292463237
708 0 0.1580334758304832 0.005557234963534464
709 0 0.2172500319752789 0.02476008003282329
710 0 0.1078712006109042 0.09050693837211179
711 0 0.1725510625942268 0.1137134701413527
712 0 0.1883903931521942 0.00920921159562689
713 0 0.1786937063296634 0.008003444181437711
714 0 0.1725200987010255 0.01189153223973845
715 0 0.09819472290216909 0.06849196126439448
716 0 0.09594623248237284 0.0603054074737121
717 0 0.1222397203024491 0.05927446111056531
718 0 0.113245508944376 0.0634070203203027
719 0 0.1889693762343747 0.02037200546603447
720 0 0.1910778210979503 0.113840514703804
721 0 0.1009009214598094 0.05447473334032221
722 0 0.1976122519880024 0.02334929574008197
723 0 0.196130680570188 0.0152236879176733
724 0 0.2067707352314611 0.007949647109677403
725 0 0.02169560129658182 0.00495716589570059
726 0 0.0063825437483678 0.005430606130232087
727 0.007869216613471508 0.286054253578186 0.105760782957077
728 0.02065390348434448 0.286054253578186 0.105760782957077
729 0.03343859314918518 0.286054253578186 0.105760782957077
730 0.03343859314918518 0.2732695341110229 0.105760782957077
731 0.01426156051456928 0.2668772041797638 0.09936843812465668
732 0.01426156051456928 0.2413078248500824 0.09936843812465668
733 0.02065390348434448 0.2732695341110229 0.105760782957077
734 0.02065390348434448 0.286054253578186 0.09297609329223633
735 0.02065390348434448 0.286054253578186 0.08019141107797623
736 0.007869216613471508 0.2732695341110229 0.105760782957077
737 0.007869216613471508 0.2604848742485046 0.105760782957077
738 0.007869216613471508 0.2477001696825027 0.105760782957077
739 0.01426156051456928 0.215738445520401 0.09936843812465668
740 0.007869216613471508 0.2732695341110229 0.09297609329223633
741 0.007869216613471508 0.286054253578186 0.09297609329223633
742 0.007869216613471508 0.286054253578186 0.08019141107797623
743 0.03983093798160553 0.03675280511379242 0.09936843812465668
744 0.02065390348434448 0.286054253578186 0.01626797392964363
745 0.03343859314918518 0.286054253578186 0.01626797392964363
746 0.01426156051456928 0.2413078248500824 0.02266031689941883
747 0.02065390348434448 0.2732695341110229 0.01626797392964363
748 0.02065390348434448 0.286054253578186 0.02905265986919403
749 0.02065390348434448 0.286054253578186 0.04183734953403473
750 0.007869216613471508 0.2604848742485046 0.01626797392964363
751 0.007869216613471508 0.2477001696825027 0.01626797392964363
752 0.01426156051456928 0.215738445520401 0.02266031689941883
753 0.007869216613471508 0.2732695341110229 0.02905265986919403
754 0.007869216613471508 0.286054253578186 0.02905265986919403
755 0.007869216613471508 0.286054253578186 0.04183734953403473
756 0.03983093798160553 0.03675280511379242 0.04822969436645508
757 0.02065390348434448 0.01757577434182167 0.02905265986919403
758 0.03983093798160553 0.03675280511379242 0.02266031689941883
759 0.03983093798160553 0.06232218444347382 0.02266031689941883
760 0.007869216613471508 0.01757577434182167 0.01626797392964363
761 0.007869216613471508 0.2732695341110229 0.04183734953403473
762 0.01426156051456928 0.215738445520401 0.04822969436645508
763 0.01426156051456928 0.08789156377315521 0.09936843812465668
764 0.01426156051456928 0.1134609282016754 0.09936843812465668
765 0.01426156051456928 0.215738445520401 0.07379906624555588
766 0.02065390348434448 0.2477001696825027 0.105760782957077
767 0.007869216613471508 0.234915480017662 0.105760782957077
768 0.007869216613471508 0.2477001696825027 0.09297609329223633
769 0.007869216613471508 0.2477001696825027 0.08019141107797623
770 0.03983093798160553 0.03675280511379242 0.07379906624555588
771 0.02065390348434448 0.01757577434182167 0.09297609329223633
772 0.007869216613471508 0.01757577434182167 0.08019141107797623
773 0.02065390348434448 0.01757577434182167 0.105760782957077
774 0.03343859314918518 0.01757577434182167 0.105760782957077
775 0.03343859314918518 0.03036046028137207 0.105760782957077
776 0.06540030986070633 0.03675280511379242 0.09936843812465668
777 0.03983093798160553 0.06232218444347382 0.09936843812465668
778 0.02065390348434448 0.03036046028137207 0.105760782957077
779 0.02065390348434448 0.2604848742485046 0.01626797392964363
780 0.007869216613471508 0.2604848742485046 0.02905265986919403
781 0.06540030986070633 0.03675280511379242 0.02266031689941883
782 0.06540030986070633 0.03675280511379242 0.04822969436645508
783 0.03983093798160553 0.08789156377315521 0.02266031689941883
784 0.03983093798160553 0.1134609282016754 0.02266031689941883
785 0.03983093798160553 0.06232218444347382 0.04822969436645508
786 0.02065390348434448 0.03036046028137207 0.01626797392964363
787 0.007869216613471508 0.03036046028137207 0.01626797392964363
788 0.007869216613471508 0.04314514994621277 0.01626797392964363
789 0.01426156051456928 0.08789156377315521 0.04822969436645508
790 0.02065390348434448 0.01757577434182167 0.05462203919887543
791 0.007869216613471508 0.01757577434182167 0.05462203919887543
792 0.007869216613471508 0.03036046028137207 0.05462203919887543
793 0.007869216613471508 0.01757577434182167 0.06740672141313553
794 0.007869216613471508 0.06871452927589417 0.05462203919887543
795 0.02065390348434448 0.06871452927589417 0.05462203919887543
796 0.03343859314918518 0.06871452927589417 0.05462203919887543
797 0.04622328281402588 0.06871452927589417 0.05462203919887543
798 0.03983093798160553 0.08789156377315521 0.04822969436645508
799 0.03983093798160553 0.1134609282016754 0.04822969436645508
800 0.03983093798160553 0.08789156377315521 0.07379906624555588
801 0.03983093798160553 0.06232218444347382 0.07379906624555588
802 0.02065390348434448 0.08149921894073486 0.05462203919887543
803 0.007869216613471508 0.08149921894073486 0.05462203919887543
804 0.02065390348434448 0.05592983961105347 0.05462203919887543
805 0.02065390348434448 0.05592983961105347 0.06740672141313553
806 0.02065390348434448 0.05592983961105347 0.04183734953403473
807 0.02065390348434448 0.06871452927589417 0.06740672141313553
808 0.02065390348434448 0.06871452927589417 0.04183734953403473
809 0.007869216613471508 0.09428390860557556 0.05462203919887543
810 0.007869216613471508 0.1070685833692551 0.05462203919887543
811 0.03983093798160553 0.1134609282016754 0.07379906624555588
812 0.03983093798160553 0.1134609282016754 0.09936843812465668
813 0.01426156051456928 0.1390303075313568 0.09936843812465668
814 0.007869216613471508 0.08149921894073486 0.04183734953403473
815 0.007869216613471508 0.06871452927589417 0.04183734953403473
816 0.007869216613471508 0.05592983961105347 0.04183734953403473
817 0.03343859314918518 0.05592983961105347 0.04183734953403473
818 0.03343859314918518 0.04314514994621277 0.04183734953403473
819 0.03343859314918518 0.05592983961105347 0.02905265986919403
820 0.02065390348434448 0.04314514994621277 0.04183734953403473
821 0.007869216613471508 0.05592983961105347 0.02905265986919403
822 0.02065390348434448 0.06871452927589417 0.08019141107797623
823 0.03343859314918518 0.06871452927589417 0.08019141107797623
824 0.03983093798160553 0.08789156377315521 0.09936843812465668
825 0.02065390348434448 0.08149921894073486 0.08019141107797623
826 0.02065390348434448 0.05592983961105347 0.08019141107797623
827 0.02065390348434448 0.06871452927589417 0.09297609329223633
828 0.007869216613471508 0.09428390860557556 0.08019141107797623
829 0.007869216613471508 0.06871452927589417 0.09297609329223633
830 0.007869216613471508 0.06871452927589417 0.105760782957077
831 0.004673044662922621 0.2445040047168732 0.1025646105408669
832 0.02065390348434448 0.234915480017662 0.105760782957077
833 0.03343859314918518 0.234915480017662 0.105760782957077
834 0.03983093798160553 0.1901690661907196 0.09936843812465668
835 0.03983093798160553 0.1645996868610382 0.09936843812465668
836 0.03983093798160553 0.1645996868610382 0.07379906624555588
837 0.03983093798160553 0.1901690661907196 0.07379906624555588
838 0.03983093798160553 0.1901690661907196 0.04822969436645508
839 0.02065390348434448 0.2221307903528214 0.105760782957077
840 0.02065390348434448 0.234915480017662 0.09297609329223633
841 0.007869216613471508 0.2221307903528214 0.105760782957077
842 0.007869216613471508 0.2093461006879807 0.105760782957077
843 0.007869216613471508 0.2221307903528214 0.09297609329223633
844 0.007869216613471508 0.234915480017662 0.09297609329223633
845 0.007869216613471508 0.234915480017662 0.08019141107797623
846 0.02065390348434448 0.2477001696825027 0.09297609329223633
847 0.03343859314918518 0.2477001696825027 0.09297609329223633
848 0.02065390348434448 0.2604848742485046 0.09297609329223633
849 0.02065390348434448 0.2477001696825027 0.08019141107797623
850 0.007869216613471508 0.2604848742485046 0.09297609329223633
851 0.007869216613471508 0.2604848742485046 0.08019141107797623
852 0.02065390348434448 0.04314514994621277 0.02905265986919403
853 0.03343859314918518 0.04314514994621277 0.02905265986919403
854 0.02065390348434448 0.05592983961105347 0.02905265986919403
855 0.02065390348434448 0.03036046028137207 0.02905265986919403
856 0.02065390348434448 0.04314514994621277 0.01626797392964363
857 0.007869216613471508 0.05592983961105347 0.01626797392964363
858 0.02065390348434448 0.05592983961105347 0.01626797392964363
859 0.03343859314918518 0.05592983961105347 0.01626797392964363
860 0.04622328281402588 0.05592983961105347 0.01626797392964363
861 0.03343859314918518 0.06871452927589417 0.01626797392964363
862 0.02065390348434448 0.06871452927589417 0.01626797392964363
863 0.02065390348434448 0.08149921894073486 0.01626797392964363
864 0.01426156051456928 0.1390303075313568 0.02266031689941883
865 0.004673044662922621 0.0271642878651619 0.0578182116150856
866 0.02065390348434448 0.03036046028137207 0.05462203919887543
867 0.03343859314918518 0.03036046028137207 0.05462203919887543
868 0.03343859314918518 0.03036046028137207 0.06740672141313553
869 0.06540030986070633 0.03675280511379242 0.07379906624555588
870 0.02065390348434448 0.04314514994621277 0.05462203919887543
871 0.02065390348434448 0.03036046028137207 0.06740672141313553
872 0.02065390348434448 0.03036046028137207 0.04183734953403473
873 0.03343859314918518 0.01757577434182167 0.05462203919887543
874 0.02065390348434448 0.01757577434182167 0.06740672141313553
875 0.02065390348434448 0.01757577434182167 0.04183734953403473
876 0.02065390348434448 0.04314514994621277 0.06740672141313553
877 0.02065390348434448 0.03036046028137207 0.08019141107797623
878 0.007869216613471508 0.2604848742485046 0.04183734953403473
879 0.02065390348434448 0.2604848742485046 0.04183734953403473
880 0.03343859314918518 0.2604848742485046 0.04183734953403473
881 0.02065390348434448 0.2732695341110229 0.04183734953403473
882 0.02065390348434448 0.2604848742485046 0.05462203919887543
883 0.02065390348434448 0.2604848742485046 0.02905265986919403
884 0.007869216613471508 0.2477001696825027 0.04183734953403473
885 0.007869216613471508 0.2477001696825027 0.02905265986919403
886 0.004673044662922621 0.2508963346481323 0.0450335219502449
887 0.02065390348434448 0.2477001696825027 0.04183734953403473
888 0.02065390348434448 0.2477001696825027 0.02905265986919403
889 0.007869216613471508 0.234915480017662 0.04183734953403473
890 0.007869216613471508 0.2221307903528214 0.04183734953403473
891 0.03983093798160553 0.1645996868610382 0.04822969436645508
892 0.007869216613471508 0.234915480017662 0.02905265986919403
893 0.004673044662922621 0.04634132236242294 0.0706028938293457
894 0.03343859314918518 0.04314514994621277 0.06740672141313553
895 0.04622328281402588 0.04314514994621277 0.06740672141313553
896 0.03343859314918518 0.05592983961105347 0.06740672141313553
897 0.03343859314918518 0.04314514994621277 0.08019141107797623
898 0.03343859314918518 0.04314514994621277 0.05462203919887543
899 0.02065390348434448 0.04314514994621277 0.08019141107797623
900 0.02065390348434448 0.04314514994621277 0.09297609329223633
901 0.02065390348434448 0.01757577434182167 0.08019141107797623
902 0.03343859314918518 0.01757577434182167 0.08019141107797623
903 0.004673044662922621 0.0143796019256115 0.07699523866176605
904 0.03343859314918518 0.01757577434182167 0.06740672141313553
905 0.007869216613471508 0.2732695341110229 0.08019141107797623
906 0.004673044662922621 0.2700733542442322 0.07699523866176605
907 0.004673044662922621 0.2636810541152954 0.07699523866176605
908 0.02065390348434448 0.2604848742485046 0.08019141107797623
909 0.03343859314918518 0.2604848742485046 0.08019141107797623
910 0.02065390348434448 0.2732695341110229 0.08019141107797623
911 0.02065390348434448 0.2604848742485046 0.06740672141313553
912 0.007869216613471508 0.2732695341110229 0.06740672141313553
913 0.03343859314918518 0.2604848742485046 0.06740672141313553
914 0.02065390348434448 0.2732695341110229 0.06740672141313553
915 0.02065390348434448 0.2477001696825027 0.06740672141313553
916 0.007869216613471508 0.2732695341110229 0.05462203919887543
917 0.007869216613471508 0.234915480017662 0.06740672141313553
918 0.004673044662922621 0.2700733542442322 0.0706028938293457
919 0.03343859314918518 0.2732695341110229 0.06740672141313553
920 0.02065390348434448 0.2732695341110229 0.05462203919887543
921 0.007869216613471508 0.286054253578186 0.06740672141313553
922 0.02065390348434448 0.2732695341110229 0.09297609329223633
923 0.004673044662922621 0.2828580737113953 0.07699523866176605
924 0.03343859314918518 0.286054253578186 0.08019141107797623
925 0.02065390348434448 0.286054253578186 0.06740672141313553
926 0.03343859314918518 0.286054253578186 0.06740672141313553
927 0.007869216613471508 0.286054253578186 0.05462203919887543
928 0.03343859314918518 0.03036046028137207 0.04183734953403473
929 0.03343859314918518 0.2604848742485046 0.09297609329223633
930 0.02065390348434448 0.2604848742485046 0.105760782957077
931 0.03343859314918518 0.2604848742485046 0.02905265986919403
932 0.02065390348434448 0.2732695341110229 0.02905265986919403
933 0.02065390348434448 0.286054253578186 0.05462203919887543
934 0.03343859314918518 0.286054253578186 0.05462203919887543
935 0.03343859314918518 0.04314514994621277 0.01626797392964363
936 0.02065390348434448 0.03036046028137207 0.09297609329223633
937 0.03343859314918518 0.03036046028137207 0.09297609329223633
938 0.03343859314918518 0.03036046028137207 0.08019141107797623
939 0.03343859314918518 0.01757577434182167 0.04183734953403473
940 0.004673044662922621 0.2572886943817139 0.03864117711782455
941 0.004673044662922621 0.2508963346481323 0.02585648745298386
942 0.03343859314918518 0.2477001696825027 0.02905265986919403
943 0.02065390348434448 0.234915480017662 0.02905265986919403
944 0.02065390348434448 0.2477001696825027 0.01626797392964363
945 0.007869216613471508 0.2221307903528214 0.02905265986919403
946 0.007869216613471508 0.234915480017662 0.01626797392964363
947 0.03343859314918518 0.2477001696825027 0.01626797392964363
948 0.02065390348434448 0.234915480017662 0.01626797392964363
949 0.007869216613471508 0.2221307903528214 0.01626797392964363
950 0.03983093798160553 0.1901690661907196 0.02266031689941883
951 0.004673044662922621 0.05273366719484329 0.03864117711782455
952 0.04622328281402588 0.05592983961105347 0.02905265986919403
953 0.03343859314918518 0.06871452927589417 0.02905265986919403
954 0.02065390348434448 0.06871452927589417 0.02905265986919403
955 0.02065390348434448 0.08149921894073486 0.02905265986919403
956 0.03343859314918518 0.2477001696825027 0.08019141107797623
957 0.02065390348434448 0.234915480017662 0.08019141107797623
958 0.007869216613471508 0.2221307903528214 0.08019141107797623
959 0.004673044662922621 0.2700733542442322 0.01307180151343346
960 0.004673044662922621 0.2764657139778137 0.02585648745298386
961 0.004673044662922621 0.03994897753000259 0.05142586678266525
962 0.01106538809835911 0.03994897753000259 0.05142586678266525
963 0.04622328281402588 0.04314514994621277 0.05462203919887543
964 0.03343859314918518 0.05592983961105347 0.05462203919887543
965 0.03343859314918518 0.286054253578186 0.02905265986919403
966 0.004673044662922621 0.03994897753000259 0.06421054899692535
967 0.004673044662922621 0.03994897753000259 0.0578182116150856
968 0.004673044662922621 0.0271642878651619 0.01946414634585381
969 0.02065390348434448 0.01757577434182167 0.01626797392964363
970 0.03343859314918518 0.01757577434182167 0.01626797392964363
971 0.03343859314918518 0.03036046028137207 0.02905265986919403
972 0.02065390348434448 0.04314514994621277 0.105760782957077
973 0.03343859314918518 0.04314514994621277 0.105760782957077
974 0.02065390348434448 0.05592983961105347 0.105760782957077
975 0.004673044662922621 0.2764657139778137 0.0450335219502449
976 0.03343859314918518 0.2732695341110229 0.04183734953403473
977 0.03343859314918518 0.286054253578186 0.04183734953403473
978 0.004673044662922621 0.2508963346481323 0.1025646105408669
979 0.03343859314918518 0.06871452927589417 0.06740672141313553
980 0.02065390348434448 0.08149921894073486 0.06740672141313553
981 0.007869216613471508 0.09428390860557556 0.06740672141313553
982 0.004673044662922621 0.03355663269758224 0.02585648745298386
983 0.01106538809835911 0.03355663269758224 0.02585648745298386
984 0.04622328281402588 0.03036046028137207 0.02905265986919403
985 0.05900796502828598 0.03036046028137207 0.02905265986919403
986 0.03343859314918518 0.01757577434182167 0.02905265986919403
987 0.03343859314918518 0.03036046028137207 0.01626797392964363
988 0.004673044662922621 0.03994897753000259 0.02585648745298386
989 0.004673044662922621 0.0271642878651619 0.02585648745298386
990 0.004673044662922621 0.03355663269758224 0.01946414634585381
991 0.01106538809835911 0.03355663269758224 0.01946414634585381
992 0.01745773106813431 0.03355663269758224 0.01946414634585381
993 0.004673044662922621 0.03994897753000259 0.01946414634585381
994 0.004673044662922621 0.03355663269758224 0.01307180151343346
995 0.004673044662922621 0.03994897753000259 0.01307180151343346
996 0.02065390348434448 0.1070685833692551 0.02905265986919403
997 0.03343859314918518 0.1070685833692551 0.02905265986919403
998 0.04622328281402588 0.1070685833692551 0.02905265986919403
999 0.03983093798160553 0.1390303075313568 0.02266031689941883
1000 0.03983093798160553 0.1390303075313568 0.04822969436645508
1001 0.02065390348434448 0.1198532730340958 0.02905265986919403
1002 0.02065390348434448 0.1326379626989365 0.02905265986919403
1003 0.03983093798160553 0.1645996868610382 0.02266031689941883
1004 0.02065390348434448 0.09428390860557556 0.02905265986919403
1005 0.02065390348434448 0.09428390860557556 0.01626797392964363
1006 0.02065390348434448 0.1070685833692551 0.04183734953403473
1007 0.02065390348434448 0.1070685833692551 0.01626797392964363
1008 0.007869216613471508 0.1326379626989365 0.02905265986919403
1009 0.007869216613471508 0.1198532730340958 0.01626797392964363
1010 0.007869216613471508 0.09428390860557556 0.04183734953403473
1011 0.007869216613471508 0.1070685833692551 0.01626797392964363
1012 0.004673044662922621 0.2892504334449768 0.1089569553732872
1013 0.004673044662922621 0.2572886943817139 0.1025646105408669
1014 0.004673044662922621 0.02077194675803185 0.0833875834941864
1015 0.004673044662922621 0.03355663269758224 0.0578182116150856
1016 0.004673044662922621 0.2764657139778137 0.0706028938293457
1017 0.004673044662922621 0.2636810541152954 0.0833875834941864
1018 0.004673044662922621 0.2828580737113953 0.03864117711782455
1019 0.004673044662922621 0.2828580737113953 0.0450335219502449
1020 0.004673044662922621 0.2636810541152954 0.1089569553732872
1021 0.02065390348434448 0.09428390860557556 0.08019141107797623
1022 0.03983093798160553 0.1390303075313568 0.09936843812465668
1023 0.007869216613471508 0.08149921894073486 0.09297609329223633
1024 0.01106538809835911 0.03355663269758224 0.1089569553732872
1025 0.04622328281402588 0.03036046028137207 0.105760782957077
1026 0.004673044662922621 0.2572886943817139 0.1089569553732872
1027 0.004673044662922621 0.2508963346481323 0.1089569553732872
1028 0.03343859314918518 0.286054253578186 0.09297609329223633
1029 0.004673044662922621 0.0143796019256115 0.0833875834941864
1030 0.004673044662922621 0.007987258955836296 0.01946414634585381
1031 0.02065390348434448 0.05592983961105347 0.09297609329223633
1032 0.02065390348434448 0.1837767213582993 0.08019141107797623
1033 0.03343859314918518 0.1837767213582993 0.08019141107797623
1034 0.04622328281402588 0.1837767213582993 0.08019141107797623
1035 0.03983093798160553 0.1390303075313568 0.07379906624555588
1036 0.03343859314918518 0.1837767213582993 0.09297609329223633
1037 0.02065390348434448 0.19656141102314 0.08019141107797623
1038 0.007869216613471508 0.19656141102314 0.08019141107797623
1039 0.02065390348434448 0.19656141102314 0.06740672141313553
1040 0.02065390348434448 0.1709920316934586 0.08019141107797623
1041 0.02065390348434448 0.1709920316934586 0.09297609329223633
1042 0.02065390348434448 0.1837767213582993 0.09297609329223633
1043 0.02065390348434448 0.1837767213582993 0.06740672141313553
1044 0.02065390348434448 0.1837767213582993 0.05462203919887543
1045 0.007869216613471508 0.2093461006879807 0.08019141107797623
1046 0.007869216613471508 0.19656141102314 0.09297609329223633
1047 0.007869216613471508 0.19656141102314 0.06740672141313553
1048 0.007869216613471508 0.19656141102314 0.05462203919887543
1049 0.007869216613471508 0.1582073420286179 0.09297609329223633
1050 0.007869216613471508 0.1837767213582993 0.05462203919887543
1051 0.02065390348434448 0.1837767213582993 0.04183734953403473
1052 0.03343859314918518 0.1837767213582993 0.04183734953403473
1053 0.03343859314918518 0.1709920316934586 0.04183734953403473
1054 0.03343859314918518 0.1837767213582993 0.02905265986919403
1055 0.02065390348434448 0.19656141102314 0.04183734953403473
1056 0.007869216613471508 0.19656141102314 0.04183734953403473
1057 0.02065390348434448 0.19656141102314 0.05462203919887543
1058 0.02065390348434448 0.1709920316934586 0.04183734953403473
1059 0.02065390348434448 0.1709920316934586 0.02905265986919403
1060 0.02065390348434448 0.1837767213582993 0.02905265986919403
1061 0.007869216613471508 0.2093461006879807 0.04183734953403473
1062 0.007869216613471508 0.19656141102314 0.02905265986919403
1063 0.007869216613471508 0.2093461006879807 0.06740672141313553
1064 0.02065390348434448 0.2093461006879807 0.06740672141313553
1065 0.03343859314918518 0.2093461006879807 0.06740672141313553
1066 0.04622328281402588 0.2093461006879807 0.06740672141313553
1067 0.03343859314918518 0.2221307903528214 0.06740672141313553
1068 0.03343859314918518 0.2093461006879807 0.08019141107797623
1069 0.03343859314918518 0.2093461006879807 0.05462203919887543
1070 0.02065390348434448 0.2221307903528214 0.06740672141313553
1071 0.02065390348434448 0.2093461006879807 0.08019141107797623
1072 0.02065390348434448 0.2093461006879807 0.05462203919887543
1073 0.007869216613471508 0.2221307903528214 0.06740672141313553
1074 0.007869216613471508 0.2221307903528214 0.05462203919887543
1075 0.007869216613471508 0.2093461006879807 0.09297609329223633
1076 0.007869216613471508 0.2093461006879807 0.05462203919887543
1077 0.03343859314918518 0.19656141102314 0.06740672141313553
1078 0.02065390348434448 0.2221307903528214 0.08019141107797623
1079 0.03343859314918518 0.2221307903528214 0.08019141107797623
1080 0.02065390348434448 0.2093461006879807 0.09297609329223633
1081 0.004673044662922621 0.2061499357223511 0.05142586678266525
1082 0.02065390348434448 0.2221307903528214 0.05462203919887543
1083 0.03343859314918518 0.2221307903528214 0.05462203919887543
1084 0.02065390348434448 0.2093461006879807 0.04183734953403473
1085 0.03343859314918518 0.2093461006879807 0.04183734953403473
1086 0.007869216613471508 0.234915480017662 0.05462203919887543
1087 0.007869216613471508 0.2093461006879807 0.02905265986919403
1088 0.03343859314918518 0.19656141102314 0.05462203919887543
1089 0.02065390348434448 0.2221307903528214 0.04183734953403473
1090 0.03343859314918518 0.2221307903528214 0.04183734953403473
1091 0.02065390348434448 0.2093461006879807 0.02905265986919403
1092 0.007869216613471508 0.2093461006879807 0.01626797392964363
1093 0.02065390348434448 0.1582073420286179 0.04183734953403473
1094 0.03343859314918518 0.1582073420286179 0.04183734953403473
1095 0.02065390348434448 0.1454226523637772 0.04183734953403473
1096 0.02065390348434448 0.1582073420286179 0.05462203919887543
1097 0.02065390348434448 0.1582073420286179 0.02905265986919403
1098 0.007869216613471508 0.1326379626989365 0.04183734953403473
1099 0.007869216613471508 0.1454226523637772 0.02905265986919403
1100 0.02065390348434448 0.1326379626989365 0.04183734953403473
1101 0.02065390348434448 0.1454226523637772 0.05462203919887543
1102 0.02065390348434448 0.1454226523637772 0.02905265986919403
1103 0.007869216613471508 0.1326379626989365 0.05462203919887543
1104 0.007869216613471508 0.1454226523637772 0.01626797392964363
1105 0.03343859314918518 0.1582073420286179 0.02905265986919403
1106 0.02065390348434448 0.1582073420286179 0.01626797392964363
1107 0.02065390348434448 0.1582073420286179 0.08019141107797623
1108 0.03343859314918518 0.1582073420286179 0.08019141107797623
1109 0.02065390348434448 0.1454226523637772 0.08019141107797623
1110 0.02065390348434448 0.1582073420286179 0.09297609329223633
1111 0.02065390348434448 0.1582073420286179 0.06740672141313553
1112 0.007869216613471508 0.1326379626989365 0.08019141107797623
1113 0.02065390348434448 0.1326379626989365 0.08019141107797623
1114 0.02065390348434448 0.1454226523637772 0.06740672141313553
1115 0.007869216613471508 0.1326379626989365 0.06740672141313553
1116 0.007869216613471508 0.1454226523637772 0.09297609329223633
1117 0.03343859314918518 0.1582073420286179 0.09297609329223633
1118 0.007869216613471508 0.1582073420286179 0.105760782957077
1119 0.004673044662922621 0.2445040047168732 0.1089569553732872
1120 0.004673044662922621 0.2317193150520325 0.0706028938293457
1121 0.01106538809835911 0.2317193150520325 0.0706028938293457
1122 0.02065390348434448 0.234915480017662 0.06740672141313553
1123 0.03343859314918518 0.234915480017662 0.06740672141313553
1124 0.02065390348434448 0.234915480017662 0.05462203919887543
1125 0.004673044662922621 0.2253269553184509 0.0706028938293457
1126 0.004673044662922621 0.2381116449832916 0.0706028938293457
1127 0.004673044662922621 0.2445040047168732 0.0706028938293457
1128 0.007869216613471508 0.19656141102314 0.01626797392964363
1129 0.004673044662922621 0.1614035069942474 0.07699523866176605
1130 0.02065390348434448 0.1709920316934586 0.06740672141313553
1131 0.03343859314918518 0.1709920316934586 0.06740672141313553
1132 0.02065390348434448 0.1709920316934586 0.05462203919887543
1133 0.03343859314918518 0.1709920316934586 0.02905265986919403
1134 0.02065390348434448 0.1709920316934586 0.01626797392964363
1135 0.004673044662922621 0.1038724109530449 0.01946414634585381
1136 0.03343859314918518 0.09428390860557556 0.01626797392964363
1137 0.004673044662922621 0.2381116449832916 0.0578182116150856
1138 0.02065390348434448 0.234915480017662 0.04183734953403473
1139 0.004673044662922621 0.2317193150520325 0.05142586678266525
1140 0.004673044662922621 0.2253269553184509 0.05142586678266525
1141 0.02065390348434448 0.1454226523637772 0.01626797392964363
1142 0.03343859314918518 0.1454226523637772 0.01626797392964363
1143 0.02065390348434448 0.1326379626989365 0.01626797392964363
1144 0.007869216613471508 0.1326379626989365 0.01626797392964363
1145 0.007869216613471508 0.1454226523637772 0.105760782957077
1146 0.02065390348434448 0.1454226523637772 0.105760782957077
1147 0.03343859314918518 0.1454226523637772 0.105760782957077
1148 0.02065390348434448 0.1582073420286179 0.105760782957077
1149 0.02065390348434448 0.1326379626989365 0.105760782957077
1150 0.02065390348434448 0.1454226523637772 0.09297609329223633
1151 0.007869216613471508 0.1326379626989365 0.105760782957077
1152 0.007869216613471508 0.1198532730340958 0.105760782957077
1153 0.007869216613471508 0.1326379626989365 0.09297609329223633
1154 0.03343859314918518 0.1709920316934586 0.09297609329223633
1155 0.004673044662922621 0.1933652460575104 0.07699523866176605
1156 0.01106538809835911 0.1933652460575104 0.07699523866176605
1157 0.03343859314918518 0.19656141102314 0.08019141107797623
1158 0.04622328281402588 0.19656141102314 0.08019141107797623
1159 0.02065390348434448 0.19656141102314 0.09297609329223633
1160 0.004673044662922621 0.1997575759887695 0.07699523866176605
1161 0.004673044662922621 0.1933652460575104 0.0833875834941864
1162 0.004673044662922621 0.1997575759887695 0.0450335219502449
1163 0.03343859314918518 0.19656141102314 0.04183734953403473
1164 0.02065390348434448 0.19656141102314 0.02905265986919403
1165 0.004673044662922621 0.1933652460575104 0.0450335219502449
1166 0.004673044662922621 0.2381116449832916 0.06421054899692535
1167 0.01106538809835911 0.2381116449832916 0.06421054899692535
1168 0.004673044662922621 0.2317193150520325 0.06421054899692535
1169 0.004673044662922621 0.1166571006178856 0.0833875834941864
1170 0.02065390348434448 0.1198532730340958 0.08019141107797623
1171 0.03343859314918518 0.1198532730340958 0.08019141107797623
1172 0.04622328281402588 0.1198532730340958 0.08019141107797623
1173 0.03343859314918518 0.1198532730340958 0.09297609329223633
1174 0.02065390348434448 0.1070685833692551 0.08019141107797623
1175 0.02065390348434448 0.1198532730340958 0.09297609329223633
1176 0.02065390348434448 0.1198532730340958 0.06740672141313553
1177 0.007869216613471508 0.1070685833692551 0.09297609329223633
1178 0.007869216613471508 0.1198532730340958 0.09297609329223633
1179 0.007869216613471508 0.1198532730340958 0.05462203919887543
1180 0.03343859314918518 0.1070685833692551 0.08019141107797623
1181 0.03343859314918518 0.1070685833692551 0.09297609329223633
1182 0.02065390348434448 0.1070685833692551 0.09297609329223633
1183 0.02065390348434448 0.1070685833692551 0.06740672141313553
1184 0.007869216613471508 0.09428390860557556 0.09297609329223633
1185 0.007869216613471508 0.1070685833692551 0.105760782957077
1186 0.02065390348434448 0.1326379626989365 0.09297609329223633
1187 0.02065390348434448 0.1198532730340958 0.105760782957077
1188 0.03343859314918518 0.1198532730340958 0.105760782957077
1189 0.02065390348434448 0.1198532730340958 0.04183734953403473
1190 0.03343859314918518 0.1198532730340958 0.04183734953403473
1191 0.02065390348434448 0.1198532730340958 0.05462203919887543
1192 0.03343859314918518 0.1198532730340958 0.02905265986919403
1193 0.02065390348434448 0.1198532730340958 0.01626797392964363
1194 0.004673044662922621 0.1933652460575104 0.06421054899692535
1195 0.004673044662922621 0.1869728863239288 0.06421054899692535
1196 0.004673044662922621 0.1933652460575104 0.0578182116150856
1197 0.004673044662922621 0.1869728863239288 0.0578182116150856
1198 0.004673044662922621 0.05912601202726364 0.1089569553732872
1199 0.03343859314918518 0.05592983961105347 0.105760782957077
1200 0.02065390348434448 0.06871452927589417 0.105760782957077
1201 0.007869216613471508 0.08149921894073486 0.105760782957077
1202 0.03343859314918518 0.06871452927589417 0.105760782957077
1203 0.03343859314918518 0.08149921894073486 0.105760782957077
1204 0.02065390348434448 0.08149921894073486 0.105760782957077
1205 0.007869216613471508 0.09428390860557556 0.105760782957077
1206 0.004673044662922621 0.2253269553184509 0.0578182116150856
1207 0.004673044662922621 0.2189346253871918 0.08977992087602615
1208 0.02065390348434448 0.2221307903528214 0.09297609329223633
1209 0.004673044662922621 0.1486188173294067 0.02585648745298386
1210 0.03343859314918518 0.1454226523637772 0.02905265986919403
1211 0.004673044662922621 0.1486188173294067 0.08977992087602615
1212 0.03343859314918518 0.1326379626989365 0.09297609329223633
1213 0.004673044662922621 0.2253269553184509 0.01946414634585381
1214 0.01106538809835911 0.2253269553184509 0.01946414634585381
1215 0.02065390348434448 0.2221307903528214 0.01626797392964363
1216 0.03343859314918518 0.2221307903528214 0.01626797392964363
1217 0.03343859314918518 0.234915480017662 0.01626797392964363
1218 0.03343859314918518 0.2093461006879807 0.01626797392964363
1219 0.03343859314918518 0.2221307903528214 0.02905265986919403
1220 0.02065390348434448 0.2093461006879807 0.01626797392964363
1221 0.02065390348434448 0.19656141102314 0.01626797392964363
1222 0.02065390348434448 0.2221307903528214 0.02905265986919403
1223 0.004673044662922621 0.2317193150520325 0.03864117711782455
1224 0.004673044662922621 0.2253269553184509 0.03864117711782455
1225 0.004673044662922621 0.2317193150520325 0.03224883228540421
1226 0.004673044662922621 0.2381116449832916 0.07699523866176605
1227 0.004673044662922621 0.2317193150520325 0.0833875834941864
1228 0.004673044662922621 0.2253269553184509 0.0833875834941864
1229 0.004673044662922621 0.2317193150520325 0.08977992087602615
1230 0.03343859314918518 0.234915480017662 0.09297609329223633
1231 0.004673044662922621 0.07830304652452469 0.0961722657084465
1232 0.01106538809835911 0.07830304652452469 0.0961722657084465
1233 0.02065390348434448 0.08149921894073486 0.09297609329223633
1234 0.03343859314918518 0.08149921894073486 0.09297609329223633
1235 0.04622328281402588 0.08149921894073486 0.09297609329223633
1236 0.05900796502828598 0.08149921894073486 0.09297609329223633
1237 0.04622328281402588 0.09428390860557556 0.09297609329223633
1238 0.04622328281402588 0.08149921894073486 0.105760782957077
1239 0.03343859314918518 0.09428390860557556 0.09297609329223633
1240 0.03343859314918518 0.09428390860557556 0.105760782957077
1241 0.03343859314918518 0.06871452927589417 0.09297609329223633
1242 0.03343859314918518 0.08149921894073486 0.08019141107797623
1243 0.02065390348434448 0.09428390860557556 0.09297609329223633
1244 0.02065390348434448 0.09428390860557556 0.105760782957077
1245 0.004673044662922621 0.06551835685968399 0.08977992087602615
1246 0.004673044662922621 0.05912601202726364 0.08977992087602615
1247 0.03343859314918518 0.05592983961105347 0.08019141107797623
1248 0.004673044662922621 0.1805805563926697 0.06421054899692535
1249 0.03343859314918518 0.1837767213582993 0.05462203919887543
1250 0.004673044662922621 0.167795866727829 0.1025646105408669
1251 0.02065390348434448 0.1709920316934586 0.105760782957077
1252 0.03343859314918518 0.1709920316934586 0.105760782957077
1253 0.02065390348434448 0.1837767213582993 0.105760782957077
1254 0.004673044662922621 0.1614035069942474 0.01307180151343346
1255 0.03343859314918518 0.1582073420286179 0.01626797392964363
1256 0.03343859314918518 0.1709920316934586 0.01626797392964363
1257 0.02065390348434448 0.1837767213582993 0.01626797392964363
1258 0.004673044662922621 0.2445040047168732 0.06421054899692535
1259 0.01106538809835911 0.2445040047168732 0.06421054899692535
1260 0.03343859314918518 0.2477001696825027 0.06740672141313553
1261 0.03343859314918518 0.2477001696825027 0.05462203919887543
1262 0.02065390348434448 0.2477001696825027 0.05462203919887543
1263 0.004673044662922621 0.06551835685968399 0.05142586678266525
1264 0.03343859314918518 0.06871452927589417 0.04183734953403473
1265 0.04622328281402588 0.06871452927589417 0.04183734953403473
1266 0.03343859314918518 0.08149921894073486 0.04183734953403473
1267 0.02065390348434448 0.08149921894073486 0.04183734953403473
1268 0.02065390348434448 0.09428390860557556 0.04183734953403473
1269 0.01106538809835911 0.1933652460575104 0.0833875834941864
1270 0.004673044662922621 0.1933652460575104 0.08977992087602615
1271 0.004673044662922621 0.05912601202726364 0.02585648745298386
1272 0.004673044662922621 0.2253269553184509 0.0450335219502449
1273 0.01106538809835911 0.2253269553184509 0.0450335219502449
1274 0.004673044662922621 0.2189346253871918 0.0450335219502449
1275 0.004673044662922621 0.2572886943817139 0.0450335219502449
1276 0.01106538809835911 0.2572886943817139 0.0450335219502449
1277 0.03343859314918518 0.2477001696825027 0.04183734953403473
1278 0.03343859314918518 0.2604848742485046 0.05462203919887543
1279 0.004673044662922621 0.2636810541152954 0.0450335219502449
1280 0.01106538809835911 0.2508963346481323 0.0450335219502449
1281 0.01745773106813431 0.2508963346481323 0.0450335219502449
1282 0.004673044662922621 0.2445040047168732 0.0450335219502449
1283 0.004673044662922621 0.2508963346481323 0.03864117711782455
1284 0.004673044662922621 0.07191070169210434 0.0450335219502449
1285 0.004673044662922621 0.07830304652452469 0.0450335219502449
1286 0.004673044662922621 0.2317193150520325 0.07699523866176605
1287 0.004673044662922621 0.2253269553184509 0.07699523866176605
1288 0.004673044662922621 0.2061499357223511 0.03864117711782455
1289 0.004673044662922621 0.2061499357223511 0.03224883228540421
1290 0.004673044662922621 0.07191070169210434 0.1025646105408669
1291 0.004673044662922621 0.2445040047168732 0.02585648745298386
1292 0.004673044662922621 0.2381116449832916 0.02585648745298386
1293 0.004673044662922621 0.2445040047168732 0.01946414634585381
1294 0.03343859314918518 0.1070685833692551 0.105760782957077
1295 0.02065390348434448 0.1070685833692551 0.105760782957077
1296 0.04622328281402588 0.1198532730340958 0.105760782957077
1297 0.004673044662922621 0.135834127664566 0.1025646105408669
1298 0.03343859314918518 0.1326379626989365 0.105760782957077
1299 0.004673044662922621 0.135834127664566 0.01946414634585381
1300 0.03343859314918518 0.1326379626989365 0.01626797392964363
1301 0.03343859314918518 0.1326379626989365 0.02905265986919403
1302 0.02065390348434448 0.09428390860557556 0.06740672141313553
1303 0.03343859314918518 0.09428390860557556 0.06740672141313553
1304 0.02065390348434448 0.09428390860557556 0.05462203919887543
1305 0.004673044662922621 0.135834127664566 0.0450335219502449
1306 0.03343859314918518 0.1326379626989365 0.04183734953403473
1307 0.02065390348434448 0.1326379626989365 0.05462203919887543
1308 0.03343859314918518 0.1326379626989365 0.05462203919887543
1309 0.02065390348434448 0.1326379626989365 0.06740672141313553
1310 0.004673044662922621 0.0143796019256115 0.01946414634585381
1311 0.004673044662922621 0.2253269553184509 0.03224883228540421
1312 0.004673044662922621 0.05912601202726364 0.03864117711782455
1313 0.004673044662922621 0.05912601202726364 0.0450335219502449
1314 0.02065390348434448 0.2093461006879807 0.105760782957077
1315 0.02065390348434448 0.19656141102314 0.105760782957077
1316 0.03343859314918518 0.2093461006879807 0.105760782957077
1317 0.03343859314918518 0.08149921894073486 0.02905265986919403
1318 0.004673044662922621 0.1550111770629883 0.0961722657084465
1319 0.004673044662922621 0.1550111770629883 0.02585648745298386
1320 0.01106538809835911 0.05912601202726364 0.08977992087602615
1321 0.03343859314918518 0.05592983961105347 0.09297609329223633
1322 0.04622328281402588 0.05592983961105347 0.09297609329223633
1323 0.05900796502828598 0.05592983961105347 0.09297609329223633
1324 0.03343859314918518 0.04314514994621277 0.09297609329223633
1325 0.004673044662922621 0.05912601202726364 0.0961722657084465
1326 0.004673044662922621 0.2189346253871918 0.0833875834941864
1327 0.01106538809835911 0.2189346253871918 0.0833875834941864
1328 0.03343859314918518 0.234915480017662 0.08019141107797623
1329 0.03343859314918518 0.2221307903528214 0.09297609329223633
1330 0.004673044662922621 0.07191070169210434 0.05142586678266525
1331 0.004673044662922621 0.1869728863239288 0.05142586678266525
1332 0.004673044662922621 0.1997575759887695 0.0578182116150856
1333 0.004673044662922621 0.1997575759887695 0.06421054899692535
1334 0.004673044662922621 0.1038724109530449 0.01307180151343346
1335 0.004673044662922621 0.08469539135694504 0.0450335219502449
1336 0.03343859314918518 0.09428390860557556 0.04183734953403473
1337 0.004673044662922621 0.1933652460575104 0.0706028938293457
1338 0.004673044662922621 0.1933652460575104 0.05142586678266525
1339 0.004673044662922621 0.07830304652452469 0.1025646105408669
1340 0.004673044662922621 0.07191070169210434 0.08977992087602615
1341 0.004673044662922621 0.1933652460575104 0.03864117711782455
1342 0.004673044662922621 0.1933652460575104 0.03224883228540421
1343 0.03343859314918518 0.19656141102314 0.02905265986919403
1344 0.004673044662922621 0.2317193150520325 0.0578182116150856
1345 0.004673044662922621 0.135834127664566 0.0961722657084465
1346 0.01106538809835911 0.2253269553184509 0.03864117711782455
1347 0.004673044662922621 0.2189346253871918 0.03864117711782455
1348 0.004673044662922621 0.2381116449832916 0.03224883228540421
1349 0.03343859314918518 0.234915480017662 0.02905265986919403
1350 0.004673044662922621 0.2189346253871918 0.07699523866176605
1351 0.004673044662922621 0.2189346253871918 0.0706028938293457
1352 0.004673044662922621 0.2381116449832916 0.0833875834941864
1353 0.01106538809835911 0.2381116449832916 0.0833875834941864
1354 0.004673044662922621 0.2381116449832916 0.08977992087602615
1355 0.004673044662922621 0.1166571006178856 0.01307180151343346
1356 0.01106538809835911 0.1166571006178856 0.01307180151343346
1357 0.03343859314918518 0.1198532730340958 0.01626797392964363
1358 0.04622328281402588 0.1198532730340958 0.01626797392964363
1359 0.03343859314918518 0.1070685833692551 0.01626797392964363
1360 0.004673044662922621 0.1230494454503059 0.01307180151343346
1361 0.004673044662922621 0.1166571006178856 0.01946414634585381
1362 0.004673044662922621 0.07191070169210434 0.0961722657084465
1363 0.004673044662922621 0.07830304652452469 0.05142586678266525
1364 0.004673044662922621 0.1294417977333069 0.0450335219502449
1365 0.03343859314918518 0.1837767213582993 0.105760782957077
1366 0.03343859314918518 0.1709920316934586 0.05462203919887543
1367 0.004673044662922621 0.06551835685968399 0.03864117711782455
1368 0.004673044662922621 0.09748008102178574 0.03224883228540421
1369 0.03343859314918518 0.09428390860557556 0.02905265986919403
1370 0.004673044662922621 0.09748008102178574 0.0961722657084465
1371 0.004673044662922621 0.09748008102178574 0.07699523866176605
1372 0.03343859314918518 0.1582073420286179 0.05462203919887543
1373 0.004673044662922621 0.08469539135694504 0.06421054899692535
1374 0.004673044662922621 0.07191070169210434 0.006679457146674395
1375 0.01106538809835911 0.07830304652452469 0.01307180151343346
1376 0.03343859314918518 0.08149921894073486 0.01626797392964363
1377 0.04622328281402588 0.08149921894073486 0.01626797392964363
1378 0.004673044662922621 0.09748008102178574 0.01307180151343346
1379 0.004673044662922621 0.1230494454503059 0.1089569553732872
1380 0.004673044662922621 0.1166571006178856 0.006679457146674395
1381 0.004673044662922621 0.2381116449832916 0.1025646105408669
1382 0.004673044662922621 0.135834127664566 0.07699523866176605
1383 0.004673044662922621 0.09108773618936539 0.08977992087602615
1384 0.004673044662922621 0.2445040047168732 0.07699523866176605
1385 0.004673044662922621 0.167795866727829 0.0961722657084465
1386 0.004673044662922621 0.1997575759887695 0.03864117711782455
1387 0.004673044662922621 0.2764657139778137 0.0578182116150856
1388 0.004673044662922621 0.1230494454503059 0.0833875834941864
1389 0.004673044662922621 0.09748008102178574 0.03864117711782455
1390 0.004673044662922621 0.1038724109530449 0.03864117711782455
1391 0.03343859314918518 0.1070685833692551 0.04183734953403473
1392 0.02065390348434448 0.1070685833692551 0.05462203919887543
1393 0.004673044662922621 0.1997575759887695 0.0961722657084465
1394 0.004673044662922621 0.2061499357223511 0.0961722657084465
1395 0.03343859314918518 0.1198532730340958 0.05462203919887543
1396 0.004673044662922621 0.1933652460575104 0.1025646105408669
1397 0.01106538809835911 0.1933652460575104 0.1025646105408669
1398 0.03343859314918518 0.19656141102314 0.105760782957077
1399 0.004673044662922621 0.1997575759887695 0.1025646105408669
1400 0.03343859314918518 0.1198532730340958 0.06740672141313553
1401 0.004673044662922621 0.007987258955836296 0.0578182116150856
1402 0.004673044662922621 0.2381116449832916 0.01307180151343346
1403 0.004673044662922621 0.1294417977333069 0.05142586678266525
1404 0.03343859314918518 0.2221307903528214 0.105760782957077
1405 0.004673044662922621 0.2317193150520325 0.01307180151343346
1406 0.004673044662922621 0.2253269553184509 0.01307180151343346
1407 0.004673044662922621 0.1741881966590881 0.06421054899692535
1408 0.01106538809835911 0.1741881966590881 0.06421054899692535
1409 0.04622328281402588 0.1709920316934586 0.06740672141313553
1410 0.03343859314918518 0.1837767213582993 0.06740672141313553
1411 0.03343859314918518 0.1582073420286179 0.06740672141313553
1412 0.03343859314918518 0.1709920316934586 0.08019141107797623
1413 0.004673044662922621 0.1741881966590881 0.0578182116150856
1414 0.03343859314918518 0.1454226523637772 0.06740672141313553
1415 0.03343859314918518 0.1454226523637772 0.05462203919887543
1416 0.004673044662922621 0.08469539135694504 0.006679457146674395
1417 0.004673044662922621 0.2253269553184509 0.006679457146674395
1418 0.004673044662922621 0.08469539135694504 0.1089569553732872
1419 0.004673044662922621 0.007987258955836296 0.08977992087602615
1420 0.004673044662922621 0.007987258955836296 0.06421054899692535
1421 0.004673044662922621 0.2125422656536102 0.08977992087602615
1422 0.004673044662922621 0.1741881966590881 0.0961722657084465
1423 0.004673044662922621 0.1294417977333069 0.0578182116150856
1424 0.004673044662922621 0.2125422656536102 0.01307180151343346
1425 0.004673044662922621 0.1614035069942474 0.006679457146674395
1426 0.004673044662922621 0.2189346253871918 0.02585648745298386
1427 0.03343859314918518 0.2093461006879807 0.02905265986919403
1428 0.004673044662922621 0.1102647557854652 0.08977992087602615
1429 0.004673044662922621 0.1102647557854652 0.0961722657084465
1430 0.004673044662922621 0.1550111770629883 0.006679457146674395
1431 0.004673044662922621 0.2189346253871918 0.1089569553732872
1432 0.004673044662922621 0.2125422656536102 0.0961722657084465
1433 0.004673044662922621 0.2189346253871918 0.1025646105408669
1434 0.004673044662922621 0.09748008102178574 0.0706028938293457
1435 0.004673044662922621 0.09748008102178574 0.06421054899692535
1436 0.004673044662922621 0.1230494454503059 0.0578182116150856
1437 0.004673044662922621 0.1102647557854652 0.0578182116150856
1438 0.004673044662922621 0.1741881966590881 0.01307180151343346
1439 0.004673044662922621 0.1038724109530449 0.0578182116150856
1440 0.03343859314918518 0.1070685833692551 0.05462203919887543
1441 0.03343859314918518 0.09428390860557556 0.05462203919887543
1442 0.004673044662922621 0.09748008102178574 0.0578182116150856
1443 0.004673044662922621 0.1997575759887695 0.01307180151343346
1444 0.03343859314918518 0.19656141102314 0.01626797392964363
1445 0.004673044662922621 0.1933652460575104 0.01946414634585381
1446 0.004673044662922621 0.0271642878651619 0.006679457146674395
1447 0.004673044662922621 0.007987258955836296 0.006679457146674395
1448 0.01106538809835911 0.007987258955836296 0.006679457146674395
1449 0.004673044662922621 0.02077194675803185 0.006679457146674395
1450 0.004673044662922621 0.04634132236242294 0.006679457146674395
1451 0 0.4 0
1452 0.05 0.4 0
1453 0 0.4 0.12
1454 0.05 0.4 0.12
1455 0 0.3090909090909721 0
1456 0 0.3181818181819444 0
1457 0 0.327272727272885 0
1458 0 0.336363636363731 0
1459 0 0.345454545454577 0
1460 0 0.354545454545423 0
1461 0 0.3636363636362691 0
1462 0 0.372727272727115 0
1463 0 0.3818181818180557 0
1464 0 0.3909090909090279 0
1465 0.05 0.35 0
1466 0.01666666865511154 0.4 0
1467 0 0.3090909090909721 0.12
1468 0 0.3181818181819444 0.12
1469 0 0.327272727272885 0.12
1470 0 0.336363636363731 0.12
1471 0 0.345454545454577 0.12
1472 0 0.354545454545423 0.12
1473 0 0.3636363636362691 0.12
1474 0 0.372727272727115 0.12
1475 0 0.3818181818180557 0.12
1476 0 0.3909090909090279 0.12
1477 0.01666666865503171 0.4 0.12
1478 0.05 0.35 0.12
1479 0 0.4 0.009230769230742002
1480 0 0.4 0.018461538461484
1481 0 0.4 0.02769230769222601
1482 0 0.4 0.03692307692297855
1483 0 0.4 0.04615384615373462
1484 0 0.4 0.05538461538449069
1485 0 0.4 0.06461538461526009
1486 0 0.4 0.07384615384604286
1487 0 0.4 0.08307692307682561
1488 0 0.4 0.09230769230761171
1489 0 0.4 0.1015384615384078
1490 0 0.4 0.1107692307692039
1491 0.05 0.4 0.03999999999989724
1492 0.05 0.4 0.07999999999989801
1493 0.02205886277943364 0.3273246302309225 0
1494 0.0116446658733538 0.351402058117617 0
1495 0.01603891681605817 0.3763116209010106 0
1496 0 0.3464503883130499 0.03234282789937888
1497 0 0.3430178912178441 0.04559746361451342
1498 0 0.3583655510456102 0.0599901468585318
1499 0 0.375441941333108 0.09130552944629551
1500 0 0.3218361080854267 0.09675334840182898
1501 0 0.3230755803638432 0.03096130568360384
1502 0 0.3742119719945796 0.01967354338606019
1503 0 0.3177429664892513 0.105284319662334
1504 0 0.3792925047296446 0.1072198573916877
1505 0 0.3219839758406618 0.01469247875893895
1506 0 0.3827972654980045 0.01578956859623467
1507 0 0.3087357226852955 0.1120814681480544
1508 0 0.3911655618686408 0.007956730769207606
1509 0 0.3082697510822863 0.008728021977996591
1510 0 0.3290566141187786 0.08117147677468449
1511 0 0.3761658558743891 0.04872141188922862
1512 0 0.379286050624164 0.06549134749915889
1513 0 0.3270954393744674 0.06500933724228071
1514 0 0.366802728240311 0.07855363137108159
1515 0 0.3673049137850988 0.09346762794399884
1516 0 0.3541729918240563 0.1049433571118247
1517 0 0.3644431593378064 0.03669592567899226
1518 0 0.3827814781523889 0.03270499691181823
1519 0 0.3087824504454737 0.0882626409266869
1520 0 0.3294387140298672 0.02222943809319573
1521 0 0.345311973116776 0.01309641266671341
1522 0 0.3680924739480865 0.08650862330653254
1523 0 0.330785796776824 0.03229051039632247
1524 0 0.3367214485967245 0.09799901448646699
1525 0 0.3363692726710689 0.1071188598224397
1526 0 0.362915913404691 0.01256174156976513
1527 0 0.3591212651039369 0.02019097789785621
1528 0 0.3872084259877503 0.0255278204348783
1529 0 0.3135460241395164 0.09679752683196005
1530 0 0.3869514529199288 0.07817056566964609
1531 0 0.3267656591259692 0.110289485355579
1532 0 0.3102096346114455 0.01548924646777438
1533 0 0.3451417097931462 0.07314901179881753
1534 0 0.3731842060427894 0.01089349955008527
1535 0 0.309381974787832 0.02454406476834253
1536 0 0.3924104195302001 0.01705906016638968
1537 0 0.3076085279417627 0.1034731925313247
1538 0 0.3815982810771282 0.09817585743639688
1539 0 0.3186243908255164 0.0225750901225801
1540 0 0.370460550780694 0.111176435643276
1541 0 0.3270527555257727 0.006123507985456975
1542 0 0.3859218996636286 0.1135183026286225
1543 0 0.3832595963004048 0.006921169786322995
1544 0 0.3156010391885427 0.007867711970951888
1545 0 0.3195711027461898 0.07708276705055397
1546 0 0.359510966568062 0.0450817250954301
1547 0 0.3080105572131097 0.06729631307684064
1548 0 0.3694815001906467 0.0630280193019737
1549 0 0.3461547391266455 0.06176876363369117
1550 0 0.3324558062335058 0.05874284746126129
1551 0 0.3852875920883634 0.04985289352523561
1552 0 0.3170741775666456 0.05308629789820247
1553 0 0.3397303621860446 0.08204750141600442
1554 0 0.3364008207152441 0.06672022633904198
1555 0 0.3673184247972136 0.05299048172953297
1556 0 0.3741691384895053 0.03501445032677716
1557 0 0.352226304876925 0.09396591469986439
1558 0 0.3554393982812565 0.07571973532207159
1559 0 0.3777953701624147 0.07758728496654356
1560 0 0.3624553402707101 0.06932991720867469
1561 0 0.3452100166254167 0.1005913440807876
1562 0 0.3214285393628997 0.08445335812194629
1563 0 0.360229286127151 0.1103922495236577
1564 0 0.3890744109613787 0.06043543857127692
1565 0 0.3357379498282585 0.0752670308049842
1566 0 0.3734022544385477 0.07089530807734494
1567 0 0.3456451049834419 0.02219632355971818
1568 0 0.3282037151600191 0.07284960303969054
1569 0 0.3706831342437911 0.04380682901274401
1570 0 0.3350599718366847 0.08949993439732759
1571 0 0.370230681126568 0.02749841825251599
1572 0 0.3818692027223444 0.04130607794481083
1573 0 0.3617510344684119 0.09947602159001168
1574 0 0.3924524002496041 0.07176499427164507
1575 0 0.3383668383246023 0.01790131826056113
1576 0 0.3785664935414661 0.02603479965138075
1577 0 0.3784884915810398 0.05706183122687199
1578 0 0.3463383052338166 0.1080417947554057
1579 0 0.3431582015367824 0.09085664850283283
1580 0 0.3507494028151526 0.05132054797973581
1581 0 0.353365411475482 0.01509470911505963
1582 0 0.3258662858037489 0.09011143071960402
1583 0 0.317614144049986 0.08980762622630802
1584 0 0.3555550306321426 0.03541284398076862
1585 0 0.3808194976846848 0.08430619604555868
1586 0 0.3532851973289021 0.06784099500705104
1587 0 0.3666958313529754 0.01994769341516764
1588 0 0.3188019784729213 0.03745303251790776
1589 0 0.3289796714616117 0.09555056616873006
1590 0 0.3496546303227696 0.00663737384585553
1591 0 0.3236683942246636 0.05592730252821012
1592 0 0.3889796504356133 0.086322272552941
1593 0 0.3387545376100993 0.008319871655808673
1594 0 0.3845228701808714 0.091282764988363
1595 0 0.3908608248285143 0.03311622186609277
1596 0 0.3831805371369334 0.0710067492090196
1597 0 0.373790402273721 0.08365225302720238
1598 0 0.3602375279870845 0.08678765079409712
1599 0 0.3417548716002078 0.1139646575434328
1600 0 0.3610231092525398 0.02811585780513523
1601 0 0.3162273461801998 0.02941120288211951
1602 0 0.35320480829088 0.02590269899123412
1603 0 0.3942341397138303 0.02487969288720406
1604 0 0.3276604688234901 0.1020739016877502
1605 0 0.3587218737294448 0.006489089433713239
1606 0 0.3385554453259879 0.03778739377008277
1607 0 0.3335765869093333 0.1142977650354861
1608 0 0.3098349841383501 0.03421861403905686
1609 0 0.3954936912686527 0.08757884641264567
1610 0 0.3662371259080618 0.005988866110712728
1611 0 0.350573507028146 0.112807421905531
1612 0 0.3936916804082988 0.08023078937927315
1613 0 0.3493222507768732 0.08375441042228132
1614 0 0.3136699502994756 0.04454738989542956
1615 0 0.3063468651136482 0.09646249178531568
1616 0 0.3311193642662006 0.0138533229507923
1617 0 0.3783066241824666 0.1143451190320825
1618 0 0.3910758042483663 0.09436335726445841
1619 0 0.3717527985100771 0.1009111457825791
1620 0 0.3386735992192424 0.02712715117662409
1621 0 0.3092337328710259 0.07756367963241564
1622 0 0.3171691140036 0.06230422796171737
1623 0 0.3919863059416911 0.04260963487523097
1624 0 0.3213006076992105 0.06984229387601111
1625 0 0.3394362291867598 0.05329308271605342
1626 0 0.315325993895115 0.08343401439158217
1627 0 0.3152058309219221 0.07089102641234463
1628 0 0.3489244605665118 0.04151028392473916
1629 0 0.3589860863065096 0.05234572541580767
1630 0 0.3062667450926013 0.0431839903418663
1631 0 0.3280919952133066 0.04006800685475388
1632 0 0.3302089038048394 0.05011519359162131
1633 0 0.3358620929497476 0.04537222810940496
1634 0 0.3932696617982867 0.05088728570199377
1635 0 0.307773818021929 0.05457150816594272
1636 0 0.321919233263642 0.04686620388102084
1637 0 0.3888905058622136 0.1050334086073625
1638 0 0.3386118988155388 0.06013123003751196
1639 0 0.3942869160724783 0.1118099005905995
1640 0 0.3660484174715835 0.1054889631348811
1641 0 0.3179649671410529 0.1146092121943279
1642 0.01462396417880334 0.4 0.07569248870898659
1643 0.01620797580123197 0.4 0.0395508727003713
1644 0.01794614293093171 0.4 0.05614585586054506
1645 0.01660933055704294 0.4 0.02148232062596239
1646 0.007292862159384012 0.4 0.1042171998941143
1647 0.01979764214188844 0.4 0.09647061485534802
1648 0.05 0.3686130192895107 0.08207462433249141
1649 0.05 0.3302027703703704 0.08848128691353087
1650 0.05 0.3414692982766468 0.05509265187428578
1651 0.01673584062058307 0.324032219939408 0.12
1652 0.01261838658018551 0.3726728445165552 0.12
1653 0.01722005630955301 0.3513486686057317 0.12
1654 0.02604625001549721 0.381409227848053 0.01949474960565567
1655 0.02604625001549721 0.3609537482261658 0.01949474960565567
1656 0.02604625001549721 0.3404982686042786 0.01949474960565567
1657 0.02604625001549721 0.3609537482261658 0.03995024785399437
1658 0.02604625001549721 0.3609537482261658 0.06040574237704277
1659 0.02604625001549721 0.3200427889823914 0.01949474960565567
1660 0.02604625001549721 0.3200427889823914 0.03995024785399437
1661 0.02604625001549721 0.3404982686042786 0.03995024785399437
1662 0.02604625001549721 0.3404982686042786 0.06040574237704277
1663 0.01070462539792061 0.3456121385097504 0.01438087411224842
1664 0.02604625001549721 0.3609537482261658 0.1013167500495911
1665 0.02604625001549721 0.381409227848053 0.1013167500495911
1666 0.02604625001549721 0.381409227848053 0.08086124062538147
1667 0.02604625001549721 0.3404982686042786 0.1013167500495911
1668 0.02604625001549721 0.3609537482261658 0.08086124062538147
1669 0.02604625001549721 0.3200427889823914 0.1013167500495911
1670 0.02604625001549721 0.3404982686042786 0.08086124062538147
1671 0.02604625001549721 0.3200427889823914 0.08086124062538147
1672 0.02604625001549721 0.381409227848053 0.06040574237704277
1673 0.02604625001549721 0.381409227848053 0.03995024785399437
1674 0.01070462539792061 0.3762953579425812 0.08597511798143387
1675 0.02093237452208996 0.3762953579425812 0.08597511798143387
1676 0.03116012550890446 0.3762953579425812 0.08597511798143387
1677 0.01070462539792061 0.3865230977535248 0.08597511798143387
1678 0.01070462539792061 0.3660676181316376 0.08597511798143387
1679 0.01070462539792061 0.3762953579425812 0.09620287269353867
1680 0.01070462539792061 0.3762953579425812 0.07574736326932907
1681 0.01070462539792061 0.3660676181316376 0.09620287269353867
1682 0.02093237452208996 0.3660676181316376 0.09620287269353867
1683 0.03116012550890446 0.3660676181316376 0.09620287269353867
1684 0.01070462539792061 0.355839878320694 0.09620287269353867
1685 0.01070462539792061 0.3660676181316376 0.1064306274056435
1686 0.01070462539792061 0.3251566588878632 0.02460862509906292
1687 0.02093237452208996 0.3251566588878632 0.02460862509906292
1688 0.03116012550890446 0.3251566588878632 0.02460862509906292
1689 0.02604625001549721 0.3200427889823914 0.06040574237704277
1690 0.01070462539792061 0.3353843986988068 0.02460862509906292
1691 0.01070462539792061 0.3353843986988068 0.03483637422323227
1692 0.01070462539792061 0.3149289190769196 0.02460862509906292
1693 0.01070462539792061 0.3251566588878632 0.03483637422323227
1694 0.01070462539792061 0.3251566588878632 0.01438087411224842
1695 0.01070462539792061 0.3149289190769196 0.08597511798143387
1696 0.01070462539792061 0.3251566588878632 0.09620287269353867
1697 0.02093237452208996 0.3251566588878632 0.09620287269353867
1698 0.03116012550890446 0.3251566588878632 0.09620287269353867
1699 0.02093237452208996 0.3353843986988068 0.09620287269353867
1700 0.02093237452208996 0.3149289190769196 0.09620287269353867
1701 0.02093237452208996 0.3251566588878632 0.1064306274056435
1702 0.01070462539792061 0.3353843986988068 0.09620287269353867
1703 0.01070462539792061 0.3149289190769196 0.09620287269353867
1704 0.01070462539792061 0.3251566588878632 0.1064306274056435
1705 0.01070462539792061 0.3251566588878632 0.08597511798143387
1706 0.01070462539792061 0.3251566588878632 0.07574736326932907
1707 0.01070462539792061 0.3149289190769196 0.1064306274056435
1708 0.02093237452208996 0.3149289190769196 0.1064306274056435
1709 0.03116012550890446 0.3149289190769196 0.1064306274056435
1710 0.01070462539792061 0.3762953579425812 0.01438087411224842
1711 0.02093237452208996 0.3762953579425812 0.01438087411224842
1712 0.03116012550890446 0.3762953579425812 0.01438087411224842
1713 0.01070462539792061 0.3865230977535248 0.01438087411224842
1714 0.01070462539792061 0.3660676181316376 0.01438087411224842
1715 0.01070462539792061 0.3762953579425812 0.02460862509906292
1716 0.01070462539792061 0.3762953579425812 0.03483637422323227
1717 0.01070462539792061 0.3149289190769196 0.01438087411224842
1718 0.02093237452208996 0.3149289190769196 0.01438087411224842
1719 0.02093237452208996 0.3865230977535248 0.01438087411224842
1720 0.01070462539792061 0.3865230977535248 0.02460862509906292
1721 0.01070462539792061 0.3762953579425812 0.1064306274056435
1722 0.02093237452208996 0.3149289190769196 0.02460862509906292
1723 0.01070462539792061 0.3149289190769196 0.03483637422323227
1724 0.01070462539792061 0.3456121385097504 0.06551961600780487
1725 0.02093237452208996 0.3456121385097504 0.06551961600780487
1726 0.01070462539792061 0.355839878320694 0.06551961600780487
1727 0.01070462539792061 0.3353843986988068 0.06551961600780487
1728 0.01070462539792061 0.3456121385097504 0.07574736326932907
1729 0.01070462539792061 0.3456121385097504 0.05529186874628067
1730 0.01070462539792061 0.3660676181316376 0.05529186874628067
1731 0.01070462539792061 0.3762953579425812 0.05529186874628067
1732 0.01070462539792061 0.355839878320694 0.05529186874628067
1733 0.01070462539792061 0.3660676181316376 0.06551961600780487
1734 0.01070462539792061 0.3660676181316376 0.04506412148475647
1735 0.01070462539792061 0.3762953579425812 0.06551961600780487
1736 0.01070462539792061 0.3660676181316376 0.07574736326932907
1737 0.01070462539792061 0.3353843986988068 0.1064306274056435
1738 0.02093237452208996 0.3353843986988068 0.1064306274056435
1739 0.03116012550890446 0.3353843986988068 0.1064306274056435
1740 0.02093237452208996 0.3456121385097504 0.1064306274056435
1741 0.01070462539792061 0.3456121385097504 0.1064306274056435
1742 0.01070462539792061 0.3456121385097504 0.09620287269353867
1743 0.02093237452208996 0.3456121385097504 0.09620287269353867
1744 0.03116012550890446 0.3456121385097504 0.09620287269353867
1745 0.01070462539792061 0.3456121385097504 0.08597511798143387
1746 0.02093237452208996 0.3251566588878632 0.08597511798143387
1747 0.01070462539792061 0.3353843986988068 0.08597511798143387
1748 0.01070462539792061 0.3353843986988068 0.07574736326932907
1749 0.02093237452208996 0.3353843986988068 0.07574736326932907
1750 0.01070462539792061 0.3865230977535248 0.06551961600780487
1751 0.02093237452208996 0.3251566588878632 0.07574736326932907
1752 0.02093237452208996 0.3251566588878632 0.06551961600780487
1753 0.01070462539792061 0.3149289190769196 0.07574736326932907
1754 0.01070462539792061 0.3251566588878632 0.06551961600780487
1755 0.02093237452208996 0.3353843986988068 0.06551961600780487
1756 0.01070462539792061 0.3353843986988068 0.05529186874628067
1757 0.01070462539792061 0.3660676181316376 0.03483637422323227
1758 0.01070462539792061 0.355839878320694 0.03483637422323227
1759 0.01070462539792061 0.3660676181316376 0.02460862509906292
1760 0.02093237452208996 0.3762953579425812 0.03483637422323227
1761 0.01070462539792061 0.3865230977535248 0.03483637422323227
1762 0.01070462539792061 0.3762953579425812 0.04506412148475647
1763 0.01070462539792061 0.355839878320694 0.04506412148475647
1764 0.02093237452208996 0.3762953579425812 0.04506412148475647
1765 0.01070462539792061 0.3865230977535248 0.04506412148475647
1766 0.02093237452208996 0.3865230977535248 0.04506412148475647
1767 0.01070462539792061 0.3865230977535248 0.05529186874628067
1768 0.02093237452208996 0.3762953579425812 0.05529186874628067
1769 0.01070462539792061 0.355839878320694 0.1064306274056435
1770 0.02093237452208996 0.355839878320694 0.1064306274056435
1771 0.02093237452208996 0.3456121385097504 0.01438087411224842
1772 0.01070462539792061 0.355839878320694 0.01438087411224842
1773 0.01070462539792061 0.3353843986988068 0.01438087411224842
1774 0.01070462539792061 0.3456121385097504 0.02460862509906292
1775 0.02093237452208996 0.3353843986988068 0.01438087411224842
1776 0.02093237452208996 0.3456121385097504 0.02460862509906292
1777 0.01070462539792061 0.355839878320694 0.02460862509906292
1778 0.01070462539792061 0.3456121385097504 0.03483637422323227
1779 0.02093237452208996 0.3865230977535248 0.02460862509906292
1780 0.03116012550890446 0.3865230977535248 0.02460862509906292
1781 0.02093237452208996 0.3762953579425812 0.02460862509906292
1782 0.02093237452208996 0.3865230977535248 0.03483637422323227
1783 0.01070462539792061 0.3865230977535248 0.07574736326932907
1784 0.02093237452208996 0.3865230977535248 0.07574736326932907
1785 0.01070462539792061 0.355839878320694 0.07574736326932907
1786 0.02093237452208996 0.355839878320694 0.07574736326932907
1787 0.01070462539792061 0.355839878320694 0.08597511798143387
1788 0.03116012550890446 0.3353843986988068 0.09620287269353867
1789 0.02093237452208996 0.3353843986988068 0.08597511798143387
1790 0.01070462539792061 0.3251566588878632 0.05529186874628067
1791 0.02093237452208996 0.3251566588878632 0.05529186874628067
1792 0.01070462539792061 0.3149289190769196 0.05529186874628067
1793 0.01070462539792061 0.3251566588878632 0.04506412148475647
1794 0.01070462539792061 0.3865230977535248 0.09620287269353867
1795 0.02093237452208996 0.3865230977535248 0.09620287269353867
1796 0.01070462539792061 0.3865230977535248 0.1064306274056435
1797 0.02093237452208996 0.3149289190769196 0.03483637422323227
1798 0.03116012550890446 0.3149289190769196 0.03483637422323227
1799 0.02093237452208996 0.3251566588878632 0.03483637422323227
1800 0.02093237452208996 0.3149289190769196 0.04506412148475647
1801 0.01070462539792061 0.3149289190769196 0.04506412148475647
1802 0.03116012550890446 0.3251566588878632 0.1064306274056435
1803 0.02093237452208996 0.3456121385097504 0.07574736326932907
1804 0.02093237452208996 0.3251566588878632 0.01438087411224842
1805 0.02093237452208996 0.3865230977535248 0.1064306274056435
1806 0.02093237452208996 0.3762953579425812 0.1064306274056435
1807 0.02093237452208996 0.3660676181316376 0.02460862509906292
1808 0.02093237452208996 0.355839878320694 0.02460862509906292
1809 0.02093237452208996 0.3456121385097504 0.03483637422323227
1810 0.01070462539792061 0.3456121385097504 0.04506412148475647
1811 0.02093237452208996 0.3353843986988068 0.03483637422323227
1812 0.01070462539792061 0.3353843986988068 0.04506412148475647
1813 0.02093237452208996 0.3353843986988068 0.02460862509906292
1814 0.01070462539792061 0.3149289190769196 0.06551961600780487
1815 0.03116012550890446 0.3865230977535248 0.03483637422323227
1816 0.03116012550890446 0.3251566588878632 0.06551961600780487
1817 0.02093237452208996 0.3149289190769196 0.06551961600780487
1818 0.02093237452208996 0.3149289190769196 0.08597511798143387
1819 0.03116012550890446 0.3149289190769196 0.08597511798143387
1820 0.03116012550890446 0.3149289190769196 0.09620287269353867
1821 0.02093237452208996 0.3149289190769196 0.07574736326932907
1822 0.02093237452208996 0.3149289190769196 0.05529186874628067
1823 0.02093237452208996 0.3456121385097504 0.08597511798143387
1824 0.02093237452208996 0.3353843986988068 0.04506412148475647
1825 0.02093237452208996 0.3251566588878632 0.04506412148475647
1826 0.02093237452208996 0.3660676181316376 0.1064306274056435
$EndNodes
$Elements
8521
1 15 2 1 1 1
2 15 2 1 2 2
3 1 2 99 1 1 3
4 1 2 99 1 3 4
5 1 2 99 1 4 5
6 1 2 99 1 5 6
7 1 2 99 1 6 2
8 1 2 99 2 7 8
9 1 2 99 2 8 9
10 1 2 99 2 9 10
11 1 2 99 2 10 11
12 1 2 99 2 11 12
13 1 2 99 2 12 13
14 1 2 99 2 13 14
15 1 2 99 2 14 2
16 1 2 99 4 15 16
17 1 2 99 4 16 17
18 1 2 99 4 17 18
19 1 2 99 4 18 19
20 1 2 99 4 19 20
21 1 2 99 4 20 21
22 1 2 99 4 21 22
23 1 2 99 4 22 23
24 1 2 99 4 23 24
25 1 2 99 4 24 25
26 1 2 99 4 25 26
27 1 2 99 4 26 27
28 1 2 99 4 27 28
29 1 2 99 4 28 29
30 1 2 99 4 29 30
31 1 2 99 4 30 31
32 1 2 99 4 31 32
33 1 2 99 4 32 33
34 1 2 99 4 33 34
35 1 2 99 4 34 35
36 1 2 99 4 35 36
37 1 2 99 4 36 37
38 1 2 99 4 37 38
39 1 2 99 4 38 39
40 1 2 99 4 39 40
41 1 2 99 4 40 41
42 1 2 99 4 41 42
43 1 2 99 4 42 43
44 1 2 99 4 43 44
45 1 2 99 4 44 45
46 1 2 99 4 45 46
47 1 2 99 4 46 47
48 1 2 99 4 47 1
49 2 4 100 6 1 2 1 3 47
50 2 4 100 6 1 1 16 48 15
51 2 4 100 6 1 2 37 38 52
52 2 4 100 6 1 2 33 34 53
53 2 4 100 6 1 2 29 30 55
54 2 4 100 6 1 2 57 36 37
55 2 4 100 6 1 2 37 52 57
56 2 4 100 6 1 2 58 32 33
57 2 4 100 6 1 2 33 53 58
58 2 4 100 6 1 2 59 53 50
59 2 4 100 6 1 2 64 52 49
60 2 4 100 6 1 2 64 50 57
61 2 4 100 6 1 2 52 64 57
62 2 4 100 6 1 2 59 51 58
63 2 4 100 6 1 2 53 59 58
64 2 4 100 6 1 2 60 50 64
65 2 4 100 6 1 2 41 42 56
66 2 4 100 6 1 2 34 35 63
67 2 4 100 6 1 2 63 53 34
68 2 4 100 6 1 2 50 53 63
69 2 4 100 6 1 2 63 35 36
70 2 4 100 6 1 2 36 57 63
71 2 4 100 6 1 2 63 57 50
72 2 4 100 6 1 2 30 31 65
73 2 4 100 6 1 2 65 55 30
74 2 4 100 6 1 2 51 55 65
75 2 4 100 6 1 2 65 31 32
76 2 4 100 6 1 2 32 58 65
77 2 4 100 6 1 2 65 58 51
78 2 4 100 6 1 2 49 60 64
79 2 4 100 6 1 1 66 21 22
80 2 4 100 6 1 2 61 12 11
81 2 4 100 6 1 2 50 61 59
82 2 4 100 6 1 2 60 61 50
83 2 4 100 6 1 2 12 61 60
84 2 4 100 6 1 2 11 10 68
85 2 4 100 6 1 2 70 40 41
86 2 4 100 6 1 2 56 70 41
87 2 4 100 6 1 2 61 11 68
88 2 4 100 6 1 2 67 56 42
89 2 4 100 6 1 2 67 71 56
90 2 4 100 6 1 2 61 68 59
91 2 4 100 6 1 2 68 51 59
92 2 4 100 6 1 2 42 43 67
93 2 4 100 6 1 2 44 45 69
94 2 4 100 6 1 1 22 23 62
95 2 4 100 6 1 1 22 62 66
96 2 4 100 6 1 2 75 24 25
97 2 4 100 6 1 2 72 10 9
98 2 4 100 6 1 2 56 73 70
99 2 4 100 6 1 2 56 71 73
100 2 4 100 6 1 2 68 10 76
101 2 4 100 6 1 2 38 39 78
102 2 4 100 6 1 2 78 52 38
103 2 4 100 6 1 2 25 26 77
104 2 4 100 6 1 2 77 75 25
105 2 4 100 6 1 2 51 68 76
106 2 4 100 6 1 2 55 51 76
107 2 4 100 6 1 2 72 75 77
108 2 4 100 6 1 2 69 54 71
109 2 4 100 6 1 2 76 10 72
110 2 4 100 6 1 2 78 39 40
111 2 4 100 6 1 2 49 52 78
112 2 4 100 6 1 2 49 78 73
113 2 4 100 6 1 2 78 40 70
114 2 4 100 6 1 2 70 73 78
115 2 4 100 6 1 2 44 69 79
116 2 4 100 6 1 2 71 67 79
117 2 4 100 6 1 2 79 69 71
118 2 4 100 6 1 2 14 13 80
119 2 4 100 6 1 2 27 28 81
120 2 4 100 6 1 2 46 47 82
121 2 4 100 6 1 2 71 54 83
122 2 4 100 6 1 2 84 49 73
123 2 4 100 6 1 2 43 44 79
124 2 4 100 6 1 2 43 79 67
125 2 4 100 6 1 2 82 47 3
126 2 4 100 6 1 2 73 71 83
127 2 4 100 6 1 2 73 83 84
128 2 4 100 6 1 2 80 13 84
129 2 4 100 6 1 2 84 60 49
130 2 4 100 6 1 2 82 3 4
131 2 4 100 6 1 2 74 83 54
132 2 4 100 6 1 2 83 74 80
133 2 4 100 6 1 2 80 84 83
134 2 4 100 6 1 2 55 76 81
135 2 4 100 6 1 2 77 26 27
136 2 4 100 6 1 2 81 77 27
137 2 4 100 6 1 2 85 54 69
138 2 4 100 6 1 2 86 45 46
139 2 4 100 6 1 2 69 45 86
140 2 4 100 6 1 2 46 82 86
141 2 4 100 6 1 2 85 69 86
142 2 4 100 6 1 2 85 86 82
143 2 4 100 6 1 2 29 55 28
144 2 4 100 6 1 2 28 55 81
145 2 4 100 6 1 2 60 84 13
146 2 4 100 6 1 2 13 12 60
147 2 4 100 6 1 2 9 87 72
148 2 4 100 6 1 1 66 62 87
149 2 4 100 6 1 1 75 87 62
150 2 4 100 6 1 2 72 87 75
151 2 4 100 6 1 2 4 5 85
152 2 4 100 6 1 2 85 5 74
153 2 4 100 6 1 2 85 74 54
154 2 4 100 6 1 2 85 82 4
155 2 4 100 6 1 1 23 24 75
156 2 4 100 6 1 1 23 75 62
157 2 4 100 6 1 1 20 21 66
158 2 4 100 6 1 1 20 66 88
159 2 4 100 6 1 2 6 14 80
160 2 4 100 6 1 2 80 74 6
161 2 4 100 6 1 2 5 6 74
162 2 4 100 6 1 2 14 6 2
163 2 4 100 6 1 1 88 19 20
164 2 4 100 6 1 2 81 72 77
165 2 4 100 6 1 2 76 72 81
166 2 4 100 6 1 1 89 66 87
167 2 4 100 6 1 1 88 66 89
168 2 4 100 6 1 1 9 8 89
169 2 4 100 6 1 1 9 89 87
170 2 4 100 6 1 1 17 18 90
171 2 4 100 6 1 1 91 8 7
172 2 4 100 6 1 1 7 48 91
173 2 4 100 6 1 1 89 8 91
174 2 4 100 6 1 1 89 91 88
175 2 4 100 6 1 1 91 48 90
176 2 4 100 6 1 1 88 91 90
177 2 4 100 6 1 1 90 18 19
178 2 4 100 6 1 1 88 90 19
179 2 4 100 6 1 1 90 48 16
180 2 4 100 6 1 1 17 90 16
181 4 4 1 119 1 2 961 308 412 404
182 4 4 1 119 1 2 986 212 225 216
183 4 4 1 119 1 1 1278 1261 1262 1281
184 4 4 1 119 1 2 1035 836 242 236
185 4 4 1 119 1 2 1143 53 50 1193
186 4 4 1 119 1 2 243 1035 242 236
187 4 5 1 119 2 2 -1 379 1250 1422 1253
188 4 4 1 119 1 1 944 751 885 941
189 4 4 1 119 1 1 102 364 177 198
190 4 4 1 119 1 2 80 83 74 758
191 4 4 1 119 1 1 103 364 102 198
192 4 4 1 119 1 2 969 757 218 216
193 4 5 1 119 2 1 -2 1329 1079 252 247
194 4 4 1 119 1 1 237 1278 1260 913
195 4 4 1 119 1 2 969 1030 218 757
196 4 4 1 119 1 1 154 745 253 965
197 4 5 1 119 2 1 -2 137 1404 833 1329
198 4 4 1 119 1 2 1030 142 141 218
199 4 4 1 119 1 2 469 771 1419 1029
200 4 5 1 119 2 2 -1 1066 1158 244 247
201 4 4 1 119 1 1 942 931 883 880
202 4 4 1 119 1 2 1323 249 239 869
203 4 4 1 119 1 2 142 1030 230 218
204 4 5 1 119 2 1 -2 762 1076 1061 1084
205 4 4 1 119 1 2 492 1135 435 300
206 4 4 1 119 1 2 1300 59 61 50
207 4 4 1 119 1 2 781 758 74 985
208 4 4 1 119 1 1 948 943 944 746
209 4 4 1 119 1 2 597 410 1271 821
210 4 4 1 119 1 2 859 819 858 853
211 4 4 1 119 1 2 826 822 359 1320
212 4 4 1 119 1 2 793 903 772 427
213 4 4 1 119 1 2 597 395 1271 410
214 4 4 1 119 1 2 1014 936 276 342
215 4 4 1 119 1 2 148 219 470 676
216 4 4 1 119 1 1 927 921 933 258
217 4 4 1 119 1 1 687 921 927 258
218 4 4 1 119 1 1 882 698 911 912
219 4 4 1 119 1 1 161 442 258 927
220 4 4 1 119 1 2 231 771 773 235
221 4 4 1 119 1 1 442 160 258 927
222 4 4 1 119 1 2 826 1031 897 1247
223 4 4 1 119 1 1 160 442 258 161
224 4 4 1 119 1 2 903 793 229 1420
225 4 4 1 119 1 1 943 892 1348 885
226 4 4 1 119 1 1 542 594 1341 528
227 4 5 1 119 2 2 -1 1131 1366 1132 1249
228 4 4 1 119 1 2 569 53 63 34
229 4 4 1 119 1 1 645 1225 1348 564
230 4 4 1 119 1 1 564 567 1282 612
231 4 4 1 119 1 2 1300 1143 50 1193
232 4 4 1 119 1 1 889 567 1282 564
233 4 4 1 119 1 1 104 1431 697 673
234 4 4 1 119 1 1 832 766 170 833
235 4 4 1 119 1 1 1124 1138 1282 1281
236 4 4 1 119 1 1 738 766 732 846
237 4 4 1 119 1 2 232 230 875 225
238 4 4 1 119 1 2 714 401 1438 1254
239 4 4 1 119 1 1 706 1431 841 673
240 4 4 1 119 1 2 59 53 50 1143
241 4 4 1 119 1 2 121 183 172 1198
242 4 4 1 119 1 1 920 881 934 976
243 4 4 1 119 1 1 481 658 1279 309
244 4 4 1 119 1 2 69 85 786 86
245 4 4 1 119 1 1 1086 1124 1282 1281
246 4 4 1 119 1 1 1124 1086 1282 1138
247 4 4 1 119 1 2 224 873 226 220
248 4 4 1 119 1 1 925 933 258 934
249 4 4 1 119 1 2 1245 1340 490 1362
250 4 4 1 119 1 2 85 969 786 86
251 4 4 1 119 1 2 407 121 172 1198
252 4 4 1 119 1 2 782 1265 248 952
253 4 4 1 119 1 2 333 725 45 1446
254 4 4 1 119 1 2 71 69 856 79
255 4 4 1 119 1 2 195 773 774 129
256 4 4 1 119 1 2 936 491 417 276
257 4 4 1 119 1 2 725 86 45 1446
258 4 4 1 119 1 2 1449 46 86 82
259 4 4 1 119 1 2 1011 1135 1007 996
260 4 4 1 119 1 2 509 1129 611 1049
261 4 4 1 119 1 2 771 469 1419 280
262 4 4 1 119 1 1 1277 942 1349 1138
263 4 4 1 119 1 2 122 407 172 1198
264 4 4 1 119 1 2 1114 1129 520 1109
265 4 4 1 119 1 1 1162 1338 1165 1056
266 4 4 1 119 1 2 452 871 877 313
267 4 4 1 119 1 2 175 619 116 115
268 4 4 1 119 1 2 175 1152 1379 186
269 4 4 1 119 1 2 122 121 172 407
270 4 4 1 119 1 1 943 888 944 746
271 4 4 1 119 1 2 1388 306 1153 631
272 4 4 1 119 1 2 211 1025 774 775
273 4 4 1 119 1 1 264 549 262 1194
274 4 4 1 119 1 1 89 88 944 779
275 4 4 1 119 1 2 1097 1102 1095 1099
276 4 4 1 119 1 1 413 768 769 286
277 4 5 1 119 2 1 -2 367 679 369 1396
278 4 4 1 119 1 1 275 440 347 740
279 4 4 1 119 1 2 1134 1438 1059 1060
280 4 4 1 119 1 2 36 57 63 1380
281 4 4 1 119 1 1 1277 1090 250 1083
282 4 4 1 119 1 2 35 36 63 1380
283 4 4 1 119 1 2 969 1030 1448 218
284 4 4 1 119 1 2 173 200 178 1204
285 4 4 1 119 1 2 1400 1035 1171 1172
286 4 4 1 119 1 1 155 261 924 1028
287 4 4 1 119 1 2 1321 1322 1324 897
288 4 4 1 119 1 1 612 1283 886 1282
289 4 4 1 119 1 1 1283 884 886 1282
290 4 4 1 119 1 2 793 903 419 1420
291 4 4 1 119 1 2 797 800 798 979
292 4 4 1 119 1 1 958 1350 1073 765
293 4 4 1 119 1 2 988 983 852 308
294 4 4 1 119 1 2 903 1420 464 419
295 4 4 1 119 1 1 884 1283 612 1282
296 4 4 1 119 1 2 1145 1146 191 190
297 4 4 1 119 1 2 610 386 1058 511
298 4 4 1 119 1 1 649 347 279 740
299 4 5 1 119 2 2 -1 247 1158 244 1034
300 4 4 1 119 1 2 797 785 1265 963
301 4 4 1 119 1 1 1399 400 842 370
302 4 4 1 119 1 2 971 986 757 786
303 4 4 1 119 1 2 81 55 1257 1438
304 4 4 1 119 1 2 1294 188 207 1240
305 4 5 1 119 2 2 -1 9 1218 246 1216
306 4 4 1 119 1 1 406 608 1293 1291
307 4 4 1 119 1 1 839 739 842 841
308 4 4 1 119 1 2 1146 189 1148 191
309 4 4 1 119 1 1 1273 1074 762 1082
310 4 4 1 119 1 2 1235 1234 1237 1242
311 4 4 1 119 1 1 1048 1162 518 1081
312 4 4 1 119 1 2 804 870 805 893
313 4 4 1 119 1 2 1015 966 962 967
314 4 5 1 119 2 1 -2 1341 302 1386 1342
315 4 4 1 119 1 2 1305 1103 1098 1100
316 4 4 1 119 1 2 426 966 967 477
317 4 4 1 119 1 1 201 210 730 930
318 4 4 1 119 1 1 303 595 575 1161
319 4 4 1 119 1 2 179 1024 451 972
320 4 5 1 119 2 2 -1 1092 1443 1128 670
321 4 4 1 119 1 2 207 1295 168 169
322 4 4 1 119 1 1 260 139 500 1012
323 4 4 1 119 1 2 893 805 477 643
324 4 4 1 119 1 2 1256 1257 1054 950
325 4 4 1 119 1 2 426 317 966 475
326 4 4 1 119 1 1 495 98 736 340
327 4 4 1 119 1 2 789 802 1304 803
328 4 4 1 119 1 1 575 1421 640 1075
329 4 4 1 119 1 2 1184 1243 1370 1205
330 4 4 1 119 1 1 420 457 921 327
331 4 5 1 119 2 1 -2 1399 1314 842 1397
332 4 4 1 119 1 2 1002 1301 1095 1100
333 4 4 1 119 1 2 619 175 116 174
334 4 4 1 119 1 1 608 406 1293 350
335 4 4 1 119 1 1 486 488 916 698
336 4 4 1 119 1 2 469 676 1029 1419
337 4 4 1 119 1 1 420 1387 927 921
338 4 4 1 119 1 2 893 826 666 647
339 4 4 1 119 1 2 826 359 666 1320
340 4 4 1 119 1 2 1184 828 552 1177
341 4 5 1 119 2 1 -2 1156 361 1195 1248
342 4 4 1 119 1 2 758 987 74 984
343 4 4 1 119 1 1 1076 516 506 265
344 4 4 1 119 1 2 800 801 1242 979
345 4 4 1 119 1 2 1408 1129 1040 387
346 4 4 1 119 1 1 541 361 1337 1155
347 4 4 1 119 1 1 1167 1206 1121 1168
348 4 4 1 119 1 2 821 857 1271 858
349 4 4 1 119 1 2 758 987 935 74
350 4 4 1 119 1 2 855 872 983 989
351 4 4 1 119 1 1 892 943 1346 945
352 4 4 1 119 1 2 1246 1245 596 307
353 4 4 1 119 1 2 1101 1415 1372 1414
354 4 4 1 119 1 2 1322 801 1247 823
355 4 4 1 119 1 2 817 785 1265 1264
356 4 4 1 119 1 2 1437 718 1183 1176
357 4 4 1 119 1 1 1086 1124 1262 1259
358 4 4 1 119 1 2 1211 297 1318 1049
359 4 5 1 119 2 2 -1 1054 1052 1051 1133
360 4 4 1 119 1 2 83 758 935 74
361 4 4 1 119 1 2 450 398 951 285
362 4 4 1 119 1 2 987 83 935 74
363 4 4 1 119 1 2 140 3 1447 213
364 4 5 1 119 2 1 -2 948 62 66 87
365 4 4 1 119 1 1 745 8 253 91
366 4 4 1 119 1 2 1107 1129 1109 520
367 4 5 1 119 2 1 -2 182 720 196 1397
368 4 4 1 119 1 1 878 309 940 1275
369 4 4 1 119 1 2 1008 537 582 1099
370 4 4 1 119 1 2 1218 1444 10 950
371 4 4 1 119 1 2 586 862 857 358
372 4 4 1 119 1 1 275 740 1017 905
373 4 4 1 119 1 2 797 964 963 896
374 4 5 1 119 2 1 -2 89 948 66 87
375 4 5 1 119 2 2 -1 1041 1251 1253 1422
376 4 4 1 119 1 2 1218 1444 72 10
377 4 4 1 119 1 1 370 697 654 842
378 4 4 1 119 1 2 1132 1058 534 1413
379 4 4 1 119 1 1 1213 1405 1214 1406
380 4 5 1 119 2 2 -1 9 1218 72 10
381 4 4 1 119 1 1 406 751 1293 350
382 4 4 1 119 1 2 760 343 1310 635
383 4 4 1 119 1 1 259 257 754 748
384 4 5 1 119 2 1 -2 1047 1043 1194 1039
385 4 4 1 119 1 2 1302 1435 1183 1392
386 4 4 1 119 1 1 915 849 769 1127
387 4 4 1 119 1 2 1372 1366 891 1094
388 4 4 1 119 1 1 99 1020 210 201
389 4 4 1 119 1 2 810 1010 1390 1006
390 4 4 1 119 1 1 1351 265 268 1073
391 4 4 1 119 1 1 1291 406 941 1293
392 4 4 1 119 1 1 62 22 23 563
393 4 4 1 119 1 1 753 960 324 754
394 4 4 1 119 1 2 1054 1257 1060 1221
395 4 4 1 119 1 1 154 257 965 977
396 4 4 1 119 1 2 114 570 1379 175
397 4 4 1 119 1 2 782 238 869 214
398 4 4 1 119 1 2 1324 973 1199 974
399 4 4 1 119 1 1 1417 682 563 23
400 4 5 1 119 2 1 -2 75 24 1417 23
401 4 4 1 119 1 1 1261 1278 880 1281
402 4 4 1 119 1 1 1405 62 563 1402
403 4 4 1 119 1 2 399 794 807 335
404 4 4 1 119 1 1 406 751 941 1293
405 4 4 1 119 1 2 1441 1336 1304 1392
406 4 4 1 119 1 2 805 643 807 335
407 4 4 1 119 1 2 987 54 935 83
408 4 4 1 119 1 2 794 805 807 335
409 4 4 1 119 1 1 1431 104 697 192
410 4 4 1 119 1 2 660 1374 652 358
411 4 4 1 119 1 1 560 1426 1213 945
412 4 4 1 119 1 1 273 1387 486 916
413 4 4 1 119 1 1 883 932 747 753
414 4 4 1 119 1 1 755 442 1019 927
415 4 4 1 119 1 1 481 488 1279 916
416 4 4 1 119 1 2 805 794 643 335
417 4 4 1 119 1 1 257 331 755 159
418 4 4 1 119 1 2 1049 1211 1110 1150
419 4 4 1 119 1 2 1010 810 1392 1006
420 4 4 1 119 1 2 810 1179 1392 1006
421 4 4 1 119 1 1 595 353 575 1160
422 4 4 1 119 1 2 810 1437 1183 1392
423 4 5 1 119 2 1 -2 650 303 1161 529
424 4 5 1 119 2 1 -2 1042 1253 1315 1397
425 4 4 1 119 1 1 1276 1280 425 886
426 4 4 1 119 1 1 779 750 780 753
427 4 4 1 119 1 2 78 1416 1374 1375
428 4 4 1 119 1 2 85 970 216 4
429 4 4 1 119 1 2 773 341 345 204
430 4 4 1 119 1 2 1361 1356 1001 996
431 4 5 1 119 2 1 -2 1159 1042 1315 1397
432 4 4 1 119 1 2 29 714 1438 713
433 4 4 1 119 1 1 755 1019 933 927
434 4 5 1 119 2 1 -2 1398 1036 1315 1159
435 4 5 1 119 2 1 -2 1036 1365 1315 1253
436 4 4 1 119 1 2 278 993 405 988
437 4 4 1 119 1 1 1119 310 365 526
438 4 4 1 119 1 2 790 223 224 874
439 4 4 1 119 1 2 763 1201 1232 1204
440 4 5 1 119 2 1 -2 1398 1365 1315 1036
441 4 4 1 119 1 2 782 867 873 963
442 4 4 1 119 1 1 1119 767 526 1381
443 4 4 1 119 1 2 1002 1008 1100 1095
444 4 4 1 119 1 2 877 936 454 276
445 4 4 1 119 1 1 733 728 1028 922
446 4 5 1 119 2 1 -2 1042 1036 1315 1253
447 4 4 1 119 1 1 1225 645 554 564
448 4 4 1 119 1 2 810 547 1437 704
449 4 4 1 119 1 2 1251 184 191 1148
450 4 4 1 119 1 2 783 1377 998 1265
451 4 4 1 119 1 2 1115 1176 1436 1309
452 4 4 1 119 1 2 178 1200 185 974
453 4 5 1 119 2 1 -2 1064 1333 1072 1039
454 4 4 1 119 1 2 187 189 191 1148
455 4 5 1 119 2 1 -2 1080 1314 1397 1315
456 4 4 1 119 1 2 1145 1151 1149 190
457 4 4 1 119 1 2 1179 357 704 675
458 4 4 1 119 1 1 766 832 732 846
459 4 4 1 119 1 2 186 1151 672 190
460 4 4 1 119 1 1 1121 845 1078 957
461 4 4 1 119 1 2 810 1437 1179 704
462 4 4 1 119 1 1 932 883 879 753
463 4 4 1 119 1 1 841 1431 192 198
464 4 5 1 119 2 1 -2 1036 1042 1315 1159
465 4 4 1 119 1 1 348 960 474 460
466 4 4 1 119 1 2 1284 394 602 378
467 4 4 1 119 1 1 1327 1421 1207 1326
468 4 4 1 119 1 1 921 457 1016 424
469 4 4 1 119 1 1 1311 1224 554 298
470 4 4 1 119 1 2 992 855 757 786
471 4 4 1 119 1 1 432 431 312 906
472 4 5 1 119 2 1 -2 686 75 1417 1424
473 4 4 1 119 1 1 309 600 940 1275
474 4 4 1 119 1 2 179 972 451 1198
475 4 4 1 119 1 2 133 188 134 1236
476 4 5 1 119 2 1 -2 1219 1090 1089 1084
477 4 4 1 119 1 1 1327 1228 1326 1207
478 4 4 1 119 1 2 203 188 1296 134
479 4 5 1 119 2 1 -2 1085 1090 1066 246
480 4 4 1 119 1 1 975 273 1019 459
481 4 4 1 119 1 1 1311 560 1225 945
482 4 4 1 119 1 2 801 800 797 979
483 4 5 1 119 2 1 -2 606 1289 576 702
484 4 5 1 119 2 1 -2 1222 1091 1346 945
485 4 4 1 119 1 2 249 1323 239 245
486 4 4 1 119 1 2 800 1235 1237 1242
487 4 4 1 119 1 2 1294 188 1240 1237
488 4 4 1 119 1 2 1382 638 700 1109
489 4 4 1 119 1 2 778 773 195 180
490 4 4 1 119 1 2 1191 1179 1176 1436
491 4 4 1 119 1 2 1202 178 185 193
492 4 4 1 119 1 1 1329 1208 840 1078
493 4 4 1 119 1 1 257 331 159 158
494 4 4 1 119 1 1 1273 762 1089 1082
495 4 4 1 119 1 1 1384 1352 1226 1353
496 4 4 1 119 1 1 882 462 911 488
497 4 4 1 119 1 2 718 547 704 1437
498 4 5 1 119 2 2 -1 182 208 367 1253
499 4 4 1 119 1 1 848 922 908 1017
500 4 4 1 119 1 2 228 221 869 214
501 4 5 1 119 2 1 -2 1230 1328 252 1329
502 4 4 1 119 1 2 1022 835 135 242
503 4 5 1 119 2 1 -2 1316 206 181 202
504 4 4 1 119 1 1 728 727 736 210
505 4 4 1 119 1 1 391 1223 564 889
506 4 4 1 119 1 2 297 509 540 1049
507 4 4 1 119 1 1 1426 949 380 1213
508 4 4 1 119 1 1 727 260 337 281
509 4 4 1 119 1 2 229 1420 146 464
510 4 4 1 119 1 1 1162 594 1056 1165
511 4 4 1 119 1 1 977 154 258 934
512 4 4 1 119 1 1 729 251 730 1028
513 4 4 1 119 1 1 687 161 258 927
514 4 4 1 119 1 1 750 499 751 456
515 4 4 1 119 1 2 326 416 1401 436
516 4 4 1 119 1 1 960 932 747 748
517 4 4 1 119 1 2 1000 799 1172 1308
518 4 4 1 119 1 2 791 416 445 436
519 4 4 1 119 1 2 1145 1118 191 1148
520 4 4 1 119 1 1 257 755 659 159
521 4 5 1 119 2 1 -2 587 361 510 1248
522 4 4 1 119 1 2 611 1041 1422 1385
523 4 4 1 119 1 2 1186 1212 1150 1298
524 4 4 1 119 1 2 131 132 94 255
525 4 4 1 119 1 2 815 816 808 1313
526 4 4 1 119 1 2 782 873 226 869
527 4 4 1 119 1 2 966 893 477 415
528 4 4 1 119 1 2 317 966 475 967
529 4 4 1 119 1 2 1101 1305 1307 1103
530 4 4 1 119 1 2 426 966 477 415
531 4 4 1 119 1 2 803 1373 1304 809
532 4 4 1 119 1 2 954 953 808 819
533 4 4 1 119 1 2 426 893 966 415
534 4 4 1 119 1 2 480 321 322 989
535 4 4 1 119 1 2 795 796 808 802
536 4 4 1 119 1 2 860 859 952 759
537 4 4 1 119 1 1 958 1228 1326 1327
538 4 4 1 119 1 2 1305 639 1095 699
539 4 4 1 119 1 2 1024 205 497 180
540 4 4 1 119 1 2 813 1345 1297 1116
541 4 4 1 119 1 2 699 519 1099 291
542 4 4 1 119 1 1 889 892 1348 1138
543 4 4 1 119 1 2 1118 1250 197 1251
544 4 4 1 119 1 2 1185 1295 194 1205
545 4 4 1 119 1 1 832 766 767 177
546 4 4 1 119 1 2 1250 208 197 1251
547 4 4 1 119 1 2 1025 938 776 869
548 4 4 1 119 1 2 1178 1169 428 544
549 4 4 1 119 1 2 711 1250 197 402
550 4 4 1 119 1 2 208 1250 197 711
551 4 4 1 119 1 2 1030 760 1448 1447
552 4 4 1 119 1 2 343 760 463 635
553 4 4 1 119 1 2 811 799 245 798
554 4 4 1 119 1 1 750 499 456 496
555 4 4 1 119 1 2 396 398 1313 272
556 4 4 1 119 1 2 477 961 404 962
557 4 4 1 119 1 2 1322 1025 776 1323
558 4 4 1 119 1 2 282 233 773 345
559 4 4 1 119 1 2 816 951 820 962
560 4 4 1 119 1 2 1245 288 596 1340
561 4 4 1 119 1 2 1113 1212 1186 1171
562 4 4 1 119 1 2 657 296 558 1319
563 4 4 1 119 1 2 870 876 805 893
564 4 4 1 119 1 1 1328 957 1122 1078
565 4 4 1 119 1 1 1156 361 1337 1195
566 4 4 1 119 1 2 1209 657 558 1319
567 4 4 1 119 1 1 911 698 918 912
568 4 4 1 119 1 1 762 1076 1274 1061
569 4 4 1 119 1 2 492 435 1390 561
570 4 5 1 119 2 2 -1 1218 950 10 246
571 4 4 1 119 1 1 843 844 514 841
572 4 4 1 119 1 1 749 977 258 934
573 4 4 1 119 1 1 1228 1207 557 1326
574 4 4 1 119 1 1 442 160 755 659
575 4 4 1 119 1 2 1008 628 291 582
576 4 5 1 119 2 1 -2 1123 1328 252 1260
577 4 5 1 119 2 1 -2 246 1090 1083 252
578 4 4 1 119 1 2 1008 305 632 582
579 4 4 1 119 1 2 1174 1180 1243 1021
580 4 5 1 119 2 2 -1 1054 1343 1060 1051
581 4 4 1 119 1 1 1405 562 946 690
582 4 4 1 119 1 2 701 721 573 809
583 4 4 1 119 1 1 959 88 334 90
584 4 4 1 119 1 2 873 904 224 226
585 4 4 1 119 1 1 413 565 1352 617
586 4 4 1 119 1 2 693 1305 1403 384
587 4 4 1 119 1 2 821 1312 285 951
588 4 4 1 119 1 2 238 782 215 214
589 4 4 1 119 1 2 954 821 1367 1271
590 4 4 1 119 1 1 958 1228 557 1326
591 4 4 1 119 1 1 1070 1064 1078 765
592 4 4 1 119 1 1 1283 940 1276 1281
593 4 5 1 119 2 1 -2 606 709 1087 702
594 4 4 1 119 1 1 1354 768 1352 413
595 4 4 1 119 1 1 605 606 616 1347
596 4 4 1 119 1 1 911 851 769 908
597 4 4 1 119 1 1 257 160 659 755
598 4 4 1 119 1 1 432 905 906 1016
599 4 5 1 119 2 2 -1 1036 1033 1034 1154
600 4 5 1 119 2 2 -1 1044 1043 1408 1132
601 4 5 1 119 2 2 -1 1157 1036 1033 1034
602 4 4 1 119 1 1 481 483 273 975
603 4 4 1 119 1 1 883 779 944 941
604 4 4 1 119 1 1 1273 762 890 1089
605 4 4 1 119 1 1 932 965 748 976
606 4 4 1 119 1 1 8 931 253 91
607 4 5 1 119 2 1 -2 206 1316 247 834
608 4 4 1 119 1 2 80 860 781 13
609 4 5 1 119 2 2 -1 136 206 247 834
610 4 4 1 119 1 2 790 866 874 873
611 4 4 1 119 1 2 1285 1335 1363 814
612 4 4 1 119 1 1 883 932 879 880
613 4 5 1 119 2 1 -2 206 1316 137 247
614 4 5 1 119 2 2 -1 1053 1366 1249 1132
615 4 4 1 119 1 1 1167 1124 1344 1086
616 4 4 1 119 1 1 659 1019 459 485
617 4 4 1 119 1 1 881 932 879 753
618 4 4 1 119 1 1 849 956 1260 908
619 4 4 1 119 1 1 1026 738 201 1027
620 4 4 1 119 1 1 1387 273 1019 975
621 4 5 1 119 2 2 -1 136 206 137 247
622 4 4 1 119 1 1 549 517 1337 1194
623 4 4 1 119 1 2 800 811 245 798
624 4 4 1 119 1 2 903 419 470 318
625 4 4 1 119 1 2 771 231 217 235
626 4 4 1 119 1 1 517 1333 1337 1194
627 4 4 1 119 1 1 617 565 1352 1227
628 4 4 1 119 1 1 1333 1047 1337 1194
629 4 4 1 119 1 1 431 455 907 906
630 4 4 1 119 1 2 1129 1130 1111 1408
631 4 4 1 119 1 1 738 768 831 978
632 4 4 1 119 1 2 1059 539 1254 1319
633 4 4 1 119 1 1 1064 1071 1045 1160
634 4 4 1 119 1 1 1026 310 1027 100
635 4 4 1 119 1 2 482 1024 417 972
636 4 5 1 119 2 1 -2 303 650 1161 1270
637 4 4 1 119 1 2 712 678 1257 1445
638 4 4 1 119 1 2 993 991 983 990
639 4 4 1 119 1 2 376 685 382 1144
640 4 4 1 119 1 2 872 866 820 962
641 4 4 1 119 1 2 936 900 973 1324
642 4 4 1 119 1 2 969 1448 1449 82
643 4 4 1 119 1 2 936 1024 900 417
644 4 4 1 119 1 2 675 571 1364 388
645 4 4 1 119 1 2 179 972 1198 974
646 4 4 1 119 1 2 1200 183 830 172
647 4 4 1 119 1 1 948 1405 62 1417
648 4 4 1 119 1 2 6 254 222 2
649 4 4 1 119 1 2 939 215 985 226
650 4 5 1 119 2 1 -2 498 1197 588 262
651 4 5 1 119 2 1 -2 1164 1055 1084 1386
652 4 4 1 119 1 2 1010 694 1368 814
653 4 4 1 119 1 1 264 1333 517 1194
654 4 4 1 119 1 2 1240 188 1238 824
655 4 4 1 119 1 1 849 1384 1353 769
656 4 4 1 119 1 2 876 894 897 868
657 4 4 1 119 1 2 721 1442 1439 473
658 4 4 1 119 1 2 1151 375 695 381
659 4 4 1 119 1 2 132 133 239 776
660 4 4 1 119 1 2 817 818 952 963
661 4 4 1 119 1 2 53 569 685 34
662 4 5 1 119 2 1 -2 890 762 1084 1089
663 4 4 1 119 1 1 1090 1277 1349 1138
664 4 4 1 119 1 1 1332 1333 1194 1048
665 4 4 1 119 1 1 431 905 906 432
666 4 4 1 119 1 1 755 331 659 159
667 4 4 1 119 1 2 437 321 308 983
668 4 4 1 119 1 2 263 533 1407 688
669 4 4 1 119 1 2 1025 1322 776 743
670 4 4 1 119 1 2 826 893 899 647
671 4 4 1 119 1 2 1024 936 491 417
672 4 5 1 119 2 1 -2 361 1156 505 510
673 4 4 1 119 1 2 1290 574 607 1362
674 4 4 1 119 1 2 249 245 248 797
675 4 5 1 119 2 1 -2 1222 1091 752 1215
676 4 4 1 119 1 2 794 804 1263 795
677 4 4 1 119 1 2 1049 509 540 1385
678 4 4 1 119 1 2 179 122 451 123
679 4 4 1 119 1 1 1399 1394 669 842
680 4 4 1 119 1 2 1098 1008 1099 1095
681 4 4 1 119 1 2 254 6 14 2
682 4 5 1 119 2 1 -2 1079 1068 1067 1066
683 4 4 1 119 1 2 876 894 896 897
684 4 5 1 119 2 2 -1 498 263 1407 688
685 4 4 1 119 1 2 1147 1146 1150 1298
686 4 5 1 119 2 1 -2 1083 1090 1084 1089
687 4 4 1 119 1 1 1047 1333 1337 517
688 4 4 1 119 1 1 889 1223 1348 1225
689 4 4 1 119 1 1 915 849 1127 1259
690 4 4 1 119 1 1 728 734 1028 922
691 4 4 1 119 1 1 609 383 1326 1045
692 4 5 1 119 2 2 -1 247 834 1034 242
693 4 4 1 119 1 1 843 739 1433 1432
694 4 4 1 119 1 1 917 1167 1166 1126
695 4 4 1 119 1 1 98 1020 495 736
696 4 4 1 119 1 2 672 1145 579 190
697 4 4 1 119 1 1 530 1344 536 556
698 4 4 1 119 1 1 1222 752 945 1214
699 4 4 1 119 1 1 1328 1079 1122 1067
700 4 4 1 119 1 1 1327 958 1078 765
701 4 4 1 119 1 1 536 1137 332 556
702 4 5 1 119 2 1 -2 1085 1090 246 1219
703 4 5 1 119 2 1 -2 943 1222 1216 1219
704 4 5 1 119 2 2 -1 1131 1410 1033 1034
705 4 4 1 119 1 1 279 727 340 736
706 4 4 1 119 1 2 1054 1052 240 950
707 4 4 1 119 1 2 26 77 653 27
708 4 4 1 119 1 1 434 1291 1348 1292
709 4 4 1 119 1 1 931 976 880 253
710 4 5 1 119 2 1 -2 75 949 1417 1424
711 4 4 1 119 1 2 1255 1003 1256 1133
712 4 4 1 119 1 1 1332 1048 1076 1072
713 4 4 1 119 1 1 346 727 340 279
714 4 4 1 119 1 2 1300 1301 1357 1358
715 4 4 1 119 1 1 1277 942 250 1349
716 4 4 1 119 1 1 1283 284 885 612
717 4 4 1 119 1 1 744 960 748 754
718 4 4 1 119 1 2 1101 1114 1115 1309
719 4 4 1 119 1 1 746 1291 1293 1292
720 4 4 1 119 1 2 1322 1321 1241 1247
721 4 4 1 119 1 2 208 379 1251 1250
722 4 4 1 119 1 2 1245 822 1320 596
723 4 4 1 119 1 1 95 155 251 729
724 4 4 1 119 1 2 272 477 404 962
725 4 4 1 119 1 2 860 13 248 781
726 4 5 1 119 2 1 -2 1076 762 1072 1084
727 4 4 1 119 1 1 744 259 754 748
728 4 4 1 119 1 2 904 221 224 226
729 4 5 1 119 2 2 -1 1091 1164 1128 1221
730 4 4 1 119 1 2 12 1377 248 998
731 4 4 1 119 1 2 1377 13 60 248
732 4 4 1 119 1 2 1005 1135 1007 1011
733 4 5 1 119 2 2 -1 1032 1043 1039 1033
734 4 4 1 119 1 1 1057 1162 1048 1081
735 4 4 1 119 1 1 457 1016 312 912
736 4 5 1 119 2 1 -2 1077 1088 1039 1072
737 4 4 1 119 1 1 948 943 1214 1215
738 4 4 1 119 1 1 1333 1047 1160 517
739 4 4 1 119 1 1 1332 1338 518 1048
740 4 4 1 119 1 1 888 887 1348 1138
741 4 4 1 119 1 2 13 12 60 248
742 4 4 1 119 1 1 1223 391 564 554
743 4 5 1 119 2 2 -1 723 1443 653 670
744 4 4 1 119 1 1 884 1283 885 612
745 4 4 1 119 1 2 81 712 713 1438
746 4 4 1 119 1 1 360 1406 682 563
747 4 4 1 119 1 2 61 12 241 1358
748 4 4 1 119 1 2 1300 1357 50 1358
749 4 4 1 119 1 2 437 872 962 792
750 4 5 1 119 2 2 -1 1427 1091 1221 1164
751 4 4 1 119 1 1 1162 1288 1386 354
752 4 4 1 119 1 1 542 1162 1338 1165
753 4 4 1 119 1 1 1038 1037 1045 1269
754 4 4 1 119 1 1 840 957 1078 1353
755 4 4 1 119 1 2 519 1093 1099 1319
756 4 4 1 119 1 1 1126 366 1226 1127
757 4 5 1 119 2 1 -2 1195 361 587 1248
758 4 4 1 119 1 1 1046 303 575 1270
759 4 4 1 119 1 1 887 888 1348 885
760 4 4 1 119 1 1 1156 1038 1160 1155
761 4 5 1 119 2 2 -1 9 1218 10 246
762 4 5 1 119 2 2 -1 1043 1032 1408 1040
763 4 5 1 119 2 1 -2 1289 606 1087 702
764 4 4 1 119 1 1 383 513 604 1350
765 4 5 1 119 2 2 -1 1427 1218 246 950
766 4 4 1 119 1 2 1300 999 1142 1210
767 4 4 1 119 1 2 1251 1252 1148 1117
768 4 4 1 119 1 2 1395 1400 1308 1309
769 4 4 1 119 1 2 1202 200 1203 178
770 4 4 1 119 1 2 1189 1179 675 357
771 4 5 1 119 2 2 -1 1220 1218 87 1216
772 4 4 1 119 1 2 758 987 853 935
773 4 4 1 119 1 2 782 249 238 248
774 4 5 1 119 2 1 -2 1349 1217 1216 943
775 4 5 1 119 2 2 -1 1343 1427 246 950
776 4 5 1 119 2 2 -1 1163 1343 246 950
777 4 4 1 119 1 2 964 804 979 796
778 4 4 1 119 1 2 1231 1339 1232 1023
779 4 5 1 119 2 2 -1 1343 1163 246 1427
780 4 4 1 119 1 2 1101 639 668 1095
781 4 4 1 119 1 2 972 179 185 974
782 4 4 1 119 1 2 801 823 979 1247
783 4 4 1 119 1 1 645 434 1348 1292
784 4 4 1 119 1 2 1318 1118 1148 1110
785 4 4 1 119 1 2 227 790 224 873
786 4 4 1 119 1 1 832 766 732 767
787 4 5 1 119 2 1 -2 1316 1398 202 1315
788 4 4 1 119 1 1 562 608 1292 1293
789 4 5 1 119 2 1 -2 1076 1081 1061 1084
790 4 5 1 119 2 1 -2 1217 948 87 1216
791 4 5 1 119 2 1 -2 1055 1057 1088 1084
792 4 4 1 119 1 1 1261 1123 1124 1083
793 4 4 1 119 1 2 1201 551 1418 1339
794 4 4 1 119 1 1 892 645 1348 1292
795 4 4 1 119 1 2 785 817 1265 952
796 4 4 1 119 1 2 1151 624 1297 1153
797 4 4 1 119 1 2 1035 243 1022 1172
798 4 4 1 119 1 1 645 892 1348 1225
799 4 4 1 119 1 1 943 888 1348 1138
800 4 4 1 119 1 2 635 349 484 968
801 4 4 1 119 1 2 1244 207 1295 194
802 4 4 1 119 1 2 1307 1101 1309 1414
803 4 4 1 119 1 2 523 1201 603 1339
804 4 4 1 119 1 2 469 1014 444 342
805 4 4 1 119 1 2 866 871 874 868
806 4 4 1 119 1 2 1256 1134 76 51
807 4 4 1 119 1 2 980 807 803 802
808 4 4 1 119 1 2 873 867 874 868
809 4 4 1 119 1 2 1096 1101 1111 267
810 4 4 1 119 1 2 901 229 224 217
811 4 4 1 119 1 2 1097 1102 1099 1319
812 4 4 1 119 1 1 910 914 735 919
813 4 4 1 119 1 2 1025 221 234 902
814 4 4 1 119 1 2 895 1247 896 897
815 4 4 1 119 1 2 663 546 648 1367
816 4 4 1 119 1 1 975 483 1019 1018
817 4 4 1 119 1 2 936 900 1324 897
818 4 5 1 119 2 1 -2 1222 1091 1084 1346
819 4 4 1 119 1 2 793 903 229 874
820 4 4 1 119 1 2 1382 1113 1309 1109
821 4 4 1 119 1 1 920 1387 933 916
822 4 4 1 119 1 1 155 237 251 924
823 4 4 1 119 1 1 761 1279 878 879
824 4 4 1 119 1 1 1224 1272 598 616
825 4 4 1 119 1 2 865 871 874 866
826 4 4 1 119 1 1 1344 1086 536 1137
827 4 4 1 119 1 1 1338 1057 1165 1056
828 4 5 1 119 2 2 -1 837 1409 1410 1249
829 4 4 1 119 1 2 1236 188 1237 1238
830 4 4 1 119 1 1 1167 1137 1166 1259
831 4 4 1 119 1 2 294 1438 678 1257
832 4 4 1 119 1 1 1064 1156 1071 1160
833 4 4 1 119 1 2 3 47 1 1447
834 4 4 1 119 1 2 221 228 869 776
835 4 4 1 119 1 2 200 1202 1203 193
836 4 5 1 119 2 2 -1 1058 1132 1051 1050
837 4 4 1 119 1 2 777 1235 1241 1238
838 4 4 1 119 1 2 1355 1334 1380 1011
839 4 5 1 119 2 1 -2 949 1092 1424 1215
840 4 4 1 119 1 2 1053 1003 240 891
841 4 4 1 119 1 2 1235 1236 1237 1238
842 4 4 1 119 1 2 865 866 874 790
843 4 4 1 119 1 2 971 987 853 758
844 4 4 1 119 1 2 854 1312 808 1367
845 4 4 1 119 1 2 1241 1202 1238 1203
846 4 4 1 119 1 2 1321 1031 897 1324
847 4 5 1 119 2 1 -2 1164 1289 1062 1386
848 4 4 1 119 1 2 657 371 1104 373
849 4 4 1 119 1 2 1112 1153 583 631
850 4 4 1 119 1 1 88 750 496 499
851 4 5 1 119 2 1 -2 1196 1057 1044 1050
852 4 4 1 119 1 2 636 1250 1385 1422
853 4 4 1 119 1 1 601 353 507 1063
854 4 4 1 119 1 1 1224 890 616 1347
855 4 5 1 119 2 2 -1 498 1050 1248 1413
856 4 4 1 119 1 2 777 1202 193 1238
857 4 4 1 119 1 1 948 1405 1214 946
858 4 4 1 119 1 1 849 1384 1259 1353
859 4 4 1 119 1 1 887 884 1138 1281
860 4 4 1 119 1 2 1153 1345 813 1116
861 4 4 1 119 1 1 948 944 66 1402
862 4 5 1 119 2 1 -2 1398 1365 202 1315
863 4 4 1 119 1 1 1275 488 425 1276
864 4 4 1 119 1 1 1213 562 1292 946
865 4 4 1 119 1 1 481 273 916 975
866 4 4 1 119 1 1 906 431 312 316
867 4 4 1 119 1 2 1301 1306 999 1210
868 4 4 1 119 1 1 885 1291 941 1293
869 4 5 1 119 2 1 -2 182 196 1315 1397
870 4 4 1 119 1 1 62 948 66 946
871 4 4 1 119 1 2 1093 1094 1105 1133
872 4 4 1 119 1 2 865 793 313 446
873 4 4 1 119 1 2 272 794 1263 335
874 4 4 1 119 1 1 751 885 941 1293
875 4 4 1 119 1 2 52 64 57 1005
876 4 5 1 119 2 2 -1 1158 837 1066 244
877 4 4 1 119 1 1 749 755 761 1019
878 4 5 1 119 2 2 -1 837 838 1066 244
879 4 4 1 119 1 1 442 755 1019 659
880 4 4 1 119 1 1 323 1020 649 495
881 4 5 1 119 2 1 -2 1404 137 170 181
882 4 5 1 119 2 2 -1 1036 1157 1158 1034
883 4 5 1 119 2 2 -1 837 1409 838 244
884 4 4 1 119 1 2 1002 1301 1143 1210
885 4 5 1 119 2 1 -2 1036 1157 834 1158
886 4 5 1 119 2 2 -1 644 679 1042 650
887 4 4 1 119 1 2 84 859 861 73
888 4 4 1 119 1 2 1411 1108 1414 836
889 4 4 1 119 1 2 292 1345 1116 538
890 4 4 1 119 1 2 788 821 852 858
891 4 4 1 119 1 2 1190 1189 1100 1001
892 4 5 1 119 2 2 -1 1252 1365 1154 1253
893 4 5 1 119 2 2 -1 670 1092 724 1424
894 4 4 1 119 1 2 861 953 862 858
895 4 4 1 119 1 2 1014 772 877 901
896 4 4 1 119 1 2 80 758 74 781
897 4 4 1 119 1 2 953 861 819 858
898 4 4 1 119 1 2 954 586 862 1271
899 4 4 1 119 1 2 936 778 973 972
900 4 4 1 119 1 2 70 56 73 862
901 4 4 1 119 1 2 1266 1267 1304 1336
902 4 4 1 119 1 2 854 954 819 858
903 4 4 1 119 1 1 887 1277 888 880
904 4 4 1 119 1 2 866 790 875 873
905 4 5 1 119 2 1 -2 303 584 650 1270
906 4 4 1 119 1 2 69 994 44 1446
907 4 4 1 119 1 2 982 983 989 990
908 4 4 1 119 1 2 374 1118 656 372
909 4 4 1 119 1 2 971 855 757 875
910 4 4 1 119 1 2 970 987 971 984
911 4 4 1 119 1 2 629 1382 389 385
912 4 4 1 119 1 2 1035 1113 1212 1109
913 4 4 1 119 1 2 1235 777 1236 1238
914 4 4 1 119 1 2 169 203 1188 1298
915 4 4 1 119 1 2 872 866 962 792
916 4 4 1 119 1 2 861 859 819 858
917 4 4 1 119 1 2 1361 1355 1356 1011
918 4 4 1 119 1 2 699 1305 1098 1095
919 4 4 1 119 1 2 290 523 613 1023
920 4 4 1 119 1 2 55 81 713 1438
921 4 4 1 119 1 1 1070 1121 1078 1122
922 4 4 1 119 1 2 1388 1178 544 1169
923 4 4 1 119 1 1 779 883 747 753
924 4 5 1 119 2 1 -2 1289 1087 1061 1084
925 4 4 1 119 1 1 881 932 976 880
926 4 4 1 119 1 1 1120 917 1126 1121
927 4 4 1 119 1 2 873 227 875 939
928 4 4 1 119 1 1 888 943 1348 885
929 4 4 1 119 1 2 1446 1449 787 968
930 4 4 1 119 1 2 1449 760 787 968
931 4 4 1 119 1 2 12 998 1358 60
932 4 4 1 119 1 2 961 317 967 477
933 4 4 1 119 1 2 317 961 412 477
934 4 4 1 119 1 2 951 308 962 404
935 4 4 1 119 1 2 398 816 1313 404
936 4 4 1 119 1 2 1409 1366 891 1372
937 4 4 1 119 1 2 76 81 1444 72
938 4 4 1 119 1 2 1192 1001 1359 996
939 4 4 1 119 1 2 450 308 951 404
940 4 4 1 119 1 2 272 398 1313 404
941 4 4 1 119 1 2 68 59 61 1142
942 4 4 1 119 1 2 29 401 30 55
943 4 4 1 119 1 1 750 959 496 461
944 4 4 1 119 1 2 1004 996 1359 1007
945 4 4 1 119 1 2 642 1383 290 295
946 4 4 1 119 1 2 1004 1369 1359 996
947 4 4 1 119 1 2 1439 810 1183 1392
948 4 4 1 119 1 2 781 782 248 952
949 4 4 1 119 1 2 783 1376 1317 1369
950 4 4 1 119 1 2 231 282 280 336
951 4 4 1 119 1 2 969 992 757 786
952 4 4 1 119 1 2 233 231 280 773
953 4 4 1 119 1 2 671 58 685 33
954 4 4 1 119 1 2 282 233 280 773
955 4 4 1 119 1 1 1352 1354 1227 1353
956 4 4 1 119 1 2 282 231 280 233
957 4 4 1 119 1 1 1346 890 1347 1061
958 4 4 1 119 1 1 1346 1311 945 1347
959 4 4 1 119 1 1 409 408 768 978
960 4 4 1 119 1 1 1168 1125 1073 1121
961 4 4 1 119 1 1 1224 1311 1346 1347
962 4 4 1 119 1 1 1272 1274 616 890
963 4 4 1 119 1 1 649 279 736 740
964 4 5 1 119 2 2 -1 838 1163 246 950
965 4 4 1 119 1 2 552 1184 1177 1370
966 4 5 1 119 2 1 -2 1068 1065 1039 1071
967 4 4 1 119 1 2 821 597 285 663
968 4 4 1 119 1 1 1140 1074 516 1274
969 4 4 1 119 1 2 77 712 653 27
970 4 4 1 119 1 2 1109 1107 1414 1111
971 4 4 1 119 1 2 627 535 1378 515
972 4 4 1 119 1 2 178 200 1203 1204
973 4 4 1 119 1 2 49 861 863 862
974 4 4 1 119 1 2 1355 580 422 1361
975 4 4 1 119 1 2 871 452 877 899
976 4 4 1 119 1 2 1152 421 566 621
977 4 4 1 119 1 2 1102 1141 1106 1210
978 4 4 1 119 1 1 958 845 1078 1121
979 4 4 1 119 1 2 81 55 713 28
980 4 4 1 119 1 2 1184 642 1383 1023
981 4 5 1 119 2 2 -1 1033 1036 1040 1154
982 4 4 1 119 1 2 1193 1357 1359 50
983 4 4 1 119 1 2 684 627 1378 515
984 4 4 1 119 1 2 1443 712 653 77
985 4 4 1 119 1 2 998 1377 248 1265
986 4 4 1 119 1 2 1184 552 433 1370
987 4 4 1 119 1 2 429 620 1361 300
988 4 4 1 119 1 2 1390 492 1001 996
989 4 4 1 119 1 2 57 1334 1007 1011
990 4 4 1 119 1 2 52 49 863 78
991 4 4 1 119 1 2 821 663 1367 1271
992 4 4 1 119 1 2 1114 1129 1109 1111
993 4 5 1 119 2 1 -2 1338 550 1331 1196
994 4 4 1 119 1 1 1222 943 1214 945
995 4 4 1 119 1 1 1346 1273 890 1089
996 4 4 1 119 1 1 755 749 761 1018
997 4 4 1 119 1 1 157 259 158 339
998 4 4 1 119 1 2 590 714 637 1438
999 4 4 1 119 1 1 745 744 748 259
1000 4 4 1 119 1 2 1295 1182 1370 1177
1001 4 4 1 119 1 2 328 791 445 436
1002 4 4 1 119 1 2 632 1098 388 1364
1003 4 4 1 119 1 1 461 959 496 334
1004 4 5 1 119 2 2 -1 610 1059 1060 1051
1005 4 4 1 119 1 2 580 569 1360 1380
1006 4 4 1 119 1 2 411 315 476 857
1007 4 4 1 119 1 2 866 790 792 875
1008 4 4 1 119 1 2 620 300 422 1361
1009 4 4 1 119 1 2 1256 76 1444 950
1010 4 4 1 119 1 2 1184 552 295 433
1011 4 4 1 119 1 2 771 219 217 231
1012 4 4 1 119 1 2 117 174 691 634
1013 4 4 1 119 1 2 1295 1185 764 1177
1014 4 4 1 119 1 2 1435 1302 1304 1392
1015 4 4 1 119 1 2 872 855 875 989
1016 4 4 1 119 1 1 843 706 1433 841
1017 4 4 1 119 1 2 710 301 433 1429
1018 4 4 1 119 1 1 549 361 1337 541
1019 4 4 1 119 1 1 541 595 1155 1160
1020 4 4 1 119 1 2 1294 812 1296 1237
1021 4 4 1 119 1 2 870 876 896 805
1022 4 4 1 119 1 2 1186 1175 1298 1149
1023 4 4 1 119 1 1 833 1230 1329 840
1024 4 5 1 119 2 2 -1 1042 1041 1253 1422
1025 4 4 1 119 1 2 1182 1295 1370 1243
1026 4 4 1 119 1 2 1302 980 1303 825
1027 4 4 1 119 1 1 1074 1273 762 1274
1028 4 5 1 119 2 1 -2 137 833 1230 1329
1029 4 4 1 119 1 2 1115 1388 681 1176
1030 4 4 1 119 1 2 389 1115 681 385
1031 4 4 1 119 1 1 370 1399 669 842
1032 4 4 1 119 1 1 881 920 916 1279
1033 4 4 1 119 1 1 392 565 555 1227
1034 4 4 1 119 1 2 898 756 867 928
1035 4 4 1 119 1 2 295 642 1370 433
1036 4 4 1 119 1 1 442 420 927 327
1037 4 4 1 119 1 2 356 1388 681 389
1038 4 4 1 119 1 1 905 910 906 918
1039 4 4 1 119 1 1 348 474 754 339
1040 4 4 1 119 1 2 328 143 230 232
1041 4 4 1 119 1 2 1450 411 476 857
1042 4 4 1 119 1 2 1004 955 622 863
1043 4 4 1 119 1 2 1184 295 1370 433
1044 4 4 1 119 1 2 1184 642 1370 295
1045 4 4 1 119 1 2 1025 938 869 902
1046 4 4 1 119 1 2 773 341 204 180
1047 4 4 1 119 1 2 756 782 963 867
1048 4 4 1 119 1 2 1243 1244 1370 1205
1049 4 4 1 119 1 2 233 282 151 501
1050 4 4 1 119 1 1 170 201 730 930
1051 4 4 1 119 1 2 55 1134 1257 1438
1052 4 4 1 119 1 2 1145 813 1116 1150
1053 4 4 1 119 1 2 1244 1295 1370 1205
1054 4 4 1 119 1 1 958 1350 557 1287
1055 4 4 1 119 1 2 785 796 797 1265
1056 4 4 1 119 1 2 771 772 1014 901
1057 4 4 1 119 1 2 1295 1244 1370 1243
1058 4 4 1 119 1 2 450 821 285 951
1059 4 4 1 119 1 2 1234 1233 1243 825
1060 4 4 1 119 1 2 341 1024 342 491
1061 4 4 1 119 1 2 1345 624 583 1153
1062 4 4 1 119 1 2 287 694 955 581
1063 4 4 1 119 1 2 1096 1093 532 534
1064 4 4 1 119 1 2 699 519 1095 1099
1065 4 5 1 119 2 1 -2 1288 606 1061 1289
1066 4 4 1 119 1 2 533 263 1407 266
1067 4 4 1 119 1 2 208 1251 184 197
1068 4 4 1 119 1 2 1002 1102 1099 1095
1069 4 4 1 119 1 2 1407 263 1413 266
1070 4 4 1 119 1 2 1438 590 1254 637
1071 4 4 1 119 1 2 1129 533 1111 266
1072 4 4 1 119 1 2 1251 1041 1154 1117
1073 4 4 1 119 1 2 667 1129 1111 266
1074 4 4 1 119 1 2 1002 1301 1100 1001
1075 4 4 1 119 1 2 1184 642 1205 1370
1076 4 4 1 119 1 1 560 1311 1225 645
1077 4 4 1 119 1 2 535 1135 422 300
1078 4 4 1 119 1 2 1185 1429 1177 1370
1079 4 4 1 119 1 2 1129 667 533 266
1080 4 4 1 119 1 2 903 772 1014 1029
1081 4 4 1 119 1 1 1067 1079 1122 1078
1082 4 4 1 119 1 1 733 1020 930 210
1083 4 4 1 119 1 1 905 910 1016 923
1084 4 4 1 119 1 1 1262 915 1122 1260
1085 4 4 1 119 1 1 400 106 196 654
1086 4 4 1 119 1 2 757 986 225 216
1087 4 4 1 119 1 2 278 479 405 993
1088 4 4 1 119 1 2 321 872 458 989
1089 4 4 1 119 1 2 771 1014 469 342
1090 4 4 1 119 1 2 936 1014 877 901
1091 4 4 1 119 1 2 1264 817 808 819
1092 4 4 1 119 1 2 586 663 1271 954
1093 4 4 1 119 1 2 1030 343 213 141
1094 4 4 1 119 1 2 790 227 875 873
1095 4 4 1 119 1 2 1021 1383 825 1243
1096 4 4 1 119 1 2 1325 662 665 311
1097 4 4 1 119 1 2 770 938 776 743
1098 4 4 1 119 1 2 936 877 938 902
1099 4 4 1 119 1 1 767 364 526 1381
1100 4 4 1 119 1 2 133 176 1323 776
1101 4 4 1 119 1 2 470 676 1419 1029
1102 4 4 1 119 1 2 1251 184 1148 1252
1103 4 4 1 119 1 1 1274 1272 598 516
1104 4 4 1 119 1 2 936 771 1014 901
1105 4 4 1 119 1 2 936 877 454 900
1106 4 4 1 119 1 2 893 426 314 415
1107 4 4 1 119 1 2 771 234 235 217
1108 4 4 1 119 1 2 216 757 218 225
1109 4 4 1 119 1 2 805 876 899 893
1110 4 4 1 119 1 1 1063 513 1351 265
1111 4 4 1 119 1 1 1074 1076 265 516
1112 4 4 1 119 1 2 492 701 1390 357
1113 4 4 1 119 1 2 1129 1114 667 1111
1114 4 4 1 119 1 1 646 844 1381 514
1115 4 4 1 119 1 1 298 1224 616 1347
1116 4 4 1 119 1 2 970 986 757 216
1117 4 4 1 119 1 2 1146 1147 189 1298
1118 4 4 1 119 1 2 1006 1189 1391 996
1119 4 4 1 119 1 2 783 1377 1136 60
1120 4 4 1 119 1 2 656 1318 540 589
1121 4 4 1 119 1 2 1015 313 966 475
1122 4 4 1 119 1 2 856 992 935 853
1123 4 4 1 119 1 2 1247 826 896 897
1124 4 4 1 119 1 2 1198 352 830 1325
1125 4 4 1 119 1 2 228 255 869 776
1126 4 4 1 119 1 2 221 1025 228 776
1127 4 4 1 119 1 2 1244 207 200 1240
1128 4 4 1 119 1 2 1015 317 475 967
1129 4 4 1 119 1 2 708 30 65 31
1130 4 4 1 119 1 1 844 767 732 1381
1131 4 4 1 119 1 2 998 783 1369 1136
1132 4 4 1 119 1 2 238 254 152 215
1133 4 4 1 119 1 2 1300 59 50 1143
1134 4 4 1 119 1 1 646 768 831 1381
1135 4 4 1 119 1 1 848 922 930 929
1136 4 4 1 119 1 2 199 171 973 775
1137 4 4 1 119 1 1 942 947 250 1349
1138 4 4 1 119 1 2 416 793 446 326
1139 4 4 1 119 1 2 756 898 818 928
1140 4 4 1 119 1 1 7 8 745 91
1141 4 4 1 119 1 2 1112 389 385 1115
1142 4 4 1 119 1 2 294 610 637 1059
1143 4 4 1 119 1 2 419 793 446 427
1144 4 4 1 119 1 2 1234 1233 1204 1243
1145 4 5 1 119 2 1 -2 1090 250 1083 252
1146 4 4 1 119 1 2 1185 301 1429 512
1147 4 4 1 119 1 1 745 931 253 965
1148 4 4 1 119 1 1 892 943 1138 1346
1149 4 4 1 119 1 1 344 90 439 17
1150 4 4 1 119 1 1 646 844 768 1381
1151 4 4 1 119 1 1 257 154 965 259
1152 4 4 1 119 1 1 768 732 831 1381
1153 4 4 1 119 1 2 117 174 194 691
1154 4 4 1 119 1 2 433 552 1177 1370
1155 4 4 1 119 1 2 194 1418 118 691
1156 4 4 1 119 1 2 315 1450 329 476
1157 4 4 1 119 1 2 1015 871 962 966
1158 4 4 1 119 1 2 827 822 825 1241
1159 4 4 1 119 1 2 1418 674 118 691
1160 4 4 1 119 1 2 998 241 798 248
1161 4 4 1 119 1 2 1152 1178 764 1429
1162 4 4 1 119 1 1 851 769 286 430
1163 4 4 1 119 1 2 793 772 874 877
1164 4 4 1 119 1 2 1234 1241 825 1242
1165 4 4 1 119 1 2 805 399 359 807
1166 4 5 1 119 2 2 -1 611 636 1422 293
1167 4 5 1 119 2 2 -1 636 644 1422 293
1168 4 4 1 119 1 2 903 1420 229 464
1169 4 4 1 119 1 2 895 894 896 963
1170 4 4 1 119 1 2 1388 1175 1170 1186
1171 4 4 1 119 1 1 745 7 91 48
1172 4 4 1 119 1 2 203 187 1147 189
1173 4 4 1 119 1 2 1097 1059 508 1093
1174 4 4 1 119 1 1 449 851 286 430
1175 4 4 1 119 1 2 642 1201 603 1023
1176 4 4 1 119 1 2 1152 1151 1149 1153
1177 4 4 1 119 1 1 1404 833 839 170
1178 4 4 1 119 1 1 839 1404 1314 1329
1179 4 5 1 119 2 2 -1 246 1066 244 252
1180 4 5 1 119 2 1 -2 1085 1069 1066 1083
1181 4 4 1 119 1 2 1102 1002 1099 864
1182 4 5 1 119 2 2 -1 1041 1251 1154 1253
1183 4 4 1 119 1 2 523 642 603 1023
1184 4 4 1 119 1 2 1201 523 603 1023
1185 4 4 1 119 1 2 396 272 1313 1263
1186 4 4 1 119 1 2 548 718 1183 1437
1187 4 4 1 119 1 2 972 1198 311 451
1188 4 4 1 119 1 2 188 200 1238 193
1189 4 4 1 119 1 2 317 961 967 468
1190 4 4 1 119 1 2 86 969 786 1446
1191 4 4 1 119 1 2 760 1448 1447 1449
1192 4 4 1 119 1 2 1449 633 82 1447
1193 4 4 1 119 1 2 969 760 1449 1448
1194 4 4 1 119 1 2 85 970 4 5
1195 4 4 1 119 1 2 969 760 1448 1030
1196 4 4 1 119 1 2 1416 684 599 368
1197 4 4 1 119 1 2 1129 1114 520 667
1198 4 4 1 119 1 2 26 77 724 653
1199 4 4 1 119 1 2 1201 1418 1205 603
1200 4 4 1 119 1 2 1035 1212 1108 1109
1201 4 4 1 119 1 1 277 750 456 461
1202 4 4 1 119 1 2 1360 1355 1356 1009
1203 4 4 1 119 1 1 850 768 908 846
1204 4 4 1 119 1 1 609 289 1207 557
1205 4 4 1 119 1 1 448 750 456 277
1206 4 4 1 119 1 1 959 88 496 334
1207 4 4 1 119 1 1 1354 844 1229 1353
1208 4 4 1 119 1 2 53 685 33 34
1209 4 4 1 119 1 1 88 19 496 334
1210 4 4 1 119 1 2 26 25 724 77
1211 4 4 1 119 1 2 953 819 759 952
1212 4 4 1 119 1 1 768 844 732 1381
1213 4 4 1 119 1 2 1010 1268 1392 1304
1214 4 4 1 119 1 1 832 840 732 846
1215 4 4 1 119 1 1 728 727 260 261
1216 4 4 1 119 1 1 1261 1277 1138 1262
1217 4 4 1 119 1 1 767 844 732 840
1218 4 4 1 119 1 1 273 1387 1019 927
1219 4 4 1 119 1 1 481 658 975 761
1220 4 4 1 119 1 2 1339 551 1290 830
1221 4 4 1 119 1 1 565 617 555 1227
1222 4 4 1 119 1 2 6 80 781 14
1223 4 4 1 119 1 2 812 1173 1296 1172
1224 4 4 1 119 1 2 553 551 183 830
1225 4 4 1 119 1 2 987 54 85 786
1226 4 4 1 119 1 2 60 1377 49 84
1227 4 4 1 119 1 2 790 865 792 791
1228 4 4 1 119 1 2 553 551 830 607
1229 4 4 1 119 1 2 1185 174 1205 194
1230 4 4 1 119 1 2 1388 356 1169 544
1231 4 4 1 119 1 2 642 363 1205 1370
1232 4 4 1 119 1 2 271 716 572 1435
1233 4 4 1 119 1 2 114 175 1379 186
1234 4 4 1 119 1 1 1316 1080 1159 1315
1235 4 4 1 119 1 1 767 706 514 841
1236 4 4 1 119 1 1 1431 104 198 673
1237 4 4 1 119 1 1 839 1431 192 841
1238 4 4 1 119 1 2 644 379 636 1422
1239 4 4 1 119 1 1 370 1431 1433 630
1240 4 5 1 119 2 2 -1 1092 77 724 1424
1241 4 5 1 119 2 2 -1 1092 1443 724 77
1242 4 4 1 119 1 1 1195 549 1194 262
1243 4 5 1 119 2 1 -2 1065 1077 1039 1072
1244 4 4 1 119 1 1 604 555 1287 1286
1245 4 5 1 119 2 2 -1 504 610 1058 511
1246 4 4 1 119 1 1 256 163 472 164
1247 4 4 1 119 1 2 1442 573 809 271
1248 4 4 1 119 1 2 1371 548 1183 1434
1249 4 4 1 119 1 1 742 164 472 467
1250 4 4 1 119 1 2 854 821 852 951
1251 4 4 1 119 1 2 270 1115 681 1423
1252 4 4 1 119 1 2 421 619 1185 1152
1253 4 4 1 119 1 2 186 189 1149 190
1254 4 5 1 119 2 2 -1 1132 1044 1249 1051
1255 4 4 1 119 1 2 1383 1184 828 552
1256 4 4 1 119 1 2 1268 1010 1392 1006
1257 4 4 1 119 1 2 804 805 477 893
1258 4 4 1 119 1 1 606 1288 605 576
1259 4 4 1 119 1 2 1252 1251 1154 1117
1260 4 4 1 119 1 2 597 395 586 1271
1261 4 4 1 119 1 1 741 256 742 164
1262 4 4 1 119 1 2 969 1448 216 218
1263 4 5 1 119 2 2 -1 838 1052 891 1249
1264 4 4 1 119 1 2 1025 131 776 211
1265 4 4 1 119 1 2 1179 1189 1392 1006
1266 4 4 1 119 1 2 1014 771 469 1029
1267 4 4 1 119 1 2 828 1371 552 1428
1268 4 4 1 119 1 2 1189 1179 1392 1191
1269 4 4 1 119 1 2 936 771 901 902
1270 4 4 1 119 1 2 183 1200 830 173
1271 4 4 1 119 1 2 574 1245 307 490
1272 4 4 1 119 1 2 1336 1268 1304 1392
1273 4 4 1 119 1 1 882 916 698 912
1274 4 5 1 119 2 1 -2 576 1289 302 702
1275 4 4 1 119 1 1 457 432 312 1016
1276 4 4 1 119 1 1 181 839 198 170
1277 4 4 1 119 1 2 1175 1173 1182 1171
1278 4 5 1 119 2 1 -2 1044 1043 1249 1039
1279 4 4 1 119 1 2 685 671 382 1144
1280 4 4 1 119 1 2 1114 1382 1309 1109
1281 4 4 1 119 1 2 581 627 622 1375
1282 4 4 1 119 1 2 1151 1152 1149 1379
1283 4 4 1 119 1 2 1400 1395 1176 1309
1284 4 5 1 119 2 1 -2 1289 1091 1164 1062
1285 4 4 1 119 1 2 1107 1110 1150 1117
1286 4 4 1 119 1 2 292 1211 297 559
1287 4 4 1 119 1 1 1387 420 486 457
1288 4 4 1 119 1 1 273 420 486 1387
1289 4 4 1 119 1 2 570 375 695 1379
1290 4 4 1 119 1 2 1299 537 625 582
1291 4 4 1 119 1 2 1377 1376 1136 49
1292 4 4 1 119 1 2 1310 969 757 1030
1293 4 4 1 119 1 2 790 232 791 875
1294 4 4 1 119 1 2 1268 1336 1391 1392
1295 4 4 1 119 1 2 903 1014 318 1029
1296 4 4 1 119 1 2 953 1377 759 861
1297 4 4 1 119 1 2 315 788 995 1450
1298 4 4 1 119 1 2 55 65 51 1425
1299 4 4 1 119 1 1 843 705 299 289
1300 4 4 1 119 1 2 707 1118 191 579
1301 4 4 1 119 1 1 1080 1075 1045 1269
1302 4 5 1 119 2 1 -2 1289 606 1061 1087
1303 4 5 1 119 2 2 -1 1427 1343 1084 1164
1304 4 4 1 119 1 1 1272 1223 1224 598
1305 4 4 1 119 1 1 1279 878 879 1276
1306 4 4 1 119 1 1 641 1332 1081 1076
1307 4 4 1 119 1 2 1299 537 582 1008
1308 4 4 1 119 1 2 1190 1395 1392 1391
1309 4 4 1 119 1 2 1330 795 1363 803
1310 4 4 1 119 1 2 1189 1190 1392 1391
1311 4 4 1 119 1 2 758 971 984 853
1312 4 4 1 119 1 2 870 898 894 868
1313 4 4 1 119 1 2 411 56 857 67
1314 4 4 1 119 1 2 619 421 566 1152
1315 4 4 1 119 1 2 1190 1189 1392 1395
1316 4 4 1 119 1 2 986 939 875 225
1317 4 4 1 119 1 2 343 1310 635 338
1318 4 5 1 119 2 2 -1 1131 1412 1033 1040
1319 4 4 1 119 1 1 975 481 761 916
1320 4 4 1 119 1 2 1003 1256 950 10
1321 4 4 1 119 1 2 928 872 820 853
1322 4 4 1 119 1 2 725 633 1449 463
1323 4 4 1 119 1 1 1387 921 933 927
1324 4 4 1 119 1 1 882 488 911 698
1325 4 4 1 119 1 1 914 925 933 1387
1326 4 4 1 119 1 1 920 1387 916 912
1327 4 5 1 119 2 2 -1 1043 1130 1131 1040
1328 4 4 1 119 1 1 442 160 927 755
1329 4 5 1 119 2 2 -1 510 533 1408 387
1330 4 4 1 119 1 1 165 260 337 741
1331 4 4 1 119 1 1 201 1020 930 737
1332 4 5 1 119 2 1 -2 361 1156 510 1248
1333 4 5 1 119 2 1 -2 1316 206 137 181
1334 4 4 1 119 1 1 1261 1278 1260 237
1335 4 4 1 119 1 2 533 1129 1408 387
1336 4 4 1 119 1 2 1400 811 1183 1440
1337 4 4 1 119 1 2 629 1382 638 700
1338 4 4 1 119 1 2 1415 1409 1414 236
1339 4 4 1 119 1 2 816 815 808 1367
1340 4 4 1 119 1 2 1021 1180 1303 1183
1341 4 4 1 119 1 1 1431 370 1433 842
1342 4 4 1 119 1 2 1129 1107 1111 1040
1343 4 4 1 119 1 1 749 881 761 1018
1344 4 4 1 119 1 2 1187 1175 1298 1188
1345 4 4 1 119 1 1 474 960 324 319
1346 4 4 1 119 1 2 491 1024 482 325
1347 4 4 1 119 1 2 205 1024 497 451
1348 4 4 1 119 1 2 868 904 902 874
1349 4 4 1 119 1 2 778 171 973 972
1350 4 4 1 119 1 2 58 53 685 33
1351 4 4 1 119 1 2 1368 435 561 1390
1352 4 4 1 119 1 1 755 331 754 1018
1353 4 4 1 119 1 2 1153 1345 1297 813
1354 4 5 1 119 2 2 -1 108 208 711 367
1355 4 4 1 119 1 1 745 744 747 748
1356 4 4 1 119 1 2 1041 611 1040 1385
1357 4 4 1 119 1 1 761 881 879 753
1358 4 4 1 119 1 2 352 662 1325 311
1359 4 4 1 119 1 1 595 541 1155 529
1360 4 4 1 119 1 2 1131 1411 1040 1111
1361 4 4 1 119 1 1 1070 1167 1122 1082
1362 4 4 1 119 1 2 1376 783 1136 1369
1363 4 4 1 119 1 2 800 980 1303 979
1364 4 4 1 119 1 2 1098 1103 1403 1100
1365 4 4 1 119 1 2 1366 1409 1131 1372
1366 4 4 1 119 1 2 274 791 445 458
1367 4 4 1 119 1 2 1267 1285 1363 814
1368 4 4 1 119 1 2 615 524 1335 573
1369 4 4 1 119 1 2 83 71 858 73
1370 4 4 1 119 1 2 1267 802 1363 808
1371 4 4 1 119 1 2 546 815 585 1284
1372 4 4 1 119 1 1 762 1273 890 1274
1373 4 4 1 119 1 2 1299 537 1104 373
1374 4 5 1 119 2 1 -2 1081 1076 1072 1084
1375 4 4 1 119 1 1 1258 1137 332 521
1376 4 4 1 119 1 1 260 727 337 741
1377 4 4 1 119 1 1 839 841 192 198
1378 4 4 1 119 1 1 237 976 934 977
1379 4 4 1 119 1 1 100 201 101 1027
1380 4 4 1 119 1 2 416 791 445 274
1381 4 4 1 119 1 1 260 166 337 281
1382 4 4 1 119 1 1 95 155 729 261
1383 4 4 1 119 1 2 205 497 123 451
1384 4 4 1 119 1 2 1179 1191 1403 1307
1385 4 4 1 119 1 2 1103 1307 1403 1100
1386 4 4 1 119 1 2 1014 903 318 427
1387 4 4 1 119 1 1 347 438 740 649
1388 4 4 1 119 1 2 676 469 1029 318
1389 4 4 1 119 1 1 925 926 258 256
1390 4 4 1 119 1 1 658 481 1279 761
1391 4 4 1 119 1 1 483 658 975 481
1392 4 4 1 119 1 1 1349 942 943 1138
1393 4 4 1 119 1 1 483 975 1019 459
1394 4 4 1 119 1 1 883 940 1281 1276
1395 4 4 1 119 1 2 772 771 1029 901
1396 4 4 1 119 1 1 485 483 324 1018
1397 4 4 1 119 1 1 154 155 258 934
1398 4 4 1 119 1 1 975 881 761 1019
1399 4 4 1 119 1 1 730 251 929 1028
1400 4 4 1 119 1 2 1307 1191 1403 1100
1401 4 4 1 119 1 2 1250 1118 197 402
1402 4 5 1 119 2 2 -1 835 834 1034 1154
1403 4 4 1 119 1 2 1189 1179 1403 1364
1404 4 4 1 119 1 1 462 430 907 316
1405 4 4 1 119 1 2 173 1201 1418 1204
1406 4 4 1 119 1 2 822 823 825 1241
1407 4 4 1 119 1 2 199 777 1199 193
1408 4 4 1 119 1 2 1442 1439 473 1435
1409 4 4 1 119 1 2 877 452 454 899
1410 4 4 1 119 1 2 821 854 806 951
1411 4 4 1 119 1 2 862 73 1375 863
1412 4 4 1 119 1 2 817 806 808 819
1413 4 4 1 119 1 2 788 991 992 983
1414 4 4 1 119 1 2 857 862 1271 858
1415 4 4 1 119 1 2 1448 3 213 1447
1416 4 4 1 119 1 2 249 782 797 1265
1417 4 4 1 119 1 2 806 854 820 951
1418 4 4 1 119 1 2 860 859 84 83
1419 4 4 1 119 1 2 58 65 1430 1141
1420 4 5 1 119 2 1 -2 1217 947 250 9
1421 4 4 1 119 1 2 1294 207 1296 1188
1422 4 4 1 119 1 1 431 906 907 316
1423 4 4 1 119 1 2 1437 810 1179 1392
1424 4 4 1 119 1 1 462 851 907 430
1425 4 4 1 119 1 2 1301 1192 1357 1358
1426 4 4 1 119 1 2 185 1202 1199 974
1427 4 4 1 119 1 2 999 1003 1094 891
1428 4 4 1 119 1 2 1179 1189 1403 1191
1429 4 4 1 119 1 2 1100 1189 1403 1364
1430 4 4 1 119 1 2 1132 1096 1408 266
1431 4 4 1 119 1 2 1360 1355 1009 1361
1432 4 4 1 119 1 2 1442 716 573 271
1433 4 4 1 119 1 1 1038 575 1045 1160
1434 4 4 1 119 1 2 619 175 1185 1152
1435 4 4 1 119 1 2 1008 1098 1001 1100
1436 4 4 1 119 1 2 857 862 1374 358
1437 4 4 1 119 1 2 806 854 808 819
1438 4 4 1 119 1 1 641 1081 506 1076
1439 4 4 1 119 1 2 898 964 818 820
1440 4 4 1 119 1 2 955 1004 1369 863
1441 4 4 1 119 1 1 1076 1081 506 516
1442 4 4 1 119 1 1 705 843 299 1433
1443 4 4 1 119 1 1 391 1272 889 1139
1444 4 4 1 119 1 1 843 1228 1229 1327
1445 4 4 1 119 1 1 840 844 732 1353
1446 4 4 1 119 1 1 705 843 1433 1432
1447 4 4 1 119 1 1 1274 605 506 516
1448 4 4 1 119 1 1 1350 1327 1326 1045
1449 4 4 1 119 1 1 1208 839 1329 840
1450 4 4 1 119 1 2 1014 444 318 1029
1451 4 4 1 119 1 1 332 527 1166 543
1452 4 4 1 119 1 1 1081 1274 506 516
1453 4 4 1 119 1 1 1207 1228 557 299
1454 4 4 1 119 1 2 591 393 390 828
1455 4 4 1 119 1 1 1354 646 844 768
1456 4 4 1 119 1 1 728 727 741 736
1457 4 4 1 119 1 2 398 816 1312 1313
1458 4 4 1 119 1 2 394 1284 602 1330
1459 4 4 1 119 1 2 821 597 663 1271
1460 4 4 1 119 1 2 1377 12 60 998
1461 4 4 1 119 1 2 71 856 858 1450
1462 4 4 1 119 1 2 1439 1442 809 1392
1463 4 4 1 119 1 2 998 1336 1391 1369
1464 4 4 1 119 1 2 981 828 1434 390
1465 4 4 1 119 1 2 828 1371 1434 390
1466 4 4 1 119 1 2 721 810 809 701
1467 4 4 1 119 1 2 479 315 995 329
1468 4 4 1 119 1 2 147 229 470 148
1469 4 4 1 119 1 2 676 470 318 1029
1470 4 4 1 119 1 2 1191 1189 1403 1100
1471 4 4 1 119 1 2 966 1015 475 967
1472 4 4 1 119 1 2 989 872 458 875
1473 4 4 1 119 1 2 523 351 1231 1339
1474 4 4 1 119 1 2 553 352 830 1198
1475 4 4 1 119 1 2 395 411 358 857
1476 4 4 1 119 1 2 452 426 966 475
1477 4 4 1 119 1 2 865 313 475 418
1478 4 4 1 119 1 2 898 870 896 964
1479 4 4 1 119 1 2 426 452 893 314
1480 4 4 1 119 1 1 277 441 753 319
1481 4 4 1 119 1 2 1108 1107 1414 1109
1482 4 4 1 119 1 1 949 1426 752 1214
1483 4 4 1 119 1 1 931 932 883 880
1484 4 4 1 119 1 1 947 931 942 250
1485 4 4 1 119 1 2 1021 1302 1303 825
1486 4 4 1 119 1 2 620 305 1361 1009
1487 4 4 1 119 1 2 633 46 82 47
1488 4 4 1 119 1 2 799 1190 1391 1395
1489 4 4 1 119 1 2 80 860 84 83
1490 4 4 1 119 1 2 964 785 1264 796
1491 4 4 1 119 1 2 663 287 1367 954
1492 4 4 1 119 1 2 1409 1411 1414 836
1493 4 4 1 119 1 2 939 227 875 220
1494 4 4 1 119 1 1 926 925 258 934
1495 4 4 1 119 1 2 1035 1409 1414 836
1496 4 4 1 119 1 2 1096 1372 1111 1414
1497 4 5 1 119 2 1 -2 528 504 1341 362
1498 4 4 1 119 1 1 706 364 841 767
1499 4 5 1 119 2 2 -1 838 1085 246 1163
1500 4 4 1 119 1 1 565 845 1227 1286
1501 4 4 1 119 1 1 364 767 198 841
1502 4 4 1 119 1 1 769 768 1353 846
1503 4 4 1 119 1 1 420 1387 921 457
1504 4 4 1 119 1 2 1101 1096 1111 1414
1505 4 4 1 119 1 1 1162 542 518 354
1506 4 4 1 119 1 1 649 438 740 736
1507 4 4 1 119 1 1 273 1387 916 975
1508 4 4 1 119 1 1 1070 1064 1067 1078
1509 4 5 1 119 2 1 -2 1157 1037 1039 1033
1510 4 4 1 119 1 1 104 1431 198 192
1511 4 4 1 119 1 1 687 921 162 466
1512 4 4 1 119 1 1 1283 887 884 885
1513 4 4 1 119 1 1 251 138 929 847
1514 4 5 1 119 2 1 -2 528 542 362 1165
1515 4 4 1 119 1 1 931 947 253 250
1516 4 4 1 119 1 1 89 947 91 779
1517 4 5 1 119 2 1 -2 542 550 362 1165
1518 4 4 1 119 1 1 959 348 460 960
1519 4 4 1 119 1 1 608 1291 1292 1293
1520 4 4 1 119 1 2 1096 1101 1372 1414
1521 4 4 1 119 1 2 1008 545 1098 632
1522 4 4 1 119 1 1 1273 1223 889 1346
1523 4 4 1 119 1 1 1206 1167 1344 1168
1524 4 4 1 119 1 2 1372 1409 1411 1414
1525 4 4 1 119 1 1 942 1277 250 880
1526 4 4 1 119 1 2 1267 1266 808 955
1527 4 4 1 119 1 2 1415 1409 1372 1414
1528 4 4 1 119 1 2 378 524 1363 1335
1529 4 4 1 119 1 2 1391 1336 1441 1392
1530 4 4 1 119 1 2 1435 1439 1183 1392
1531 4 4 1 119 1 2 1323 1322 801 895
1532 4 4 1 119 1 2 176 1025 776 211
1533 4 4 1 119 1 2 811 800 245 1237
1534 4 4 1 119 1 2 1185 174 194 1295
1535 4 4 1 119 1 2 1145 374 579 372
1536 4 4 1 119 1 2 1303 1441 1304 1392
1537 4 4 1 119 1 1 1137 1258 1259 521
1538 4 4 1 119 1 1 481 273 486 916
1539 4 4 1 119 1 2 1250 1118 402 589
1540 4 4 1 119 1 1 1279 309 940 878
1541 4 4 1 119 1 2 1318 1049 540 589
1542 4 4 1 119 1 2 987 54 83 74
1543 4 4 1 119 1 2 964 817 818 820
1544 4 4 1 119 1 2 969 970 757 216
1545 4 4 1 119 1 2 1448 85 216 4
1546 4 4 1 119 1 2 1440 1400 1392 1183
1547 4 4 1 119 1 2 1049 1385 540 589
1548 4 4 1 119 1 2 1118 1145 579 372
1549 4 4 1 119 1 1 1123 1328 1260 1122
1550 4 4 1 119 1 2 186 1152 1379 1187
1551 4 4 1 119 1 2 401 30 1425 708
1552 4 4 1 119 1 2 401 371 1254 590
1553 4 4 1 119 1 2 371 401 1254 1425
1554 4 4 1 119 1 2 330 1310 484 322
1555 4 4 1 119 1 2 1310 757 484 322
1556 4 4 1 119 1 1 965 745 747 748
1557 4 4 1 119 1 1 750 88 959 779
1558 4 4 1 119 1 1 483 658 761 975
1559 4 4 1 119 1 1 442 161 687 927
1560 4 4 1 119 1 1 160 257 927 755
1561 4 4 1 119 1 2 939 986 220 225
1562 4 4 1 119 1 1 1399 584 1396 369
1563 4 4 1 119 1 2 760 969 1310 1030
1564 4 4 1 119 1 2 343 760 1310 1030
1565 4 4 1 119 1 2 633 46 725 1449
1566 4 4 1 119 1 1 400 1399 1396 369
1567 4 4 1 119 1 2 993 788 988 983
1568 4 4 1 119 1 2 898 870 964 820
1569 4 4 1 119 1 1 1230 1328 1329 1078
1570 4 4 1 119 1 1 1399 400 584 369
1571 4 4 1 119 1 2 1015 866 792 962
1572 4 4 1 119 1 2 757 1310 330 322
1573 4 4 1 119 1 2 672 112 113 190
1574 4 4 1 119 1 2 1132 1130 1408 1111
1575 4 4 1 119 1 2 1192 784 1357 1358
1576 4 5 1 119 2 2 -1 1365 206 1252 835
1577 4 5 1 119 2 2 -1 1409 1410 1249 1131
1578 4 4 1 119 1 2 297 559 1318 656
1579 4 5 1 119 2 1 -2 1222 1219 1089 1084
1580 4 5 1 119 2 1 -2 1065 1069 1088 1072
1581 4 4 1 119 1 1 1196 1197 1194 262
1582 4 4 1 119 1 1 1327 1080 1071 1078
1583 4 4 1 119 1 1 1328 957 1260 1122
1584 4 4 1 119 1 2 401 371 708 1425
1585 4 5 1 119 2 1 -2 1057 1055 1088 1249
1586 4 4 1 119 1 1 698 911 918 907
1587 4 4 1 119 1 2 708 65 1425 1430
1588 4 4 1 119 1 1 1258 1127 543 1166
1589 4 4 1 119 1 1 1086 889 1282 1138
1590 4 4 1 119 1 1 1277 1261 250 237
1591 4 4 1 119 1 1 612 884 1282 1348
1592 4 5 1 119 2 2 -1 1427 1085 246 1219
1593 4 4 1 119 1 2 1174 356 1170 1183
1594 4 4 1 119 1 2 599 660 1374 652
1595 4 4 1 119 1 2 411 857 1374 358
1596 4 4 1 119 1 2 184 187 1148 1252
1597 4 5 1 119 2 1 -2 1338 550 362 1331
1598 4 4 1 119 1 2 1252 1148 1117 835
1599 4 4 1 119 1 2 492 1368 996 1390
1600 4 5 1 119 2 1 -2 1091 1087 1084 1347
1601 4 4 1 119 1 2 708 30 1425 65
1602 4 4 1 119 1 2 835 1022 836 242
1603 4 4 1 119 1 2 1151 1145 1297 672
1604 4 4 1 119 1 2 1118 707 402 372
1605 4 4 1 119 1 2 1112 1382 1109 1113
1606 4 4 1 119 1 2 611 509 1049 1385
1607 4 4 1 119 1 2 795 796 802 979
1608 4 4 1 119 1 2 1151 375 624 1152
1609 4 5 1 119 2 1 -2 196 1397 842 1315
1610 4 4 1 119 1 1 353 601 575 1045
1611 4 4 1 119 1 2 660 411 1374 358
1612 4 4 1 119 1 2 1180 1174 1182 1171
1613 4 4 1 119 1 2 1041 1251 1385 1110
1614 4 4 1 119 1 2 68 1003 999 240
1615 4 4 1 119 1 2 1252 1147 1148 835
1616 4 4 1 119 1 2 1252 835 1117 1154
1617 4 5 1 119 2 1 -2 182 108 720 367
1618 4 4 1 119 1 2 175 1152 1187 168
1619 4 4 1 119 1 2 1178 1428 1177 1429
1620 4 4 1 119 1 2 508 519 1093 532
1621 4 4 1 119 1 2 638 1114 520 1109
1622 4 4 1 119 1 2 1240 1294 1237 1181
1623 4 4 1 119 1 2 78 70 1375 1374
1624 4 4 1 119 1 1 1333 1063 1072 1076
1625 4 4 1 119 1 2 599 1416 1375 1374
1626 4 4 1 119 1 1 1160 1047 1337 517
1627 4 4 1 119 1 1 881 749 761 1019
1628 4 4 1 119 1 1 887 884 1348 1138
1629 4 4 1 119 1 1 237 909 913 251
1630 4 4 1 119 1 2 1142 1255 1106 1210
1631 4 4 1 119 1 1 366 565 1226 1384
1632 4 4 1 119 1 2 207 1294 1295 169
1633 4 4 1 119 1 2 656 1118 1318 589
1634 4 4 1 119 1 2 1211 1049 1116 1150
1635 4 4 1 119 1 2 1169 1428 428 493
1636 4 4 1 119 1 2 111 112 579 190
1637 4 4 1 119 1 2 1180 811 1172 1237
1638 4 4 1 119 1 1 1333 1063 517 1160
1639 4 5 1 119 2 2 -1 1050 1044 1051 1331
1640 4 4 1 119 1 1 1197 1195 1194 262
1641 4 5 1 119 2 1 -2 1156 1064 1071 1039
1642 4 4 1 119 1 1 1063 1333 517 507
1643 4 4 1 119 1 1 641 1081 518 506
1644 4 4 1 119 1 1 541 353 1160 517
1645 4 5 1 119 2 2 -1 722 1445 1128 1062
1646 4 5 1 119 2 1 -2 1396 400 196 1397
1647 4 4 1 119 1 2 674 363 1418 603
1648 4 4 1 119 1 1 507 353 517 1160
1649 4 4 1 119 1 2 1110 1041 1117 1040
1650 4 4 1 119 1 1 1063 507 517 1160
1651 4 4 1 119 1 2 1362 829 1232 830
1652 4 4 1 119 1 2 1031 900 1325 1320
1653 4 4 1 119 1 2 980 981 1302 1373
1654 4 4 1 119 1 2 1427 1343 1444 950
1655 4 5 1 119 2 1 -2 1064 1065 1039 1072
1656 4 4 1 119 1 2 1372 1409 1131 1411
1657 4 5 1 119 2 1 -2 505 1269 650 293
1658 4 4 1 119 1 1 383 1350 557 1326
1659 4 4 1 119 1 1 738 1013 1026 737
1660 4 4 1 119 1 1 911 914 912 918
1661 4 4 1 119 1 1 740 922 736 731
1662 4 4 1 119 1 1 664 1384 1127 769
1663 4 5 1 119 2 1 -2 1230 251 252 847
1664 4 4 1 119 1 1 1074 1076 1073 265
1665 4 5 1 119 2 1 -2 1066 1090 1083 246
1666 4 4 1 119 1 1 740 850 922 731
1667 4 4 1 119 1 1 154 7 745 259
1668 4 5 1 119 2 1 -2 1365 1398 834 1036
1669 4 4 1 119 1 1 1272 1223 391 889
1670 4 4 1 119 1 1 878 761 879 753
1671 4 4 1 119 1 1 438 323 731 736
1672 4 4 1 119 1 1 931 779 747 91
1673 4 4 1 119 1 1 323 438 731 850
1674 4 4 1 119 1 1 947 931 8 91
1675 4 5 1 119 2 2 -1 1043 1410 1039 1033
1676 4 4 1 119 1 1 738 766 846 978
1677 4 4 1 119 1 1 289 843 1207 299
1678 4 4 1 119 1 1 740 438 731 736
1679 4 4 1 119 1 1 98 1020 99 495
1680 4 4 1 119 1 2 423 1246 596 307
1681 4 4 1 119 1 2 1185 1295 1370 1177
1682 4 4 1 119 1 2 1008 305 1001 545
1683 4 4 1 119 1 2 696 1428 493 552
1684 4 4 1 119 1 2 1379 1152 1149 1187
1685 4 4 1 119 1 2 824 1235 1237 1238
1686 4 4 1 119 1 2 1322 1321 1247 897
1687 4 4 1 119 1 2 1389 1010 577 1368
1688 4 4 1 119 1 2 1371 591 390 828
1689 4 4 1 119 1 2 1118 1049 1385 1110
1690 4 4 1 119 1 1 438 740 731 850
1691 4 4 1 119 1 1 734 735 922 742
1692 4 4 1 119 1 1 735 910 922 742
1693 4 4 1 119 1 1 910 905 922 742
1694 4 4 1 119 1 2 1411 1108 1040 1111
1695 4 4 1 119 1 1 1278 920 976 880
1696 4 4 1 119 1 1 1350 1327 1045 765
1697 4 4 1 119 1 1 1121 1070 1078 765
1698 4 5 1 119 2 1 -2 1085 1090 1219 1084
1699 4 5 1 119 2 2 -1 1091 1427 1216 1219
1700 4 5 1 119 2 1 -2 1061 1288 1084 1386
1701 4 4 1 119 1 1 881 1279 879 1276
1702 4 4 1 119 1 1 932 931 976 880
1703 4 4 1 119 1 1 922 740 741 742
1704 4 4 1 119 1 1 905 740 922 742
1705 4 4 1 119 1 1 892 560 645 562
1706 4 4 1 119 1 1 604 392 1125 522
1707 4 4 1 119 1 1 331 755 485 1018
1708 4 4 1 119 1 1 959 960 753 747
1709 4 4 1 119 1 1 1273 889 1138 1346
1710 4 4 1 119 1 1 878 441 753 780
1711 4 4 1 119 1 2 997 998 784 1192
1712 4 4 1 119 1 1 209 727 728 210
1713 4 4 1 119 1 2 169 1187 1298 1188
1714 4 4 1 119 1 2 1169 1174 1170 1182
1715 4 4 1 119 1 1 761 441 753 878
1716 4 4 1 119 1 2 628 699 1099 291
1717 4 4 1 119 1 2 169 189 1298 1149
1718 4 4 1 119 1 1 658 761 753 319
1719 4 4 1 119 1 2 639 1101 668 677
1720 4 4 1 119 1 1 441 658 753 319
1721 4 4 1 119 1 2 1104 1209 1106 1319
1722 4 4 1 119 1 2 1143 1360 1193 1144
1723 4 4 1 119 1 2 694 955 1368 814
1724 4 4 1 119 1 2 718 1176 1436 681
1725 4 4 1 119 1 1 658 441 753 761
1726 4 5 1 119 2 1 -2 1316 1158 1329 247
1727 4 4 1 119 1 1 1071 1080 1045 1269
1728 4 5 1 119 2 1 -2 1065 1069 1067 1066
1729 4 4 1 119 1 1 536 1344 1137 556
1730 4 4 1 119 1 1 843 706 299 1433
1731 4 4 1 119 1 1 1046 1038 1045 1269
1732 4 5 1 119 2 1 -2 1159 1080 1397 1315
1733 4 4 1 119 1 1 257 965 748 259
1734 4 4 1 119 1 1 739 1327 1080 1075
1735 4 4 1 119 1 1 449 850 286 851
1736 4 4 1 119 1 1 1354 1229 617 1227
1737 4 4 1 119 1 1 766 832 170 177
1738 4 4 1 119 1 1 839 832 841 198
1739 4 5 1 119 2 1 -2 1083 1066 252 1067
1740 4 4 1 119 1 1 595 353 1160 541
1741 4 5 1 119 2 1 -2 1197 1196 1044 1050
1742 4 5 1 119 2 2 -1 950 838 240 246
1743 4 5 1 119 2 2 -1 702 1289 302 722
1744 4 4 1 119 1 1 965 745 748 259
1745 4 4 1 119 1 1 277 319 753 460
1746 4 4 1 119 1 1 1162 542 594 1165
1747 4 5 1 119 2 1 -2 1217 947 9 89
1748 4 4 1 119 1 1 751 88 944 66
1749 4 5 1 119 2 1 -2 948 1215 87 1216
1750 4 4 1 119 1 2 254 222 152 215
1751 4 4 1 119 1 1 750 959 277 753
1752 4 4 1 119 1 1 879 882 1276 1281
1753 4 4 1 119 1 2 1356 57 1193 1007
1754 4 5 1 119 2 2 -1 1060 1054 1051 1133
1755 4 4 1 119 1 2 997 784 1359 1192
1756 4 4 1 119 1 2 537 1299 625 382
1757 4 4 1 119 1 2 1357 1193 1359 1001
1758 4 4 1 119 1 2 1383 1233 825 1243
1759 4 4 1 119 1 2 1175 1169 1170 1182
1760 4 4 1 119 1 2 794 795 803 807
1761 4 4 1 119 1 2 271 1442 1435 809
1762 4 4 1 119 1 2 1235 1234 824 1237
1763 4 4 1 119 1 2 1002 1143 1144 864
1764 4 4 1 119 1 2 1175 1187 764 1182
1765 4 4 1 119 1 2 789 803 1304 809
1766 4 4 1 119 1 2 1382 629 638 385
1767 4 4 1 119 1 2 509 1129 1049 520
1768 4 4 1 119 1 2 1049 1118 1385 589
1769 4 4 1 119 1 2 1388 356 544 389
1770 4 5 1 119 2 1 -2 1197 1196 1050 1331
1771 4 4 1 119 1 1 697 192 654 842
1772 4 4 1 119 1 2 1203 1234 1204 1243
1773 4 4 1 119 1 2 1151 1153 1297 813
1774 4 5 1 119 2 1 -2 1399 400 1396 1397
1775 4 4 1 119 1 2 1169 1175 1428 1182
1776 4 4 1 119 1 1 1399 1393 669 1394
1777 4 4 1 119 1 1 739 843 1075 1432
1778 4 4 1 119 1 2 1173 1181 1182 1171
1779 4 4 1 119 1 1 289 1421 640 609
1780 4 4 1 119 1 2 1428 1174 1182 1177
1781 4 4 1 119 1 1 96 346 500 1012
1782 4 4 1 119 1 1 1065 1068 1067 1078
1783 4 4 1 119 1 2 1178 1388 1153 1186
1784 4 5 1 119 2 1 -2 1037 1032 1033 1159
1785 4 4 1 119 1 2 936 778 773 775
1786 4 5 1 119 2 2 -1 1041 1042 1040 1422
1787 4 4 1 119 1 2 379 1250 711 402
1788 4 5 1 119 2 2 -1 206 187 184 1252
1789 4 4 1 119 1 1 1332 1057 1048 1072
1790 4 4 1 119 1 2 937 771 774 775
1791 4 4 1 119 1 2 1218 1427 1221 1444
1792 4 5 1 119 2 1 -2 1068 1065 1067 1066
1793 4 4 1 119 1 2 835 136 135 242
1794 4 5 1 119 2 1 -2 1087 1092 752 1220
1795 4 4 1 119 1 2 794 795 1330 803
1796 4 4 1 119 1 2 450 988 308 405
1797 4 4 1 119 1 2 547 721 810 1439
1798 4 4 1 119 1 2 1382 638 692 385
1799 4 4 1 119 1 2 718 548 473 1437
1800 4 4 1 119 1 2 153 238 869 239
1801 4 4 1 119 1 2 953 1317 808 1264
1802 4 4 1 119 1 2 936 771 937 775
1803 4 4 1 119 1 2 443 278 405 988
1804 4 4 1 119 1 2 771 773 774 775
1805 4 4 1 119 1 2 771 936 773 775
1806 4 4 1 119 1 2 968 991 787 990
1807 4 4 1 119 1 2 991 992 994 995
1808 4 4 1 119 1 2 633 343 726 1447
1809 4 4 1 119 1 2 1382 1112 385 1115
1810 4 4 1 119 1 2 538 624 1297 381
1811 4 4 1 119 1 2 1307 1308 1100 1095
1812 4 4 1 119 1 2 815 816 1313 1367
1813 4 4 1 119 1 2 716 715 572 1435
1814 4 4 1 119 1 2 627 581 368 1375
1815 4 4 1 119 1 2 69 992 994 786
1816 4 4 1 119 1 2 1371 1174 696 1428
1817 4 4 1 119 1 2 349 278 480 968
1818 4 4 1 119 1 2 1008 305 582 625
1819 4 4 1 119 1 2 571 1423 1436 1403
1820 4 4 1 119 1 2 548 355 1371 696
1821 4 4 1 119 1 1 155 926 924 256
1822 4 4 1 119 1 2 12 1377 60 248
1823 4 4 1 119 1 2 492 429 545 1001
1824 4 4 1 119 1 2 799 998 241 798
1825 4 4 1 119 1 2 1266 797 1265 798
1826 4 4 1 119 1 2 81 1257 1444 1221
1827 4 4 1 119 1 2 657 539 296 1319
1828 4 4 1 119 1 2 1369 1336 1391 996
1829 4 4 1 119 1 2 61 1300 50 1358
1830 4 4 1 119 1 2 818 756 984 952
1831 4 4 1 119 1 2 1301 1306 1100 1192
1832 4 4 1 119 1 2 964 796 979 797
1833 4 4 1 119 1 2 1438 1134 1257 1060
1834 4 4 1 119 1 1 1417 62 23 563
1835 4 4 1 119 1 2 60 1377 1136 49
1836 4 4 1 119 1 2 758 935 853 952
1837 4 4 1 119 1 2 84 1376 49 861
1838 4 4 1 119 1 2 895 904 963 869
1839 4 4 1 119 1 2 1151 381 695 672
1840 4 4 1 119 1 2 964 796 1264 808
1841 4 4 1 119 1 2 964 804 796 808
1842 4 4 1 119 1 2 804 1263 808 1313
1843 4 4 1 119 1 2 804 795 808 1263
1844 4 4 1 119 1 2 794 795 1263 808
1845 4 4 1 119 1 2 815 794 1263 808
1846 4 4 1 119 1 2 231 771 280 773
1847 4 4 1 119 1 2 856 71 858 83
1848 4 4 1 119 1 2 992 788 983 852
1849 4 4 1 119 1 2 804 806 820 962
1850 4 4 1 119 1 2 570 619 175 115
1851 4 4 1 119 1 2 619 421 1185 634
1852 4 4 1 119 1 2 1151 1145 672 190
1853 4 4 1 119 1 2 773 771 280 342
1854 4 4 1 119 1 2 183 551 173 830
1855 4 4 1 119 1 2 174 116 634 117
1856 4 4 1 119 1 1 344 90 16 48
1857 4 4 1 119 1 1 90 344 16 17
1858 4 5 1 119 2 1 -2 1068 1158 1077 1066
1859 4 4 1 119 1 2 855 992 853 971
1860 4 4 1 119 1 2 56 71 858 857
1861 4 5 1 119 2 2 -1 1052 1053 1249 1051
1862 4 4 1 119 1 2 1257 1060 1221 1445
1863 4 4 1 119 1 2 398 1312 951 285
1864 4 4 1 119 1 2 859 858 935 853
1865 4 4 1 119 1 2 1112 1382 389 629
1866 4 4 1 119 1 2 1362 574 829 830
1867 4 4 1 119 1 2 1290 574 1362 830
1868 4 4 1 119 1 2 1233 827 1204 1232
1869 4 4 1 119 1 2 1255 68 59 51
1870 4 4 1 119 1 2 1233 763 1232 1204
1871 4 4 1 119 1 2 804 806 817 820
1872 4 5 1 119 2 1 -2 1269 1042 650 293
1873 4 4 1 119 1 2 352 574 607 830
1874 4 4 1 119 1 2 574 1290 607 830
1875 4 4 1 119 1 2 860 1377 13 84
1876 4 4 1 119 1 1 839 739 841 1208
1877 4 4 1 119 1 2 64 60 1136 49
1878 4 5 1 119 2 2 -1 1443 1092 1128 1220
1879 4 4 1 119 1 1 728 139 729 261
1880 4 4 1 119 1 1 275 438 850 740
1881 4 4 1 119 1 1 400 1399 669 370
1882 4 4 1 119 1 1 739 843 841 1208
1883 4 4 1 119 1 1 1208 839 840 841
1884 4 4 1 119 1 1 843 1208 840 841
1885 4 4 1 119 1 1 844 843 840 841
1886 4 4 1 119 1 2 1356 1193 50 63
1887 4 5 1 119 2 1 -2 1057 1044 1331 1051
1888 4 4 1 119 1 1 767 844 840 841
1889 4 4 1 119 1 2 862 56 73 858
1890 4 4 1 119 1 2 553 121 407 1198
1891 4 4 1 119 1 2 859 83 858 73
1892 4 4 1 119 1 2 627 1416 1378 1375
1893 4 4 1 119 1 2 188 824 1237 1238
1894 4 4 1 119 1 2 306 1388 544 631
1895 4 4 1 119 1 2 176 1025 1322 1323
1896 4 4 1 119 1 2 937 936 1324 897
1897 4 4 1 119 1 2 243 245 1237 1172
1898 4 4 1 119 1 2 1005 1004 622 863
1899 4 4 1 119 1 2 1416 599 1375 368
1900 4 4 1 119 1 2 1416 78 863 1375
1901 4 4 1 119 1 2 46 725 1449 86
1902 4 4 1 119 1 1 95 139 729 210
1903 4 4 1 119 1 1 739 839 842 1314
1904 4 4 1 119 1 1 161 687 258 162
1905 4 4 1 119 1 2 866 867 874 873
1906 4 4 1 119 1 1 749 881 933 1019
1907 4 4 1 119 1 2 229 1420 874 223
1908 4 4 1 119 1 2 793 1420 874 229
1909 4 4 1 119 1 1 727 728 260 1012
1910 4 4 1 119 1 1 661 1384 769 1352
1911 4 4 1 119 1 2 223 1420 874 1401
1912 4 4 1 119 1 1 735 734 256 742
1913 4 4 1 119 1 2 790 223 874 1401
1914 4 4 1 119 1 2 381 1151 1297 672
1915 4 4 1 119 1 2 1178 1175 764 1177
1916 4 4 1 119 1 2 621 375 566 1379
1917 4 4 1 119 1 2 1401 790 791 874
1918 4 4 1 119 1 2 1152 621 566 1379
1919 4 4 1 119 1 2 1420 1401 791 874
1920 4 4 1 119 1 1 1124 1261 1138 1262
1921 4 5 1 119 2 1 -2 1426 703 949 1092
1922 4 4 1 119 1 2 1134 539 1254 1059
1923 4 4 1 119 1 1 768 769 908 846
1924 4 4 1 119 1 1 1278 237 976 919
1925 4 4 1 119 1 1 942 1277 888 1138
1926 4 4 1 119 1 1 209 727 1012 728
1927 4 4 1 119 1 1 251 909 956 847
1928 4 4 1 119 1 2 249 1323 1236 797
1929 4 4 1 119 1 1 1261 1124 1138 1083
1930 4 4 1 119 1 1 892 943 1348 1138
1931 4 4 1 119 1 2 568 574 490 1362
1932 4 4 1 119 1 1 1291 434 1348 885
1933 4 4 1 119 1 2 83 860 935 758
1934 4 4 1 119 1 2 627 863 622 1375
1935 4 4 1 119 1 2 939 220 875 225
1936 4 4 1 119 1 2 1374 862 1375 358
1937 4 4 1 119 1 2 1135 535 422 1334
1938 4 4 1 119 1 2 1000 999 1094 891
1939 4 4 1 119 1 2 804 870 896 805
1940 4 4 1 119 1 2 49 52 863 1005
1941 4 4 1 119 1 2 870 804 896 964
1942 4 4 1 119 1 2 1400 1176 1392 1183
1943 4 4 1 119 1 2 980 807 802 979
1944 4 4 1 119 1 2 1409 244 242 236
1945 4 4 1 119 1 2 207 188 200 1240
1946 4 4 1 119 1 2 795 804 979 807
1947 4 4 1 119 1 2 6 212 74 5
1948 4 4 1 119 1 2 807 795 802 979
1949 4 4 1 119 1 1 851 455 907 430
1950 4 4 1 119 1 1 449 275 850 1017
1951 4 4 1 119 1 2 806 854 819 853
1952 4 4 1 119 1 2 1152 1185 764 1187
1953 4 4 1 119 1 2 1185 174 1295 168
1954 4 4 1 119 1 1 455 449 430 1017
1955 4 4 1 119 1 1 910 905 912 918
1956 4 4 1 119 1 2 114 570 175 115
1957 4 4 1 119 1 2 1383 591 295 552
1958 4 4 1 119 1 2 94 153 228 255
1959 4 4 1 119 1 2 221 904 902 869
1960 4 4 1 119 1 2 894 898 896 963
1961 4 4 1 119 1 2 756 867 928 939
1962 4 4 1 119 1 1 906 1016 918 312
1963 4 4 1 119 1 2 805 804 477 643
1964 4 4 1 119 1 1 851 850 908 1017
1965 4 4 1 119 1 1 920 933 919 934
1966 4 4 1 119 1 2 120 551 173 183
1967 4 4 1 119 1 2 407 352 1198 311
1968 4 4 1 119 1 2 854 806 808 1312
1969 4 4 1 119 1 1 449 850 851 1017
1970 4 4 1 119 1 2 794 804 805 643
1971 4 4 1 119 1 2 829 1245 1320 1325
1972 4 4 1 119 1 2 826 805 899 893
1973 4 4 1 119 1 2 1053 1366 1132 1094
1974 4 4 1 119 1 2 1025 176 199 211
1975 4 4 1 119 1 1 851 455 430 1017
1976 4 4 1 119 1 2 900 972 973 974
1977 4 4 1 119 1 2 859 860 861 759
1978 4 4 1 119 1 2 771 219 901 217
1979 4 4 1 119 1 2 217 221 224 902
1980 4 4 1 119 1 2 855 983 820 852
1981 4 4 1 119 1 2 868 904 770 902
1982 4 4 1 119 1 2 876 452 871 899
1983 4 4 1 119 1 2 876 452 899 893
1984 4 4 1 119 1 1 914 925 919 933
1985 4 4 1 119 1 2 807 822 979 825
1986 4 4 1 119 1 2 1366 1053 891 1094
1987 4 4 1 119 1 2 305 429 1001 545
1988 4 4 1 119 1 2 799 811 1395 1440
1989 4 4 1 119 1 2 987 970 971 786
1990 4 4 1 119 1 1 910 914 908 918
1991 4 4 1 119 1 2 308 951 962 820
1992 4 4 1 119 1 2 782 249 248 1265
1993 4 4 1 119 1 2 42 43 67 476
1994 4 4 1 119 1 1 486 312 918 912
1995 4 4 1 119 1 2 982 988 308 983
1996 4 4 1 119 1 1 698 486 918 912
1997 4 4 1 119 1 2 899 647 454 900
1998 4 4 1 119 1 1 486 698 918 312
1999 4 4 1 119 1 2 1377 1376 861 1317
2000 4 4 1 119 1 1 905 851 907 908
2001 4 4 1 119 1 1 906 905 907 908
2002 4 5 1 119 2 1 -2 1042 1269 650 1270
2003 4 4 1 119 1 2 1257 1444 1054 950
2004 4 5 1 119 2 2 -1 1427 1218 1221 1220
2005 4 4 1 119 1 1 1082 1124 1083 1089
2006 4 4 1 119 1 1 1351 1125 1287 1073
2007 4 4 1 119 1 1 943 948 1214 746
2008 4 4 1 119 1 2 1003 68 10 240
2009 4 4 1 119 1 2 822 826 359 807
2010 4 4 1 119 1 2 684 627 368 1416
2011 4 4 1 119 1 2 806 804 817 808
2012 4 4 1 119 1 2 870 804 967 893
2013 4 4 1 119 1 2 865 791 274 792
2014 4 4 1 119 1 2 287 546 663 1367
2015 4 4 1 119 1 2 1378 52 515 37
2016 4 4 1 119 1 2 1109 1211 520 700
2017 4 4 1 119 1 1 922 730 929 1028
2018 4 5 1 119 2 1 -2 1215 1220 87 1216
2019 4 4 1 119 1 2 1024 482 497 451
2020 4 4 1 119 1 1 920 1278 976 919
2021 4 4 1 119 1 2 173 1244 1418 194
2022 4 4 1 119 1 2 568 1290 607 1362
2023 4 4 1 119 1 1 729 728 1028 730
2024 4 4 1 119 1 1 155 729 1028 251
2025 4 4 1 119 1 2 1000 243 1172 241
2026 4 4 1 119 1 2 624 1345 1297 1153
2027 4 4 1 119 1 2 591 355 1371 390
2028 4 4 1 119 1 2 1339 1201 830 1232
2029 4 4 1 119 1 2 574 1245 490 1362
2030 4 4 1 119 1 2 1024 341 342 773
2031 4 4 1 119 1 2 1234 1239 824 1237
2032 4 4 1 119 1 2 568 1340 1231 1362
2033 4 4 1 119 1 1 913 911 908 919
2034 4 4 1 119 1 2 1014 276 444 342
2035 4 4 1 119 1 2 865 416 274 791
2036 4 4 1 119 1 2 971 986 939 875
2037 4 4 1 119 1 1 734 728 1028 261
2038 4 4 1 119 1 1 309 441 940 447
2039 4 4 1 119 1 1 883 780 885 940
2040 4 4 1 119 1 1 483 273 975 459
2041 4 4 1 119 1 1 1019 755 761 1018
2042 4 4 1 119 1 1 275 449 850 438
2043 4 4 1 119 1 1 1124 1262 1138 1281
2044 4 4 1 119 1 1 1384 664 430 769
2045 4 4 1 119 1 1 883 780 940 879
2046 4 4 1 119 1 1 888 883 885 940
2047 4 4 1 119 1 2 1014 469 444 1029
2048 4 4 1 119 1 2 903 419 318 427
2049 4 4 1 119 1 2 469 336 1419 280
2050 4 4 1 119 1 2 865 871 1015 313
2051 4 4 1 119 1 2 772 414 313 427
2052 4 4 1 119 1 2 223 683 1401 145
2053 4 4 1 119 1 1 1283 888 885 940
2054 4 4 1 119 1 1 1217 948 943 944
2055 4 4 1 119 1 1 906 312 918 316
2056 4 4 1 119 1 1 1262 887 1138 1281
2057 4 5 1 119 2 1 -2 1222 1346 1084 1089
2058 4 4 1 119 1 2 569 35 63 1380
2059 4 5 1 119 2 2 -1 72 1218 1216 87
2060 4 4 1 119 1 2 620 1360 376 625
2061 4 4 1 119 1 1 605 1081 354 1061
2062 4 4 1 119 1 1 237 250 880 253
2063 4 4 1 119 1 1 1081 605 354 506
2064 4 4 1 119 1 1 845 1121 1286 1226
2065 4 4 1 119 1 1 843 705 289 1432
2066 4 4 1 119 1 2 1415 1000 1414 1308
2067 4 4 1 119 1 1 888 887 879 1281
2068 4 4 1 119 1 2 1104 1299 1144 864
2069 4 4 1 119 1 2 961 412 477 404
2070 4 5 1 119 2 2 -1 184 1365 1253 202
2071 4 4 1 119 1 1 1316 1080 1314 1329
2072 4 4 1 119 1 2 854 852 820 951
2073 4 4 1 119 1 1 1277 1261 880 1281
2074 4 4 1 119 1 2 992 987 935 853
2075 4 4 1 119 1 1 1277 942 888 880
2076 4 4 1 119 1 1 1090 1083 1138 1089
2077 4 4 1 119 1 2 804 816 806 962
2078 4 4 1 119 1 2 296 1209 558 1319
2079 4 4 1 119 1 2 590 539 1319 1254
2080 4 4 1 119 1 2 866 871 962 1015
2081 4 4 1 119 1 2 871 876 962 966
2082 4 4 1 119 1 2 1299 1008 625 1144
2083 4 4 1 119 1 2 1004 1268 1369 996
2084 4 4 1 119 1 2 647 1246 665 1320
2085 4 4 1 119 1 2 1391 1336 798 1441
2086 4 4 1 119 1 2 861 953 819 759
2087 4 4 1 119 1 1 562 1292 946 1293
2088 4 4 1 119 1 2 971 855 928 853
2089 4 4 1 119 1 1 269 1280 886 425
2090 4 4 1 119 1 1 664 1384 430 661
2091 4 4 1 119 1 1 488 882 916 698
2092 4 4 1 119 1 2 866 872 820 928
2093 4 4 1 119 1 2 1302 1303 1304 1392
2094 4 4 1 119 1 2 805 826 666 893
2095 4 4 1 119 1 2 1189 492 1001 1390
2096 4 4 1 119 1 2 980 393 981 1373
2097 4 4 1 119 1 2 961 437 308 962
2098 4 4 1 119 1 2 789 1335 803 809
2099 4 4 1 119 1 2 1245 574 829 1362
2100 4 4 1 119 1 2 1339 351 1231 1290
2101 4 4 1 119 1 2 437 872 308 962
2102 4 4 1 119 1 2 351 568 1290 607
2103 4 4 1 119 1 2 1174 356 696 1169
2104 4 4 1 119 1 2 1296 243 1237 1172
2105 4 4 1 119 1 2 872 855 928 875
2106 4 4 1 119 1 2 793 772 313 427
2107 4 5 1 119 2 2 -1 837 1158 1034 244
2108 4 4 1 119 1 2 1178 1388 306 1153
2109 4 4 1 119 1 2 1179 571 1436 1403
2110 4 4 1 119 1 2 1114 1101 1111 1414
2111 4 5 1 119 2 2 -1 1043 1130 1408 1132
2112 4 4 1 119 1 1 1394 1399 1314 842
2113 4 4 1 119 1 2 667 267 266 1111
2114 4 4 1 119 1 2 1307 1423 1436 1309
2115 4 4 1 119 1 2 777 1202 1241 1199
2116 4 4 1 119 1 2 936 937 973 775
2117 4 4 1 119 1 2 937 936 973 1324
2118 4 4 1 119 1 1 601 383 1350 513
2119 4 5 1 119 2 1 -2 1342 302 1386 1062
2120 4 4 1 119 1 1 1037 1156 1269 1038
2121 4 4 1 119 1 2 208 379 1250 711
2122 4 4 1 119 1 1 1316 1068 1159 1080
2123 4 4 1 119 1 2 374 1118 1318 656
2124 4 5 1 119 2 2 -1 1422 1042 1040 1032
2125 4 4 1 119 1 2 636 1385 589 540
2126 4 4 1 119 1 2 80 13 781 14
2127 4 4 1 119 1 2 1021 828 1434 1302
2128 4 4 1 119 1 2 1303 979 1441 798
2129 4 5 1 119 2 2 -1 1410 1077 1249 1039
2130 4 4 1 119 1 2 638 680 667 1114
2131 4 4 1 119 1 2 249 797 248 1265
2132 4 4 1 119 1 2 238 254 781 14
2133 4 4 1 119 1 2 1266 783 1369 1336
2134 4 4 1 119 1 2 796 1266 797 1265
2135 4 4 1 119 1 2 823 822 979 1247
2136 4 4 1 119 1 2 212 215 985 984
2137 4 4 1 119 1 2 954 854 1271 858
2138 4 4 1 119 1 1 832 767 840 841
2139 4 4 1 119 1 2 991 788 992 995
2140 4 4 1 119 1 2 992 69 994 995
2141 4 4 1 119 1 2 69 992 856 995
2142 4 4 1 119 1 1 851 911 907 908
2143 4 4 1 119 1 2 992 788 856 995
2144 4 4 1 119 1 2 1449 969 82 86
2145 4 4 1 119 1 2 860 781 248 952
2146 4 4 1 119 1 2 597 410 821 285
2147 4 4 1 119 1 2 760 633 463 1449
2148 4 4 1 119 1 2 987 992 971 853
2149 4 4 1 119 1 2 186 672 113 190
2150 4 4 1 119 1 2 329 994 79 995
2151 4 4 1 119 1 2 699 1305 628 1098
2152 4 5 1 119 2 2 -1 837 1157 1033 1034
2153 4 5 1 119 2 1 -2 1057 1338 1331 1048
2154 4 4 1 119 1 2 512 1185 634 691
2155 4 4 1 119 1 2 998 1136 1369 1359
2156 4 4 1 119 1 2 1389 1268 996 1006
2157 4 4 1 119 1 2 1361 1009 1001 1193
2158 4 5 1 119 2 1 -2 1090 1085 1066 1083
2159 4 4 1 119 1 1 275 431 1017 455
2160 4 4 1 119 1 2 1143 1300 1001 1193
2161 4 4 1 119 1 2 1008 1099 582 291
2162 4 4 1 119 1 2 254 238 985 215
2163 4 4 1 119 1 2 1284 585 378 1285
2164 4 4 1 119 1 2 1301 1300 1001 1143
2165 4 4 1 119 1 2 1134 1438 1254 637
2166 4 4 1 119 1 2 1010 1389 1390 1006
2167 4 4 1 119 1 2 1268 1389 1010 1006
2168 4 5 1 119 2 1 -2 137 1404 170 833
2169 4 4 1 119 1 2 811 1180 1183 1303
2170 4 4 1 119 1 2 715 355 390 1434
2171 4 4 1 119 1 2 721 547 473 1439
2172 4 4 1 119 1 2 393 626 572 1373
2173 4 4 1 119 1 2 1153 306 583 631
2174 4 4 1 119 1 2 64 60 50 1359
2175 4 4 1 119 1 2 1356 1361 1001 1193
2176 4 4 1 119 1 2 1357 784 1359 1358
2177 4 4 1 119 1 2 1300 1357 1001 1193
2178 4 4 1 119 1 1 1223 1224 1225 1346
2179 4 4 1 119 1 1 1272 1274 598 616
2180 4 4 1 119 1 1 360 1406 380 682
2181 4 5 1 119 2 1 -2 1426 949 752 1092
2182 4 4 1 119 1 1 1405 360 690 563
2183 4 4 1 119 1 2 212 970 74 5
2184 4 4 1 119 1 2 1443 77 653 724
2185 4 4 1 119 1 2 49 78 73 863
2186 4 4 1 119 1 2 856 788 852 858
2187 4 4 1 119 1 2 1135 1004 1007 996
2188 4 5 1 119 2 1 -2 528 651 302 1342
2189 4 4 1 119 1 1 740 905 922 1017
2190 4 4 1 119 1 2 1052 1054 240 1133
2191 4 4 1 119 1 2 429 492 996 1001
2192 4 5 1 119 2 2 -1 588 511 362 1331
2193 4 5 1 119 2 1 -2 1048 1047 1194 1039
2194 4 5 1 119 2 1 -2 1091 1087 945 752
2195 4 4 1 119 1 1 1283 284 612 447
2196 4 4 1 119 1 1 750 751 941 456
2197 4 4 1 119 1 1 1272 530 1139 391
2198 4 4 1 119 1 1 744 90 91 747
2199 4 4 1 119 1 1 885 284 447 941
2200 4 4 1 119 1 1 931 942 250 880
2201 4 4 1 119 1 1 1127 1126 543 1166
2202 4 4 1 119 1 1 947 8 89 91
2203 4 4 1 119 1 1 319 960 753 460
2204 4 5 1 119 2 1 -2 1068 1316 1159 1157
2205 4 5 1 119 2 1 -2 1396 1046 1397 1270
2206 4 4 1 119 1 2 1189 545 1098 1001
2207 4 4 1 119 1 1 849 769 1353 846
2208 4 4 1 119 1 1 921 925 933 258
2209 4 4 1 119 1 1 740 275 1017 850
2210 4 4 1 119 1 1 1387 486 916 912
2211 4 5 1 119 2 1 -2 1079 1066 252 247
2212 4 4 1 119 1 1 1261 1278 1262 1260
2213 4 4 1 119 1 2 1163 1052 1054 950
2214 4 5 1 119 2 1 -2 1219 250 246 1216
2215 4 4 1 119 1 1 905 910 922 1017
2216 4 4 1 119 1 1 1354 646 413 617
2217 4 4 1 119 1 1 1327 1071 1045 765
2218 4 4 1 119 1 1 1327 843 1075 739
2219 4 5 1 119 2 1 -2 833 137 1230 251
2220 4 4 1 119 1 1 850 740 922 1017
2221 4 4 1 119 1 1 1046 575 1075 1045
2222 4 4 1 119 1 1 843 1228 1327 1207
2223 4 4 1 119 1 1 481 486 488 916
2224 4 4 1 119 1 1 932 960 753 754
2225 4 4 1 119 1 1 943 892 885 746
2226 4 4 1 119 1 1 920 882 916 1279
2227 4 4 1 119 1 1 846 848 847 908
2228 4 5 1 119 2 1 -2 1061 1162 1056 1084
2229 4 4 1 119 1 1 947 8 253 250
2230 4 5 1 119 2 1 -2 1289 1091 1087 1084
2231 4 4 1 119 1 1 931 745 747 965
2232 4 4 1 119 1 1 910 905 908 1017
2233 4 4 1 119 1 1 1283 888 940 1281
2234 4 4 1 119 1 1 907 906 908 918
2235 4 4 1 119 1 1 848 850 922 1017
2236 4 4 1 119 1 1 483 658 319 761
2237 4 4 1 119 1 1 959 750 277 461
2238 4 4 1 119 1 1 926 925 924 256
2239 4 4 1 119 1 1 261 734 924 1028
2240 4 4 1 119 1 2 772 414 1014 877
2241 4 4 1 119 1 2 772 793 313 877
2242 4 4 1 119 1 2 1025 234 774 902
2243 4 4 1 119 1 2 822 823 1241 1247
2244 4 4 1 119 1 2 1015 865 475 418
2245 4 4 1 119 1 1 922 734 1028 924
2246 4 4 1 119 1 2 131 94 228 255
2247 4 4 1 119 1 2 783 998 60 1136
2248 4 4 1 119 1 2 411 41 56 42
2249 4 4 1 119 1 1 735 734 924 261
2250 4 5 1 119 2 1 -2 1332 1333 1048 1039
2251 4 4 1 119 1 2 759 1377 1265 952
2252 4 4 1 119 1 2 1192 1357 1359 1001
2253 4 4 1 119 1 2 783 1377 60 998
2254 4 5 1 119 2 1 -2 1057 1332 1048 1039
2255 4 4 1 119 1 2 900 276 417 454
2256 4 4 1 119 1 2 1264 953 1265 952
2257 4 4 1 119 1 2 546 394 1284 585
2258 4 4 1 119 1 1 1156 1047 1337 1160
2259 4 4 1 119 1 2 363 512 1205 1370
2260 4 4 1 119 1 1 1156 1160 1337 1155
2261 4 4 1 119 1 2 801 1235 1242 823
2262 4 4 1 119 1 2 973 185 1199 974
2263 4 4 1 119 1 2 966 893 967 477
2264 4 4 1 119 1 1 1196 1332 264 1194
2265 4 4 1 119 1 1 1196 264 262 1194
2266 4 4 1 119 1 2 1383 828 825 1023
2267 4 4 1 119 1 2 816 821 1312 806
2268 4 4 1 119 1 2 586 287 663 954
2269 4 4 1 119 1 2 581 287 586 954
2270 4 4 1 119 1 2 1325 900 665 1320
2271 4 4 1 119 1 2 407 1198 451 311
2272 4 5 1 119 2 2 -1 1410 1043 1131 1040
2273 4 4 1 119 1 2 1435 1442 1304 809
2274 4 4 1 119 1 2 777 1202 1199 193
2275 4 4 1 119 1 2 1180 1174 1243 1182
2276 4 4 1 119 1 2 1418 674 691 1205
2277 4 4 1 119 1 2 826 899 900 1320
2278 4 4 1 119 1 1 1090 1277 250 1349
2279 4 4 1 119 1 1 192 196 654 842
2280 4 4 1 119 1 1 889 564 1282 1348
2281 4 4 1 119 1 2 1000 240 891 236
2282 4 5 1 119 2 1 -2 1195 1197 1044 1050
2283 4 4 1 119 1 1 1272 1140 1274 1273
2284 4 5 1 119 2 2 -1 511 689 1413 1050
2285 4 5 1 119 2 2 -1 498 587 688 1248
2286 4 4 1 119 1 1 1127 1126 1166 1259
2287 4 4 1 119 1 1 661 413 769 286
2288 4 4 1 119 1 1 462 664 769 430
2289 4 4 1 119 1 2 278 443 982 988
2290 4 4 1 119 1 2 986 970 212 216
2291 4 4 1 119 1 2 479 278 990 993
2292 4 4 1 119 1 2 343 760 1030 1447
2293 4 5 1 119 2 2 -1 1044 1043 1050 1408
2294 4 4 1 119 1 2 895 894 770 897
2295 4 4 1 119 1 2 349 1446 787 968
2296 4 4 1 119 1 2 1371 1174 1021 1183
2297 4 4 1 119 1 2 893 643 477 415
2298 4 5 1 119 2 1 -2 1043 1195 1044 1050
2299 4 4 1 119 1 2 437 961 412 468
2300 4 4 1 119 1 2 54 856 935 83
2301 4 4 1 119 1 2 398 816 951 1312
2302 4 4 1 119 1 1 154 237 934 977
2303 4 4 1 119 1 1 1229 844 840 1353
2304 4 4 1 119 1 1 923 424 472 742
2305 4 4 1 119 1 1 661 1384 430 769
2306 4 4 1 119 1 1 481 309 1279 488
2307 4 4 1 119 1 1 753 932 754 1018
2308 4 4 1 119 1 2 859 819 952 759
2309 4 4 1 119 1 2 1107 1211 1129 520
2310 4 5 1 119 2 2 -1 1407 498 688 1248
2311 4 4 1 119 1 2 936 1014 276 877
2312 4 4 1 119 1 1 550 1196 262 1197
2313 4 4 1 119 1 2 1169 1178 428 1428
2314 4 4 1 119 1 2 1317 953 808 955
2315 4 4 1 119 1 2 199 185 1199 973
2316 4 4 1 119 1 2 171 1024 778 180
2317 4 4 1 119 1 2 1294 1295 1182 1243
2318 4 4 1 119 1 2 131 1025 776 228
2319 4 4 1 119 1 2 229 901 224 874
2320 4 4 1 119 1 1 486 457 312 912
2321 4 4 1 119 1 1 481 761 916 1279
2322 4 4 1 119 1 1 921 162 256 258
2323 4 4 1 119 1 1 881 920 975 916
2324 4 4 1 119 1 1 746 888 944 885
2325 4 4 1 119 1 1 850 848 908 1017
2326 4 4 1 119 1 1 409 408 286 768
2327 4 4 1 119 1 1 1125 1121 1287 1073
2328 4 4 1 119 1 1 257 154 258 977
2329 4 4 1 119 1 1 914 1387 933 920
2330 4 5 1 119 2 1 -2 1061 1346 1084 1347
2331 4 4 1 119 1 1 910 735 924 919
2332 4 4 1 119 1 1 746 1292 1293 946
2333 4 4 1 119 1 1 455 906 1017 907
2334 4 4 1 119 1 2 953 759 1265 952
2335 4 4 1 119 1 2 778 936 973 775
2336 4 4 1 119 1 2 938 868 770 902
2337 4 4 1 119 1 2 773 282 345 280
2338 4 4 1 119 1 2 221 1025 234 228
2339 4 5 1 119 2 1 -2 1346 1091 1084 1347
2340 4 4 1 119 1 1 1261 1277 250 1083
2341 4 4 1 119 1 1 750 959 747 779
2342 4 4 1 119 1 1 932 931 747 965
2343 4 4 1 119 1 1 645 434 1292 562
2344 4 4 1 119 1 1 1402 562 946 1293
2345 4 4 1 119 1 1 762 1074 1072 1082
2346 4 5 1 119 2 1 -2 1333 1332 1072 1039
2347 4 4 1 119 1 1 750 448 941 780
2348 4 4 1 119 1 1 1048 1081 1076 1072
2349 4 4 1 119 1 1 959 960 460 753
2350 4 4 1 119 1 1 1019 483 485 1018
2351 4 4 1 119 1 2 272 804 477 962
2352 4 4 1 119 1 2 986 970 984 212
2353 4 4 1 119 1 2 867 756 873 939
2354 4 4 1 119 1 2 964 785 797 963
2355 4 4 1 119 1 2 817 1264 1265 952
2356 4 4 1 119 1 1 1048 1057 1081 1072
2357 4 4 1 119 1 2 969 970 216 85
2358 4 4 1 119 1 2 230 757 875 225
2359 4 5 1 119 2 2 -1 1091 1427 1219 1084
2360 4 4 1 119 1 2 306 1178 428 544
2361 4 4 1 119 1 2 1010 1335 809 573
2362 4 4 1 119 1 2 828 1383 825 1021
2363 4 4 1 119 1 2 1437 1176 1183 1392
2364 4 4 1 119 1 2 802 1267 1363 814
2365 4 4 1 119 1 2 215 986 939 984
2366 4 4 1 119 1 2 992 855 853 852
2367 4 4 1 119 1 2 69 54 71 856
2368 4 4 1 119 1 2 757 989 322 875
2369 4 5 1 119 2 1 -2 1069 1088 1072 1084
2370 4 4 1 119 1 2 986 970 757 786
2371 4 4 1 119 1 2 1233 763 1243 1023
2372 4 4 1 119 1 2 994 489 968 990
2373 4 4 1 119 1 2 571 693 1423 1403
2374 4 4 1 119 1 2 1190 1189 1001 996
2375 4 4 1 119 1 2 1054 950 240 1133
2376 4 4 1 119 1 2 861 49 73 862
2377 4 4 1 119 1 2 657 1104 1254 1319
2378 4 4 1 119 1 2 239 1323 1236 245
2379 4 5 1 119 2 1 -2 1069 1085 1084 1083
2380 4 4 1 119 1 2 877 899 454 900
2381 4 4 1 119 1 2 903 419 464 470
2382 4 4 1 119 1 1 1328 1230 957 1078
2383 4 4 1 119 1 2 414 452 877 313
2384 4 4 1 119 1 2 676 219 470 1419
2385 4 4 1 119 1 2 936 1024 491 342
2386 4 4 1 119 1 2 414 772 313 877
2387 4 5 1 119 2 1 -2 1123 1328 1067 252
2388 4 5 1 119 2 1 -2 1066 1069 1067 1083
2389 4 5 1 119 2 1 -2 1079 1066 1067 252
2390 4 4 1 119 1 2 1200 1202 974 1241
2391 4 5 1 119 2 1 -2 1328 1079 1067 252
2392 4 4 1 119 1 2 179 122 172 1198
2393 4 4 1 119 1 2 133 1323 239 776
2394 4 4 1 119 1 2 773 233 204 345
2395 4 4 1 119 1 2 255 153 869 239
2396 4 5 1 119 2 2 -1 837 1077 1088 1249
2397 4 4 1 119 1 2 1153 1186 1150 813
2398 4 5 1 119 2 1 -2 1316 1398 1157 834
2399 4 5 1 119 2 1 -2 1365 206 834 1398
2400 4 4 1 119 1 2 1147 187 835 1252
2401 4 4 1 119 1 1 1230 833 847 840
2402 4 5 1 119 2 2 -1 136 206 834 835
2403 4 5 1 119 2 1 -2 1057 1338 1165 1051
2404 4 5 1 119 2 2 -1 498 263 1413 1407
2405 4 4 1 119 1 1 595 1038 1155 1160
2406 4 5 1 119 2 1 -2 1123 1083 252 1067
2407 4 4 1 119 1 1 1063 1333 1072 1064
2408 4 4 1 119 1 1 1079 1328 1122 1078
2409 4 4 1 119 1 2 1097 1105 1095 1210
2410 4 5 1 119 2 1 -2 838 1069 1088 1066
2411 4 4 1 119 1 1 1068 1079 1078 1329
2412 4 4 1 119 1 2 539 1097 1059 508
2413 4 4 1 119 1 2 1409 1410 1131 1034
2414 4 4 1 119 1 2 1306 1190 1000 1308
2415 4 4 1 119 1 2 533 1129 1111 1408
2416 4 4 1 119 1 2 508 539 1319 296
2417 4 4 1 119 1 2 1345 1153 583 1116
2418 4 5 1 119 2 1 -2 1404 1316 137 181
2419 4 4 1 119 1 1 1328 1079 1329 1078
2420 4 4 1 119 1 1 739 1080 1208 1314
2421 4 4 1 119 1 1 909 910 929 924
2422 4 4 1 119 1 1 845 1121 1353 957
2423 4 4 1 119 1 1 1086 1167 1259 1137
2424 4 5 1 119 2 1 -2 1222 1091 945 752
2425 4 5 1 119 2 1 -2 1195 1156 1043 1047
2426 4 5 1 119 2 1 -2 1036 1398 834 1159
2427 4 4 1 119 1 1 1063 1064 1072 1073
2428 4 4 1 119 1 2 81 1444 72 1221
2429 4 5 1 119 2 1 -2 1217 1349 1216 250
2430 4 5 1 119 2 1 -2 1341 1342 1386 1062
2431 4 5 1 119 2 1 -2 1288 606 1289 576
2432 4 4 1 119 1 2 1058 1053 1094 1133
2433 4 4 1 119 1 2 1257 1256 1054 1133
2434 4 4 1 119 1 2 1003 1053 240 1133
2435 4 5 1 119 2 2 -1 77 72 1220 1221
2436 4 4 1 119 1 1 1213 892 945 1214
2437 4 4 1 119 1 2 1059 1058 1093 1133
2438 4 4 1 119 1 2 1134 1319 1254 1106
2439 4 4 1 119 1 2 1134 1059 1254 1319
2440 4 4 1 119 1 2 53 1360 1356 1143
2441 4 4 1 119 1 2 55 1134 1106 51
2442 4 4 1 119 1 2 58 59 1141 1143
2443 4 4 1 119 1 2 1129 611 1040 387
2444 4 4 1 119 1 2 1186 1153 1149 813
2445 4 4 1 119 1 2 1096 1093 1132 1094
2446 4 4 1 119 1 2 571 384 1364 388
2447 4 4 1 119 1 2 1294 1240 1295 1243
2448 4 4 1 119 1 2 1255 1003 1105 1210
2449 4 5 1 119 2 1 -2 1055 1057 1165 1051
2450 4 4 1 119 1 1 1121 957 1078 1122
2451 4 4 1 119 1 1 1076 1074 1274 516
2452 4 4 1 119 1 1 884 889 1282 1348
2453 4 4 1 119 1 1 1206 1344 1139 530
2454 4 4 1 119 1 2 1098 1189 1001 1100
2455 4 4 1 119 1 1 1277 1261 1138 1083
2456 4 4 1 119 1 2 1305 1103 1403 1098
2457 4 5 1 119 2 2 -1 1157 1033 1039 1077
2458 4 4 1 119 1 1 1332 641 518 264
2459 4 4 1 119 1 1 1140 1206 1139 530
2460 4 4 1 119 1 2 78 1416 39 599
2461 4 4 1 119 1 2 1439 548 473 1435
2462 4 4 1 119 1 2 699 639 1095 519
2463 4 4 1 119 1 2 1059 1058 508 1093
2464 4 4 1 119 1 2 1268 1006 1391 996
2465 4 4 1 119 1 2 535 627 1378 655
2466 4 4 1 119 1 2 1300 999 61 1142
2467 4 4 1 119 1 2 1294 812 1237 1181
2468 4 5 1 119 2 1 -2 1338 1057 1331 1051
2469 4 4 1 119 1 2 203 187 1022 1147
2470 4 4 1 119 1 2 1319 1104 1254 1106
2471 4 4 1 119 1 2 1054 1256 950 1133
2472 4 4 1 119 1 2 374 1145 672 381
2473 4 4 1 119 1 1 541 1160 1337 517
2474 4 5 1 119 2 1 -2 1066 246 1083 252
2475 4 5 1 119 2 2 -1 1365 206 184 1252
2476 4 4 1 119 1 1 353 575 1160 1045
2477 4 4 1 119 1 1 1156 1037 1071 1045
2478 4 5 1 119 2 1 -2 206 1398 1316 834
2479 4 5 1 119 2 1 -2 137 1230 252 1329
2480 4 4 1 119 1 2 1059 1134 1060 1133
2481 4 4 1 119 1 1 911 462 1259 1127
2482 4 4 1 119 1 2 1003 999 1094 1210
2483 4 4 1 119 1 1 1074 1140 516 268
2484 4 5 1 119 2 1 -2 1156 1037 1032 1039
2485 4 5 1 119 2 2 -1 1366 1409 1249 1131
2486 4 4 1 119 1 1 1168 527 522 1120
2487 4 4 1 119 1 2 1102 1097 1095 1210
2488 4 4 1 119 1 1 1196 1332 1194 1048
2489 4 4 1 119 1 2 693 1103 1423 1403
2490 4 4 1 119 1 2 1305 693 1403 1103
2491 4 4 1 119 1 2 1307 1305 1095 1100
2492 4 4 1 119 1 2 721 547 810 701
2493 4 4 1 119 1 2 1371 828 1434 1021
2494 4 4 1 119 1 2 1306 1301 1095 1210
2495 4 4 1 119 1 2 817 964 963 785
2496 4 4 1 119 1 2 1440 799 798 1391
2497 4 5 1 119 2 2 -1 1052 838 891 240
2498 4 4 1 119 1 2 1102 1002 1143 1210
2499 4 5 1 119 2 2 -1 1043 1410 1033 1040
2500 4 4 1 119 1 2 1004 1005 1359 1369
2501 4 4 1 119 1 2 811 800 1180 1303
2502 4 4 1 119 1 2 1141 65 1430 1106
2503 4 4 1 119 1 2 351 551 1290 1339
2504 4 4 1 119 1 2 122 179 407 1198
2505 4 4 1 119 1 2 1340 614 613 1023
2506 4 4 1 119 1 2 1239 1234 1203 1243
2507 4 4 1 119 1 2 568 351 1290 1362
2508 4 4 1 119 1 2 642 1184 763 1023
2509 4 4 1 119 1 2 827 822 1340 1232
2510 4 4 1 119 1 2 207 188 1296 203
2511 4 5 1 119 2 2 -1 644 1422 293 650
2512 4 4 1 119 1 2 1239 1240 1237 1181
2513 4 4 1 119 1 2 1382 1112 1115 1309
2514 4 4 1 119 1 2 1322 777 1199 199
2515 4 4 1 119 1 2 1372 1411 1131 1111
2516 4 4 1 119 1 2 1300 1301 999 1210
2517 4 4 1 119 1 1 606 605 1061 1347
2518 4 4 1 119 1 2 1003 1255 1142 1210
2519 4 4 1 119 1 2 1107 1211 1109 1150
2520 4 5 1 119 2 2 -1 1343 1163 1084 1055
2521 4 4 1 119 1 2 1110 1148 1150 1117
2522 4 4 1 119 1 1 1275 600 940 886
2523 4 4 1 119 1 1 1426 949 1213 1214
2524 4 4 1 119 1 1 1277 887 888 1138
2525 4 4 1 119 1 2 937 1025 776 743
2526 4 4 1 119 1 2 1145 1146 813 1150
2527 4 4 1 119 1 2 292 1211 1116 700
2528 4 4 1 119 1 2 1179 1189 1006 357
2529 4 4 1 119 1 2 1112 292 1116 700
2530 4 4 1 119 1 2 1242 1021 1303 825
2531 4 4 1 119 1 2 818 756 952 963
2532 4 4 1 119 1 2 614 290 613 1023
2533 4 4 1 119 1 2 183 1198 830 172
2534 4 4 1 119 1 2 176 777 199 193
2535 4 4 1 119 1 2 205 1024 972 171
2536 4 4 1 119 1 1 366 664 1384 1127
2537 4 4 1 119 1 2 568 523 1231 613
2538 4 4 1 119 1 2 437 961 308 412
2539 4 4 1 119 1 2 578 58 1104 671
2540 4 4 1 119 1 2 68 1255 1003 1256
2541 4 5 1 119 2 1 -2 1162 1055 1056 1084
2542 4 5 1 119 2 2 -1 75 24 25 686
2543 4 4 1 119 1 1 1262 882 1259 911
2544 4 5 1 119 2 1 -2 75 1220 87 1215
2545 4 4 1 119 1 2 458 791 445 875
2546 4 4 1 119 1 2 1268 1389 1368 1010
2547 4 4 1 119 1 2 1004 1268 955 1369
2548 4 4 1 119 1 2 954 854 808 1367
2549 4 4 1 119 1 2 410 788 857 821
2550 4 4 1 119 1 1 565 845 1226 1352
2551 4 4 1 119 1 2 1008 1009 1001 1361
2552 4 4 1 119 1 2 1170 356 1176 1183
2553 4 4 1 119 1 1 1121 1167 1259 1122
2554 4 4 1 119 1 1 931 932 976 965
2555 4 4 1 119 1 1 888 883 879 880
2556 4 4 1 119 1 1 1121 958 1287 1073
2557 4 4 1 119 1 1 277 750 753 780
2558 4 4 1 119 1 2 1218 1427 1444 950
2559 4 4 1 119 1 1 1081 1162 518 354
2560 4 4 1 119 1 1 594 576 354 1386
2561 4 4 1 119 1 1 1167 1126 1121 1259
2562 4 4 1 119 1 1 1258 664 592 543
2563 4 4 1 119 1 1 521 1258 592 332
2564 4 4 1 119 1 2 620 580 1360 1355
2565 4 4 1 119 1 1 889 1223 1225 1346
2566 4 4 1 119 1 2 421 1185 634 512
2567 4 4 1 119 1 2 1008 1009 625 1144
2568 4 4 1 119 1 2 712 723 719 1445
2569 4 4 1 119 1 1 605 1274 616 516
2570 4 4 1 119 1 2 1321 1031 1241 1247
2571 4 4 1 119 1 1 878 1275 940 1276
2572 4 4 1 119 1 2 1322 895 770 897
2573 4 4 1 119 1 2 877 871 897 868
2574 4 4 1 119 1 2 665 900 311 417
2575 4 4 1 119 1 1 250 931 880 253
2576 4 5 1 119 2 1 -2 1057 1048 1194 1039
2577 4 5 1 119 2 1 -2 1195 549 262 587
2578 4 4 1 119 1 1 1123 1083 1067 1122
2579 4 4 1 119 1 1 1332 1338 1048 1196
2580 4 5 1 119 2 1 -2 594 1341 302 1386
2581 4 4 1 119 1 1 522 1351 268 1073
2582 4 4 1 119 1 1 1280 884 1282 886
2583 4 4 1 119 1 1 1026 738 1027 978
2584 4 4 1 119 1 1 909 251 929 847
2585 4 4 1 119 1 2 580 1360 1355 1380
2586 4 4 1 119 1 1 488 1279 1276 1275
2587 4 4 1 119 1 2 953 954 955 863
2588 4 4 1 119 1 1 881 920 1279 1276
2589 4 4 1 119 1 2 1355 422 623 1380
2590 4 4 1 119 1 2 1360 53 1356 63
2591 4 4 1 119 1 2 1113 1109 1414 1309
2592 4 5 1 119 2 2 -1 837 1066 1088 1077
2593 4 5 1 119 2 1 -2 1042 1046 1159 1269
2594 4 4 1 119 1 2 243 1000 236 241
2595 4 4 1 119 1 2 998 799 241 1000
2596 4 5 1 119 2 1 -2 1081 1057 1084 1072
2597 4 4 1 119 1 2 859 861 819 759
2598 4 4 1 119 1 2 986 970 971 984
2599 4 4 1 119 1 2 804 794 807 795
2600 4 4 1 119 1 2 133 239 1236 245
2601 4 4 1 119 1 2 238 254 985 781
2602 4 4 1 119 1 2 355 591 1371 552
2603 4 4 1 119 1 2 1212 1173 1186 1171
2604 4 5 1 119 2 1 -2 1162 1081 1084 1061
2605 4 4 1 119 1 2 559 1211 1318 1116
2606 4 4 1 119 1 2 793 871 313 877
2607 4 4 1 119 1 2 1169 356 696 493
2608 4 4 1 119 1 2 1152 1178 1149 1187
2609 4 4 1 119 1 2 1418 194 1205 691
2610 4 5 1 119 2 1 -2 1088 1057 1072 1084
2611 4 4 1 119 1 2 1118 1251 191 1148
2612 4 4 1 119 1 1 1273 1124 1082 1089
2613 4 4 1 119 1 1 1086 1273 889 1138
2614 4 5 1 119 2 1 -2 1398 206 1316 202
2615 4 4 1 119 1 1 1081 605 1274 1061
2616 4 5 1 119 2 2 -1 208 1251 1253 184
2617 4 4 1 119 1 1 1086 1124 1273 1138
2618 4 4 1 119 1 2 1250 1251 1385 1422
2619 4 5 1 119 2 2 -1 1042 1036 1040 1033
2620 4 5 1 119 2 2 -1 206 187 1252 835
2621 4 4 1 119 1 2 1109 1114 1414 1309
2622 4 4 1 119 1 2 1108 1107 1040 1111
2623 4 4 1 119 1 1 1195 1047 1194 1337
2624 4 4 1 119 1 2 1175 1187 1182 1188
2625 4 4 1 119 1 1 1350 958 557 1326
2626 4 4 1 119 1 2 1178 1153 1149 1186
2627 4 4 1 119 1 1 1394 1393 669 304
2628 4 4 1 119 1 2 1294 1295 169 1188
2629 4 4 1 119 1 1 289 1207 557 299
2630 4 4 1 119 1 2 1146 189 1149 1298
2631 4 4 1 119 1 1 1207 609 557 1326
2632 4 4 1 119 1 1 958 1327 1326 1350
2633 4 4 1 119 1 2 1178 1175 1149 1187
2634 4 4 1 119 1 1 705 1432 370 640
2635 4 4 1 119 1 1 738 1119 177 1027
2636 4 4 1 119 1 1 1399 400 669 584
2637 4 4 1 119 1 2 1175 1178 1149 1186
2638 4 5 1 119 2 1 -2 947 8 250 9
2639 4 4 1 119 1 2 1008 305 625 1009
2640 4 4 1 119 1 2 55 29 1438 713
2641 4 4 1 119 1 1 1140 1074 1274 1273
2642 4 4 1 119 1 2 713 712 678 1438
2643 4 4 1 119 1 1 344 744 90 48
2644 4 4 1 119 1 1 88 499 20 66
2645 4 4 1 119 1 1 1063 353 507 1160
2646 4 4 1 119 1 1 575 601 609 1045
2647 4 4 1 119 1 1 353 1063 1045 1160
2648 4 4 1 119 1 1 1063 1064 1045 1160
2649 4 4 1 119 1 1 541 549 517 1337
2650 4 4 1 119 1 1 361 541 529 1155
2651 4 4 1 119 1 2 81 1134 76 1257
2652 4 4 1 119 1 1 1046 575 1161 1270
2653 4 4 1 119 1 2 1181 1294 1182 1243
2654 4 4 1 119 1 2 712 81 77 1443
2655 4 4 1 119 1 2 1295 764 1182 1177
2656 4 4 1 119 1 2 1112 1113 1150 1186
2657 4 4 1 119 1 2 1383 828 1243 1021
2658 4 4 1 119 1 2 1021 1242 1243 825
2659 4 4 1 119 1 2 828 1174 1177 1243
2660 4 4 1 119 1 2 1174 828 1021 1243
2661 4 4 1 119 1 2 1383 1184 1243 828
2662 4 4 1 119 1 1 1387 925 933 921
2663 4 4 1 119 1 2 64 60 1359 1136
2664 4 4 1 119 1 2 1361 1011 1007 996
2665 4 4 1 119 1 1 257 160 159 659
2666 4 4 1 119 1 2 1360 1009 1144 625
2667 4 4 1 119 1 2 1003 1094 1105 1210
2668 4 5 1 119 2 2 -1 294 719 651 1445
2669 4 4 1 119 1 2 1360 620 1009 625
2670 4 4 1 119 1 2 1233 827 1241 1204
2671 4 4 1 119 1 2 1244 1240 1204 1243
2672 4 4 1 119 1 2 1239 1180 1243 1181
2673 4 4 1 119 1 2 1233 825 1232 1023
2674 4 4 1 119 1 2 1104 671 1144 382
2675 4 4 1 119 1 2 1143 1002 1144 1001
2676 4 4 1 119 1 2 1339 1290 1231 1232
2677 4 4 1 119 1 2 1234 1241 1203 1204
2678 4 4 1 119 1 2 1234 1233 1241 1204
2679 4 4 1 119 1 2 1360 685 376 1144
2680 4 5 1 119 2 1 -2 1165 1338 1331 1051
2681 4 4 1 119 1 2 1144 1299 382 625
2682 4 4 1 119 1 2 1356 53 1193 63
2683 4 4 1 119 1 1 1406 1417 1214 1215
2684 4 4 1 119 1 2 1035 243 1000 236
2685 4 4 1 119 1 2 1256 68 76 10
2686 4 5 1 119 2 1 -2 1085 838 1066 1069
2687 4 4 1 119 1 1 949 1406 1214 1215
2688 4 4 1 119 1 1 1406 949 1417 1215
2689 4 5 1 119 2 1 -2 948 1217 87 89
2690 4 4 1 119 1 1 1020 1013 737 1026
2691 4 4 1 119 1 2 1191 1307 1436 1309
2692 4 4 1 119 1 2 402 1118 372 589
2693 4 4 1 119 1 2 379 1250 636 1422
2694 4 4 1 119 1 1 1020 99 1026 201
2695 4 4 1 119 1 2 1118 656 372 589
2696 4 4 1 119 1 1 392 366 1226 1126
2697 4 4 1 119 1 1 155 251 1028 924
2698 4 4 1 119 1 1 1121 1120 1286 1226
2699 4 4 1 119 1 1 697 105 654 192
2700 4 4 1 119 1 2 1024 205 972 179
2701 4 4 1 119 1 2 1112 1388 1186 1153
2702 4 4 1 119 1 2 1096 1093 1095 668
2703 4 4 1 119 1 2 812 1173 1188 1296
2704 4 4 1 119 1 1 1126 1120 1121 1226
2705 4 4 1 119 1 1 392 1120 1226 1286
2706 4 4 1 119 1 1 1120 392 1226 1126
2707 4 4 1 119 1 2 1234 1239 1237 1242
2708 4 4 1 119 1 1 1081 605 506 1274
2709 4 5 1 119 2 1 -2 504 528 1341 1342
2710 4 4 1 119 1 2 1132 1096 1413 534
2711 4 4 1 119 1 2 1134 1256 76 1257
2712 4 4 1 119 1 2 714 713 678 1438
2713 4 5 1 119 2 2 -1 838 240 246 244
2714 4 5 1 119 2 2 -1 702 1289 722 1062
2715 4 5 1 119 2 1 -2 1197 1195 1248 1050
2716 4 5 1 119 2 1 -2 498 1197 1248 1050
2717 4 5 1 119 2 1 -2 1055 1056 1386 1062
2718 4 4 1 119 1 2 386 1058 1093 508
2719 4 4 1 119 1 1 1196 550 262 264
2720 4 4 1 119 1 2 1008 632 628 582
2721 4 4 1 119 1 2 1058 511 534 1413
2722 4 4 1 119 1 2 1307 1103 1436 1423
2723 4 4 1 119 1 1 257 755 258 927
2724 4 4 1 119 1 1 320 424 472 923
2725 4 4 1 119 1 1 733 728 736 210
2726 4 4 1 119 1 2 263 689 1413 534
2727 4 4 1 119 1 1 488 882 1259 269
2728 4 4 1 119 1 2 984 756 985 952
2729 4 4 1 119 1 1 462 488 1259 269
2730 4 4 1 119 1 2 212 6 985 215
2731 4 4 1 119 1 2 781 782 952 985
2732 4 4 1 119 1 1 90 18 439 17
2733 4 4 1 119 1 1 462 882 1259 488
2734 4 4 1 119 1 1 1258 521 269 1259
2735 4 4 1 119 1 1 1280 1137 1259 521
2736 4 4 1 119 1 1 931 745 253 91
2737 4 5 1 119 2 2 -1 75 25 77 1424
2738 4 5 1 119 2 2 -1 670 686 1424 724
2739 4 4 1 119 1 1 89 88 779 91
2740 4 4 1 119 1 1 1262 1137 1259 1280
2741 4 4 1 119 1 2 1336 1268 1391 996
2742 4 4 1 119 1 2 37 52 57 618
2743 4 4 1 119 1 1 521 1280 269 1259
2744 4 4 1 119 1 1 1280 1262 269 1259
2745 4 4 1 119 1 2 6 80 74 781
2746 4 5 1 119 2 1 -2 400 1399 196 1397
2747 4 4 1 119 1 1 1314 192 842 1315
2748 4 4 1 119 1 2 873 904 226 869
2749 4 4 1 119 1 2 760 969 757 1310
2750 4 5 1 119 2 1 -2 584 679 1270 1396
2751 4 5 1 119 2 1 -2 679 584 1270 650
2752 4 4 1 119 1 1 1064 1071 765 1045
2753 4 5 1 119 2 2 -1 1422 1042 293 650
2754 4 4 1 119 1 2 374 1145 538 559
2755 4 4 1 119 1 1 584 303 304 1270
2756 4 4 1 119 1 1 1393 584 304 1270
2757 4 4 1 119 1 1 1046 1393 304 1270
2758 4 4 1 119 1 1 303 1046 304 1270
2759 4 4 1 119 1 1 1283 884 1281 1280
2760 4 4 1 119 1 2 763 1244 1205 1204
2761 4 4 1 119 1 1 1283 887 1281 884
2762 4 4 1 119 1 1 1137 1086 521 1282
2763 4 4 1 119 1 2 130 228 234 1025
2764 4 4 1 119 1 1 1086 1262 1281 1280
2765 4 4 1 119 1 1 1086 1124 1281 1262
2766 4 4 1 119 1 2 647 900 665 454
2767 4 4 1 119 1 1 884 889 1138 1281
2768 4 4 1 119 1 1 889 884 1280 1281
2769 4 4 1 119 1 2 1429 1185 512 1370
2770 4 4 1 119 1 1 925 735 924 256
2771 4 5 1 119 2 2 -1 1164 1343 1084 1055
2772 4 5 1 119 2 1 -2 890 1346 1084 1061
2773 4 4 1 119 1 2 133 1323 1236 239
2774 4 4 1 119 1 1 956 909 1260 908
2775 4 4 1 119 1 1 536 567 521 1282
2776 4 4 1 119 1 1 397 521 1282 886
2777 4 4 1 119 1 2 591 1371 552 828
2778 4 4 1 119 1 1 751 746 946 944
2779 4 4 1 119 1 2 961 1015 792 962
2780 4 4 1 119 1 1 921 162 466 256
2781 4 4 1 119 1 1 48 15 16 502
2782 4 4 1 119 1 1 327 457 921 424
2783 4 5 1 119 2 1 -2 1063 1156 1039 1064
2784 4 5 1 119 2 2 -1 1422 644 367 1253
2785 4 5 1 119 2 2 -1 505 1042 293 1032
2786 4 4 1 119 1 1 1063 1156 1064 1160
2787 4 4 1 119 1 1 434 564 1348 612
2788 4 4 1 119 1 1 549 1195 1194 1337
2789 4 4 1 119 1 1 885 434 1348 612
2790 4 5 1 119 2 1 -2 1068 1157 1159 1071
2791 4 4 1 119 1 2 590 657 1254 1319
2792 4 4 1 119 1 1 158 259 754 339
2793 4 4 1 119 1 1 525 499 1402 751
2794 4 4 1 119 1 1 884 889 1348 1138
2795 4 4 1 119 1 2 707 110 197 402
2796 4 4 1 119 1 1 888 942 883 880
2797 4 4 1 119 1 1 960 932 748 754
2798 4 4 1 119 1 1 947 1217 250 1349
2799 4 5 1 119 2 2 -1 1052 1053 891 1249
2800 4 4 1 119 1 2 240 1409 891 236
2801 4 4 1 119 1 2 1448 969 216 85
2802 4 4 1 119 1 2 46 633 82 1449
2803 4 4 1 119 1 2 4 1448 213 216
2804 4 4 1 119 1 2 991 788 993 983
2805 4 4 1 119 1 2 859 860 935 83
2806 4 4 1 119 1 1 746 948 946 944
2807 4 4 1 119 1 2 238 153 869 214
2808 4 4 1 119 1 1 62 1405 946 1402
2809 4 4 1 119 1 1 944 948 946 1402
2810 4 4 1 119 1 2 3 1448 4 82
2811 4 4 1 119 1 2 1114 638 520 667
2812 4 4 1 119 1 1 892 562 1292 1213
2813 4 5 1 119 2 2 -1 686 25 1424 724
2814 4 4 1 119 1 2 801 1247 979 896
2815 4 4 1 119 1 2 1189 492 545 1001
2816 4 5 1 119 2 2 -1 723 1443 670 722
2817 4 4 1 119 1 2 980 800 1303 1242
2818 4 4 1 119 1 2 189 1146 1149 190
2819 4 4 1 119 1 2 707 1118 579 372
2820 4 4 1 119 1 2 1434 548 1183 1435
2821 4 4 1 119 1 2 981 1434 1183 1435
2822 4 4 1 119 1 2 1296 1212 1022 1172
2823 4 4 1 119 1 2 393 614 825 828
2824 4 4 1 119 1 2 1241 823 825 1242
2825 4 4 1 119 1 2 1418 363 1205 603
2826 4 4 1 119 1 2 665 900 417 454
2827 4 4 1 119 1 2 810 1439 809 1392
2828 4 4 1 119 1 2 802 1373 1304 803
2829 4 5 1 119 2 2 -1 644 679 1253 1397
2830 4 4 1 119 1 2 903 793 772 874
2831 4 4 1 119 1 2 1004 955 1368 622
2832 4 4 1 119 1 2 599 1374 1375 652
2833 4 5 1 119 2 2 -1 679 644 1042 1397
2834 4 4 1 119 1 2 329 333 44 994
2835 4 5 1 119 2 1 -2 1046 1042 1397 1270
2836 4 4 1 119 1 2 141 1030 218 213
2837 4 4 1 119 1 2 1175 1187 1298 1149
2838 4 4 1 119 1 2 1146 1145 1149 190
2839 4 4 1 119 1 2 1152 175 1185 168
2840 4 5 1 119 2 1 -2 679 1396 1397 1270
2841 4 5 1 119 2 1 -2 1046 1042 1159 1397
2842 4 4 1 119 1 2 1395 1191 1392 1176
2843 4 4 1 119 1 1 780 878 940 879
2844 4 4 1 119 1 1 1277 887 1262 1281
2845 4 4 1 119 1 1 1086 567 536 1282
2846 4 5 1 119 2 1 -2 1080 1394 1397 1314
2847 4 5 1 119 2 1 -2 1393 1046 1159 1397
2848 4 5 1 119 2 1 -2 181 202 192 1314
2849 4 4 1 119 1 2 234 771 774 902
2850 4 4 1 119 1 2 1112 292 1153 1116
2851 4 5 1 119 2 1 -2 182 720 107 196
2852 4 4 1 119 1 2 1239 800 1242 1021
2853 4 4 1 119 1 1 720 106 107 196
2854 4 4 1 119 1 2 1334 1135 1378 1011
2855 4 4 1 119 1 2 627 1005 863 1375
2856 4 4 1 119 1 2 822 827 829 1320
2857 4 4 1 119 1 2 826 822 1320 1031
2858 4 4 1 119 1 2 829 574 1325 830
2859 4 4 1 119 1 2 1003 1094 1133 1105
2860 4 4 1 119 1 2 574 352 1325 830
2861 4 4 1 119 1 2 1031 826 900 1320
2862 4 4 1 119 1 2 574 1245 829 1325
2863 4 4 1 119 1 2 1256 1134 1106 1133
2864 4 4 1 119 1 2 55 1134 1254 1425
2865 4 4 1 119 1 2 1179 1103 1436 1307
2866 4 4 1 119 1 2 799 998 798 1391
2867 4 4 1 119 1 2 122 179 451 407
2868 4 4 1 119 1 2 802 796 1441 979
2869 4 4 1 119 1 2 771 936 937 902
2870 4 4 1 119 1 2 796 797 798 979
2871 4 4 1 119 1 2 938 937 776 743
2872 4 4 1 119 1 2 1343 1163 1054 950
2873 4 4 1 119 1 2 1265 797 248 798
2874 4 4 1 119 1 2 245 799 241 798
2875 4 5 1 119 2 1 -2 1091 1087 752 1220
2876 4 4 1 119 1 2 55 1134 76 81
2877 4 4 1 119 1 2 1255 68 76 1256
2878 4 4 1 119 1 2 1255 1256 76 51
2879 4 4 1 119 1 2 55 401 1425 1438
2880 4 4 1 119 1 2 998 1265 248 798
2881 4 5 1 119 2 1 -2 606 1087 1347 1061
2882 4 5 1 119 2 1 -2 1087 606 1347 945
2883 4 4 1 119 1 1 947 89 944 779
2884 4 4 1 119 1 1 360 1405 1406 563
2885 4 5 1 119 2 2 -1 75 72 87 1220
2886 4 5 1 119 2 1 -2 1346 1087 1347 945
2887 4 5 1 119 2 1 -2 75 1417 62 23
2888 4 4 1 119 1 1 62 525 1402 66
2889 4 4 1 119 1 2 1113 1035 1414 1109
2890 4 4 1 119 1 2 545 1189 675 357
2891 4 4 1 119 1 2 1093 1096 1132 534
2892 4 4 1 119 1 2 1423 270 717 1436
2893 4 4 1 119 1 2 1305 1098 1095 1100
2894 4 4 1 119 1 2 1285 585 378 1335
2895 4 4 1 119 1 2 492 1135 1368 435
2896 4 5 1 119 2 1 -2 1346 890 1084 1089
2897 4 5 1 119 2 1 -2 762 890 1084 1061
2898 4 5 1 119 2 1 -2 1087 1091 1346 1347
2899 4 4 1 119 1 2 1035 243 1172 1000
2900 4 4 1 119 1 2 1306 1301 999 1358
2901 4 5 1 119 2 1 -2 1157 1068 1039 1071
2902 4 4 1 119 1 1 641 1063 507 1333
2903 4 4 1 119 1 2 1306 999 1000 1358
2904 4 5 1 119 2 2 -1 504 511 1051 1331
2905 4 4 1 119 1 2 863 955 622 1375
2906 4 4 1 119 1 2 1317 953 955 863
2907 4 4 1 119 1 2 53 1360 1144 685
2908 4 4 1 119 1 2 1356 1355 1380 1011
2909 4 4 1 119 1 2 36 35 623 1380
2910 4 4 1 119 1 2 998 1306 1000 1358
2911 4 4 1 119 1 1 1068 1065 1071 1078
2912 4 4 1 119 1 1 138 95 730 210
2913 4 4 1 119 1 2 1190 1306 1358 1192
2914 4 4 1 119 1 1 649 495 736 340
2915 4 4 1 119 1 1 1020 649 495 736
2916 4 4 1 119 1 2 1174 1371 828 1428
2917 4 4 1 119 1 2 1339 551 1418 603
2918 4 4 1 119 1 2 173 200 1204 194
2919 4 4 1 119 1 2 1244 194 1205 1418
2920 4 4 1 119 1 2 998 1190 1358 1192
2921 4 4 1 119 1 2 321 437 458 872
2922 4 4 1 119 1 2 1190 998 1358 1306
2923 4 4 1 119 1 2 232 1401 791 436
2924 4 4 1 119 1 2 856 69 995 79
2925 4 4 1 119 1 2 233 204 345 501
2926 4 4 1 119 1 2 790 227 224 223
2927 4 4 1 119 1 2 546 394 648 1367
2928 4 4 1 119 1 2 721 1442 716 573
2929 4 4 1 119 1 2 1267 1268 1336 1369
2930 4 4 1 119 1 2 1268 1267 955 1369
2931 4 4 1 119 1 2 1266 1267 1336 1369
2932 4 4 1 119 1 1 1064 1071 1078 765
2933 4 5 1 119 2 1 -2 1066 1065 1088 1077
2934 4 4 1 119 1 1 1048 1332 1076 1081
2935 4 4 1 119 1 1 1311 645 554 1225
2936 4 4 1 119 1 1 1121 958 1073 765
2937 4 4 1 119 1 1 397 567 1282 521
2938 4 4 1 119 1 2 1267 1266 955 1369
2939 4 4 1 119 1 1 768 769 1353 1352
2940 4 5 1 119 2 1 -2 838 1085 1088 1069
2941 4 5 1 119 2 2 -1 1410 837 1077 1033
2942 4 4 1 119 1 2 1136 1376 1369 863
2943 4 4 1 119 1 1 1082 1070 1067 1122
2944 4 4 1 119 1 2 1103 1101 1115 1309
2945 4 4 1 119 1 2 1376 1317 1369 863
2946 4 4 1 119 1 2 1209 1102 1106 1319
2947 4 4 1 119 1 2 569 53 1360 63
2948 4 4 1 119 1 2 721 1442 809 1439
2949 4 4 1 119 1 2 623 1334 618 1380
2950 4 4 1 119 1 2 982 443 308 988
2951 4 4 1 119 1 2 1334 57 618 1380
2952 4 4 1 119 1 2 872 855 820 853
2953 4 4 1 119 1 2 816 821 806 951
2954 4 4 1 119 1 2 57 1356 1380 1011
2955 4 4 1 119 1 2 1334 57 1380 1011
2956 4 4 1 119 1 2 305 620 625 1009
2957 4 4 1 119 1 2 997 998 1359 784
2958 4 4 1 119 1 2 36 623 618 1380
2959 4 4 1 119 1 2 790 791 792 875
2960 4 4 1 119 1 2 1192 997 1391 996
2961 4 4 1 119 1 2 305 1008 1361 1009
2962 4 5 1 119 2 2 -1 1407 688 510 1248
2963 4 4 1 119 1 2 1112 1388 1153 631
2964 4 4 1 119 1 2 1021 1302 1434 1183
2965 4 4 1 119 1 2 1382 1112 1109 700
2966 4 4 1 119 1 2 57 36 618 1380
2967 4 4 1 119 1 2 1437 1179 1191 1392
2968 4 4 1 119 1 1 960 474 460 319
2969 4 4 1 119 1 2 1440 1303 1183 1392
2970 4 4 1 119 1 2 1395 1440 1392 1391
2971 4 4 1 119 1 2 723 719 1445 722
2972 4 4 1 119 1 2 1176 1115 1436 681
2973 4 4 1 119 1 2 1006 1268 1391 1392
2974 4 4 1 119 1 2 1395 1400 1392 1440
2975 4 4 1 119 1 2 317 426 966 967
2976 4 5 1 119 2 2 -1 9 1218 1216 72
2977 4 5 1 119 2 1 -2 250 1349 1216 1219
2978 4 5 1 119 2 2 -1 1163 1055 1088 1084
2979 4 5 1 119 2 2 -1 1445 1164 1128 1062
2980 4 4 1 119 1 2 1423 1103 1436 1403
2981 4 4 1 119 1 1 360 1405 1213 1406
2982 4 4 1 119 1 2 76 81 1257 1444
2983 4 4 1 119 1 1 751 1402 946 1293
2984 4 4 1 119 1 1 525 1402 690 563
2985 4 5 1 119 2 1 -2 1217 9 1216 87
2986 4 4 1 119 1 1 562 350 1402 690
2987 4 4 1 119 1 1 275 440 740 905
2988 4 4 1 119 1 1 209 728 139 210
2989 4 4 1 119 1 1 738 1026 201 737
2990 4 4 1 119 1 1 525 22 66 62
2991 4 4 1 119 1 1 310 1119 1027 101
2992 4 4 1 119 1 1 732 738 831 1381
2993 4 4 1 119 1 1 1121 1384 1127 1226
2994 4 5 1 119 2 1 -2 1316 1398 1159 1157
2995 4 5 1 119 2 1 -2 505 650 1161 529
2996 4 5 1 119 2 1 -2 1157 1036 834 1159
2997 4 4 1 119 1 1 1394 669 640 304
2998 4 5 1 119 2 1 -2 1156 1032 1043 1039
2999 4 4 1 119 1 1 1421 289 1207 609
3000 4 5 1 119 2 1 -2 1333 1047 1048 1039
3001 4 4 1 119 1 1 606 298 616 1347
3002 4 4 1 119 1 1 575 595 1038 1161
3003 4 4 1 119 1 1 1083 1082 1067 1122
3004 4 5 1 119 2 2 -1 498 689 588 1413
3005 4 4 1 119 1 2 1129 531 509 387
3006 4 4 1 119 1 1 942 947 1349 944
3007 4 4 1 119 1 1 1311 1225 1346 945
3008 4 4 1 119 1 1 1426 606 298 709
3009 4 4 1 119 1 1 885 780 941 447
3010 4 5 1 119 2 1 -2 24 75 1417 686
3011 4 4 1 119 1 1 892 889 1225 1346
3012 4 4 1 119 1 1 499 525 1402 350
3013 4 5 1 119 2 2 -1 1407 1248 1408 1413
3014 4 5 1 119 2 1 -2 1157 1037 1159 1071
3015 4 4 1 119 1 1 1431 1314 192 842
3016 4 4 1 119 1 1 104 103 198 673
3017 4 4 1 119 1 2 1118 707 197 402
3018 4 4 1 119 1 2 953 1264 819 952
3019 4 4 1 119 1 2 36 37 57 618
3020 4 5 1 119 2 2 -1 1443 77 1220 1221
3021 4 4 1 119 1 2 1434 981 572 1435
3022 4 4 1 119 1 2 804 870 477 962
3023 4 4 1 119 1 2 1111 533 1408 266
3024 4 4 1 119 1 2 715 1434 390 572
3025 4 4 1 119 1 2 1437 548 473 1439
3026 4 4 1 119 1 2 1096 267 266 668
3027 4 5 1 119 2 2 -1 1050 1248 1413 1408
3028 4 4 1 119 1 1 210 1020 930 201
3029 4 4 1 119 1 1 976 237 934 919
3030 4 5 1 119 2 2 -1 1407 533 1408 510
3031 4 5 1 119 2 1 -2 949 1406 1417 1424
3032 4 5 1 119 2 1 -2 1220 75 1424 1215
3033 4 4 1 119 1 2 1340 288 596 490
3034 4 4 1 119 1 2 854 954 808 819
3035 4 4 1 119 1 2 396 394 593 1263
3036 4 4 1 119 1 2 895 801 896 1247
3037 4 4 1 119 1 2 1245 1340 596 490
3038 4 4 1 119 1 2 1174 1169 696 1428
3039 4 4 1 119 1 2 1147 1148 835 1117
3040 4 4 1 119 1 2 207 1244 1295 1240
3041 4 4 1 119 1 2 1148 1147 1150 1117
3042 4 4 1 119 1 2 423 662 1246 307
3043 4 4 1 119 1 2 272 396 593 1263
3044 4 4 1 119 1 2 35 569 63 34
3045 4 5 1 119 2 1 -2 1092 1220 1424 1215
3046 4 4 1 119 1 2 620 429 1361 305
3047 4 4 1 119 1 2 1099 537 582 291
3048 4 5 1 119 2 1 -2 1092 75 1424 1220
3049 4 4 1 119 1 2 836 835 242 1034
3050 4 4 1 119 1 2 292 1345 583 1116
3051 4 5 1 119 2 1 -2 1156 1195 1043 1248
3052 4 4 1 119 1 2 1129 531 533 667
3053 4 5 1 119 2 1 -2 380 1406 1424 682
3054 4 4 1 119 1 1 448 441 447 780
3055 4 4 1 119 1 2 374 1145 1118 372
3056 4 4 1 119 1 2 1112 1382 385 389
3057 4 4 1 119 1 2 494 1103 1115 1423
3058 4 4 1 119 1 2 545 632 388 1364
3059 4 5 1 119 2 1 -2 686 380 1424 682
3060 4 4 1 119 1 2 1423 571 1436 717
3061 4 4 1 119 1 2 799 245 241 1172
3062 4 4 1 119 1 2 1113 1186 1170 1171
3063 4 4 1 119 1 1 766 170 201 177
3064 4 4 1 119 1 2 1103 1179 1436 1403
3065 4 4 1 119 1 2 1130 1129 1111 1040
3066 4 4 1 119 1 2 1318 1146 1150 1148
3067 4 4 1 119 1 2 1191 1395 1308 1309
3068 4 4 1 119 1 2 186 1151 1149 1379
3069 4 4 1 119 1 2 140 343 213 1447
3070 4 5 1 119 2 1 -2 1417 686 1424 682
3071 4 5 1 119 2 1 -2 1406 1417 1424 682
3072 4 4 1 119 1 1 465 959 334 439
3073 4 4 1 119 1 1 90 18 334 439
3074 4 4 1 119 1 2 1180 811 1183 1400
3075 4 4 1 119 1 1 461 750 456 496
3076 4 4 1 119 1 1 310 365 978 831
3077 4 4 1 119 1 1 1354 646 768 413
3078 4 4 1 119 1 1 462 851 769 1127
3079 4 4 1 119 1 1 565 392 1286 1227
3080 4 4 1 119 1 1 646 514 1381 365
3081 4 4 1 119 1 1 910 905 1016 912
3082 4 4 1 119 1 2 701 810 809 1010
3083 4 4 1 119 1 2 1240 188 824 1237
3084 4 4 1 119 1 2 1189 1191 1392 1395
3085 4 4 1 119 1 2 1180 1400 1183 1171
3086 4 4 1 119 1 2 1442 1439 1435 1392
3087 4 4 1 119 1 2 1440 811 1183 1303
3088 4 4 1 119 1 1 383 604 557 1350
3089 4 4 1 119 1 2 725 333 463 1446
3090 4 4 1 119 1 2 1449 725 463 1446
3091 4 4 1 119 1 2 982 278 990 480
3092 4 4 1 119 1 1 744 959 90 747
3093 4 4 1 119 1 2 983 991 968 990
3094 4 4 1 119 1 1 160 257 258 927
3095 4 4 1 119 1 1 965 257 748 977
3096 4 4 1 119 1 1 942 931 944 883
3097 4 4 1 119 1 1 947 931 91 779
3098 4 4 1 119 1 2 816 806 820 951
3099 4 4 1 119 1 2 817 806 819 853
3100 4 4 1 119 1 2 790 227 223 1401
3101 4 4 1 119 1 2 132 255 776 239
3102 4 4 1 119 1 2 877 936 901 902
3103 4 4 1 119 1 1 413 768 1352 769
3104 4 4 1 119 1 1 409 1013 768 850
3105 4 4 1 119 1 1 851 462 769 430
3106 4 5 1 119 2 1 -2 833 137 138 170
3107 4 4 1 119 1 1 766 1013 846 978
3108 4 4 1 119 1 2 333 349 463 1446
3109 4 4 1 119 1 2 774 773 235 129
3110 4 4 1 119 1 2 551 351 1290 607
3111 4 4 1 119 1 2 343 140 726 1447
3112 4 4 1 119 1 2 1245 822 829 1320
3113 4 4 1 119 1 2 1234 1235 1241 1242
3114 4 4 1 119 1 2 1266 1317 955 1369
3115 4 4 1 119 1 2 981 393 828 390
3116 4 4 1 119 1 2 795 802 1363 803
3117 4 4 1 119 1 2 627 1378 1005 1375
3118 4 4 1 119 1 2 1180 800 1021 1303
3119 4 4 1 119 1 2 64 1136 1359 1005
3120 4 4 1 119 1 2 1369 997 1359 996
3121 4 4 1 119 1 2 701 1389 1010 377
3122 4 4 1 119 1 2 1030 1448 213 1447
3123 4 4 1 119 1 2 1135 1004 655 1005
3124 4 4 1 119 1 2 822 827 825 1232
3125 4 4 1 119 1 2 1174 548 696 1183
3126 4 4 1 119 1 2 308 961 962 404
3127 4 4 1 119 1 2 1340 568 490 1362
3128 4 4 1 119 1 2 770 938 743 897
3129 4 4 1 119 1 2 951 816 404 962
3130 4 4 1 119 1 1 139 209 96 500
3131 4 4 1 119 1 2 1428 1178 428 1429
3132 4 4 1 119 1 2 1388 1178 1169 1170
3133 4 4 1 119 1 2 1388 1112 1115 389
3134 4 4 1 119 1 2 1185 1295 764 1187
3135 4 4 1 119 1 2 1108 1035 1414 836
3136 4 4 1 119 1 2 1175 1428 1182 1177
3137 4 4 1 119 1 2 1173 1175 1298 1186
3138 4 4 1 119 1 2 860 1377 759 952
3139 4 4 1 119 1 1 281 346 1012 500
3140 4 4 1 119 1 1 167 281 1012 500
3141 4 4 1 119 1 2 343 1030 213 1447
3142 4 4 1 119 1 2 140 3 1 1447
3143 4 4 1 119 1 2 1103 1305 1307 1100
3144 4 4 1 119 1 1 1230 840 847 957
3145 4 4 1 119 1 1 347 279 741 453
3146 4 4 1 119 1 1 925 921 742 256
3147 4 4 1 119 1 1 256 734 261 741
3148 4 4 1 119 1 1 1328 956 1260 957
3149 4 4 1 119 1 1 922 910 908 1017
3150 4 4 1 119 1 1 1228 843 1229 299
3151 4 4 1 119 1 1 882 911 913 919
3152 4 5 1 119 2 1 -2 137 1329 252 247
3153 4 5 1 119 2 2 -1 1410 837 1033 1034
3154 4 4 1 119 1 1 843 1228 1207 299
3155 4 4 1 119 1 1 364 706 514 767
3156 4 4 1 119 1 1 850 768 286 769
3157 4 4 1 119 1 2 788 315 479 993
3158 4 4 1 119 1 2 961 317 412 468
3159 4 4 1 119 1 2 140 1 726 1447
3160 4 4 1 119 1 2 984 758 853 952
3161 4 4 1 119 1 1 768 738 732 846
3162 4 4 1 119 1 2 321 982 983 989
3163 4 4 1 119 1 2 786 69 1446 787
3164 4 4 1 119 1 2 818 928 820 853
3165 4 4 1 119 1 1 738 1119 1027 831
3166 4 4 1 119 1 2 450 821 988 405
3167 4 4 1 119 1 2 876 870 896 894
3168 4 4 1 119 1 2 223 229 224 874
3169 4 4 1 119 1 2 503 1330 602 1363
3170 4 4 1 119 1 2 452 426 893 966
3171 4 4 1 119 1 1 646 365 1381 831
3172 4 4 1 119 1 2 419 1420 464 326
3173 4 4 1 119 1 2 903 793 419 427
3174 4 4 1 119 1 2 229 219 901 772
3175 4 4 1 119 1 2 936 937 938 897
3176 4 4 1 119 1 1 1278 237 880 976
3177 4 4 1 119 1 1 761 881 1279 879
3178 4 4 1 119 1 1 887 1283 1281 888
3179 4 4 1 119 1 1 888 942 943 944
3180 4 4 1 119 1 2 171 179 185 972
3181 4 4 1 119 1 1 1027 310 978 831
3182 4 4 1 119 1 2 282 233 151 150
3183 4 4 1 119 1 1 364 365 526 1381
3184 4 4 1 119 1 1 915 911 769 908
3185 4 4 1 119 1 1 256 734 741 742
3186 4 4 1 119 1 1 139 167 500 92
3187 4 4 1 119 1 1 440 453 741 320
3188 4 4 1 119 1 1 165 166 337 260
3189 4 4 1 119 1 1 843 1229 840 1208
3190 4 4 1 119 1 1 727 279 741 736
3191 4 4 1 119 1 1 600 1283 612 447
3192 4 4 1 119 1 1 882 920 911 919
3193 4 4 1 119 1 1 921 424 742 466
3194 4 4 1 119 1 1 727 728 741 261
3195 4 4 1 119 1 1 921 327 687 927
3196 4 4 1 119 1 1 327 442 687 927
3197 4 4 1 119 1 1 920 976 934 919
3198 4 4 1 119 1 1 327 420 927 921
3199 4 4 1 119 1 1 442 1019 459 659
3200 4 4 1 119 1 1 780 885 940 447
3201 4 4 1 119 1 1 738 1027 978 831
3202 4 4 1 119 1 1 259 157 283 339
3203 4 4 1 119 1 1 745 931 747 91
3204 4 4 1 119 1 1 932 931 883 747
3205 4 4 1 119 1 1 932 960 747 753
3206 4 4 1 119 1 1 745 744 91 747
3207 4 5 1 119 2 1 -2 1349 1090 1219 250
3208 4 4 1 119 1 1 310 1119 365 831
3209 4 4 1 119 1 1 883 931 944 779
3210 4 4 1 119 1 1 947 931 944 942
3211 4 4 1 119 1 1 441 277 753 780
3212 4 4 1 119 1 1 750 779 747 753
3213 4 4 1 119 1 1 931 947 944 779
3214 4 4 1 119 1 2 997 998 1391 1369
3215 4 4 1 119 1 2 856 83 858 935
3216 4 4 1 119 1 2 1005 1004 1359 1007
3217 4 4 1 119 1 2 1025 176 776 1323
3218 4 4 1 119 1 1 755 749 933 1019
3219 4 4 1 119 1 1 926 155 258 256
3220 4 4 1 119 1 1 740 347 741 453
3221 4 4 1 119 1 1 921 687 162 258
3222 4 4 1 119 1 1 925 921 256 258
3223 4 4 1 119 1 1 154 7 253 745
3224 4 4 1 119 1 1 7 8 253 745
3225 4 4 1 119 1 1 1277 1261 237 880
3226 4 4 1 119 1 1 883 779 780 753
3227 4 4 1 119 1 1 888 883 940 1281
3228 4 4 1 119 1 2 970 986 971 786
3229 4 4 1 119 1 2 212 970 5 216
3230 4 4 1 119 1 2 53 58 1144 1143
3231 4 4 1 119 1 2 999 1300 61 1358
3232 4 4 1 119 1 2 1256 1003 950 1133
3233 4 4 1 119 1 2 1357 1300 50 1193
3234 4 4 1 119 1 2 784 998 1358 1192
3235 4 4 1 119 1 2 999 1306 1000 1210
3236 4 4 1 119 1 2 627 1005 622 863
3237 4 4 1 119 1 2 999 1000 1094 1210
3238 4 4 1 119 1 2 1141 59 1142 1143
3239 4 4 1 119 1 2 775 937 973 743
3240 4 4 1 119 1 1 99 1020 1026 471
3241 4 4 1 119 1 2 1025 775 973 743
3242 4 4 1 119 1 1 209 98 97 340
3243 4 4 1 119 1 1 740 922 741 736
3244 4 4 1 119 1 1 733 922 930 731
3245 4 4 1 119 1 1 323 438 649 736
3246 4 4 1 119 1 1 909 910 924 919
3247 4 4 1 119 1 1 848 846 847 930
3248 4 4 1 119 1 2 1025 937 775 743
3249 4 4 1 119 1 2 1246 1325 665 1320
3250 4 4 1 119 1 2 1321 1324 1199 974
3251 4 4 1 119 1 2 1024 491 482 417
3252 4 4 1 119 1 2 805 826 899 897
3253 4 4 1 119 1 2 611 636 540 1385
3254 4 5 1 119 2 2 -1 208 108 182 367
3255 4 4 1 119 1 2 1251 1041 1385 1422
3256 4 5 1 119 2 1 -2 1042 1046 1269 1270
3257 4 4 1 119 1 2 1099 1102 1209 1319
3258 4 4 1 119 1 2 1093 1097 1099 1319
3259 4 5 1 119 2 2 -1 136 834 247 242
3260 4 4 1 119 1 2 1322 176 199 743
3261 4 4 1 119 1 2 1301 1306 1095 1100
3262 4 4 1 119 1 2 68 1255 76 51
3263 4 4 1 119 1 2 1003 1053 1094 891
3264 4 5 1 119 2 1 -2 1156 1063 1039 1047
3265 4 4 1 119 1 2 176 1025 199 743
3266 4 5 1 119 2 1 -2 1398 1157 834 1159
3267 4 5 1 119 2 1 -2 1269 505 650 1270
3268 4 5 1 119 2 1 -2 1065 1068 1039 1077
3269 4 4 1 119 1 1 1046 1075 1159 1269
3270 4 5 1 119 2 1 -2 1037 1032 1159 1269
3271 4 4 1 119 1 1 1075 1046 1045 1269
3272 4 4 1 119 1 1 1046 1075 1394 1159
3273 4 4 1 119 1 1 567 391 564 889
3274 4 4 1 119 1 1 432 906 312 1016
3275 4 4 1 119 1 1 431 275 1017 906
3276 4 4 1 119 1 1 1280 521 269 886
3277 4 4 1 119 1 2 1025 176 1322 743
3278 4 4 1 119 1 1 1277 887 1138 1262
3279 4 4 1 119 1 1 1344 530 536 1139
3280 4 4 1 119 1 1 530 391 536 1139
3281 4 4 1 119 1 1 348 960 754 474
3282 4 4 1 119 1 1 331 324 754 1018
3283 4 4 1 119 1 2 610 539 1059 508
3284 4 4 1 119 1 2 1059 1134 1106 1319
3285 4 4 1 119 1 2 384 1305 1403 1364
3286 4 4 1 119 1 1 755 1019 485 1018
3287 4 4 1 119 1 2 184 1251 191 197
3288 4 4 1 119 1 2 1415 1000 1094 891
3289 4 5 1 119 2 2 -1 1250 1251 1422 1253
3290 4 4 1 119 1 2 999 1003 1142 1210
3291 4 4 1 119 1 2 1058 386 532 534
3292 4 4 1 119 1 1 744 348 754 339
3293 4 4 1 119 1 1 348 744 754 960
3294 4 4 1 119 1 1 310 408 487 978
3295 4 4 1 119 1 1 265 1074 268 1073
3296 4 4 1 119 1 1 1206 522 268 1073
3297 4 4 1 119 1 2 1058 386 1093 532
3298 4 4 1 119 1 2 1407 1413 1408 266
3299 4 5 1 119 2 1 -2 1044 1057 1331 1050
3300 4 4 1 119 1 2 58 53 59 1143
3301 4 4 1 119 1 2 1209 537 291 558
3302 4 4 1 119 1 2 1102 1097 1106 1319
3303 4 4 1 119 1 2 40 599 1374 39
3304 4 4 1 119 1 2 578 671 1104 373
3305 4 4 1 119 1 2 539 1134 1254 637
3306 4 4 1 119 1 2 1185 1295 1187 168
3307 4 4 1 119 1 2 186 1379 1149 1187
3308 4 4 1 119 1 2 1025 937 776 938
3309 4 4 1 119 1 2 1295 1244 194 1205
3310 4 4 1 119 1 2 1152 1185 1187 168
3311 4 4 1 119 1 2 764 1175 1182 1177
3312 4 4 1 119 1 2 1113 1212 1150 1186
3313 4 4 1 119 1 2 1231 1340 613 1023
3314 4 4 1 119 1 2 1294 207 1295 1240
3315 4 4 1 119 1 2 175 619 1185 174
3316 4 5 1 119 2 2 -1 302 722 1062 1342
3317 4 5 1 119 2 2 -1 1343 1163 1055 1051
3318 4 4 1 119 1 1 1070 1121 1073 765
3319 4 5 1 119 2 1 -2 1063 1333 1064 1039
3320 4 4 1 119 1 1 1057 1162 1056 1048
3321 4 4 1 119 1 2 1388 356 1176 1170
3322 4 4 1 119 1 2 1322 770 776 743
3323 4 4 1 119 1 2 1371 548 696 1174
3324 4 4 1 119 1 2 770 1322 776 869
3325 4 4 1 119 1 1 720 400 106 196
3326 4 4 1 119 1 2 548 356 696 1183
3327 4 4 1 119 1 2 175 174 1185 168
3328 4 4 1 119 1 2 964 804 817 820
3329 4 4 1 119 1 2 1185 1429 764 1177
3330 4 4 1 119 1 2 869 221 776 902
3331 4 5 1 119 2 1 -2 594 528 302 1341
3332 4 5 1 119 2 2 -1 1044 1043 1132 1249
3333 4 5 1 119 2 2 -1 1055 1163 1088 1249
3334 4 4 1 119 1 2 1025 869 776 902
3335 4 5 1 119 2 1 -2 1197 498 1248 262
3336 4 5 1 119 2 1 -2 1197 550 588 262
3337 4 4 1 119 1 1 1432 1421 289 1207
3338 4 4 1 119 1 1 843 1432 289 1207
3339 4 4 1 119 1 1 1327 1421 1075 1207
3340 4 4 1 119 1 1 843 1327 1075 1207
3341 4 4 1 119 1 1 1432 843 1075 1207
3342 4 4 1 119 1 1 1421 1432 1075 1207
3343 4 4 1 119 1 2 1257 1256 1444 950
3344 4 4 1 119 1 2 221 1025 776 902
3345 4 4 1 119 1 1 1346 1273 1089 1138
3346 4 4 1 119 1 2 1257 1054 1060 1133
3347 4 4 1 119 1 2 187 136 135 835
3348 4 5 1 119 2 1 -2 947 8 9 89
3349 4 4 1 119 1 1 844 843 299 1229
3350 4 4 1 119 1 1 706 843 514 841
3351 4 4 1 119 1 2 786 969 968 787
3352 4 4 1 119 1 1 1121 849 957 1122
3353 4 4 1 119 1 1 845 565 1226 1286
3354 4 4 1 119 1 1 849 1384 769 1127
3355 4 4 1 119 1 1 1350 604 557 1287
3356 4 4 1 119 1 2 1383 614 828 1023
3357 4 4 1 119 1 2 969 760 968 787
3358 4 4 1 119 1 2 969 786 1446 787
3359 4 4 1 119 1 2 1200 1202 1241 1204
3360 4 4 1 119 1 2 333 994 787 1446
3361 4 4 1 119 1 2 636 611 1422 1385
3362 4 5 1 119 2 2 -1 1365 1036 1154 1253
3363 4 4 1 119 1 2 1147 187 1148 189
3364 4 4 1 119 1 2 349 333 787 1446
3365 4 5 1 119 2 2 -1 379 208 367 711
3366 4 5 1 119 2 2 -1 182 208 1253 184
3367 4 4 1 119 1 1 1064 1063 765 1073
3368 4 4 1 119 1 1 448 750 277 780
3369 4 4 1 119 1 1 453 741 320 467
3370 4 4 1 119 1 1 881 975 761 916
3371 4 4 1 119 1 1 1384 769 1352 1353
3372 4 4 1 119 1 1 521 1280 1282 886
3373 4 4 1 119 1 1 1279 878 1276 1275
3374 4 4 1 119 1 1 751 350 1402 1293
3375 4 4 1 119 1 1 564 612 1282 1348
3376 4 4 1 119 1 2 794 804 272 1263
3377 4 4 1 119 1 2 648 815 1313 1367
3378 4 4 1 119 1 2 333 349 787 994
3379 4 4 1 119 1 2 287 815 1367 954
3380 4 4 1 119 1 2 1201 763 1205 1204
3381 4 4 1 119 1 2 1135 1334 422 1011
3382 4 4 1 119 1 2 1302 981 1183 1435
3383 4 4 1 119 1 2 800 1021 1303 1242
3384 4 4 1 119 1 2 1212 1173 1171 1172
3385 4 4 1 119 1 2 245 800 1236 1237
3386 4 4 1 119 1 2 1302 1021 1303 1183
3387 4 4 1 119 1 2 1211 1109 1116 700
3388 4 4 1 119 1 2 1107 1108 1414 1111
3389 4 4 1 119 1 2 1449 969 1446 787
3390 4 4 1 119 1 2 812 1296 1237 1172
3391 4 4 1 119 1 2 1173 1175 1186 1171
3392 4 4 1 119 1 2 1296 243 134 1237
3393 4 4 1 119 1 2 1101 494 1115 1114
3394 4 4 1 119 1 2 997 1369 1391 996
3395 4 4 1 119 1 2 1307 1191 1308 1309
3396 4 4 1 119 1 2 1147 1212 1022 1298
3397 4 4 1 119 1 2 128 233 151 501
3398 4 4 1 119 1 2 783 1376 1377 1317
3399 4 4 1 119 1 2 953 1377 861 1317
3400 4 4 1 119 1 2 519 1093 668 1095
3401 4 4 1 119 1 2 403 980 825 807
3402 4 4 1 119 1 2 980 802 1441 979
3403 4 4 1 119 1 2 287 581 955 954
3404 4 4 1 119 1 1 462 664 1258 1127
3405 4 4 1 119 1 2 760 969 1449 787
3406 4 4 1 119 1 1 1327 843 739 1208
3407 4 4 1 119 1 2 1303 1440 798 1441
3408 4 4 1 119 1 1 565 392 1226 1286
3409 4 4 1 119 1 1 527 1168 1166 917
3410 4 4 1 119 1 1 1126 1121 1127 1226
3411 4 4 1 119 1 1 832 833 839 840
3412 4 4 1 119 1 2 551 674 1418 603
3413 4 4 1 119 1 2 811 1440 798 1303
3414 4 4 1 119 1 2 1266 783 798 1265
3415 4 4 1 119 1 2 1173 1175 1182 1188
3416 4 4 1 119 1 2 1234 1233 825 1241
3417 4 4 1 119 1 2 482 1024 497 325
3418 4 4 1 119 1 2 783 1266 798 1336
3419 4 4 1 119 1 2 574 568 607 1362
3420 4 5 1 119 2 1 -2 1077 1065 1088 1072
3421 4 4 1 119 1 1 1071 1156 1045 1160
3422 4 4 1 119 1 1 1327 1421 1045 1075
3423 4 4 1 119 1 1 1421 609 1207 1326
3424 4 4 1 119 1 1 604 392 1286 1287
3425 4 4 1 119 1 2 620 1360 1009 1361
3426 4 4 1 119 1 2 1360 620 1355 1361
3427 4 4 1 119 1 2 1355 1334 422 1380
3428 4 4 1 119 1 2 580 620 422 1361
3429 4 4 1 119 1 2 620 580 1355 1361
3430 4 4 1 119 1 2 1192 1190 1001 996
3431 4 4 1 119 1 2 1360 1009 1193 1144
3432 4 4 1 119 1 2 810 1179 1006 357
3433 4 4 1 119 1 2 1335 524 803 809
3434 4 4 1 119 1 2 1390 1389 996 1006
3435 4 4 1 119 1 2 701 1010 573 377
3436 4 4 1 119 1 2 1101 1415 1308 1095
3437 4 4 1 119 1 2 799 1000 1172 241
3438 4 4 1 119 1 2 1372 1096 1132 1094
3439 4 4 1 119 1 2 1093 1058 1132 1094
3440 4 4 1 119 1 2 1366 1372 1132 1094
3441 4 4 1 119 1 2 524 1335 573 809
3442 4 4 1 119 1 2 1058 1053 1132 1094
3443 4 4 1 119 1 2 1187 1295 764 1182
3444 4 4 1 119 1 2 1184 828 1177 1243
3445 4 4 1 119 1 2 1429 301 433 512
3446 4 4 1 119 1 2 800 1239 1180 1021
3447 4 4 1 119 1 2 271 524 809 803
3448 4 4 1 119 1 2 800 1235 1242 801
3449 4 4 1 119 1 2 174 1185 1205 634
3450 4 4 1 119 1 1 1046 575 304 1075
3451 4 4 1 119 1 1 1075 575 304 1394
3452 4 4 1 119 1 1 839 832 840 841
3453 4 4 1 119 1 1 843 739 841 1433
3454 4 4 1 119 1 2 573 524 809 271
3455 4 4 1 119 1 2 855 872 820 983
3456 4 4 1 119 1 2 308 983 852 820
3457 4 4 1 119 1 2 872 983 308 820
3458 4 4 1 119 1 2 898 867 820 928
3459 4 4 1 119 1 2 898 870 820 867
3460 4 4 1 119 1 1 1402 62 66 946
3461 4 4 1 119 1 1 1426 1213 945 1214
3462 4 5 1 119 2 1 -2 1092 752 1220 1215
3463 4 4 1 119 1 2 368 599 1375 652
3464 4 4 1 119 1 2 52 1416 863 1005
3465 4 4 1 119 1 2 867 866 820 928
3466 4 4 1 119 1 2 870 866 820 867
3467 4 4 1 119 1 2 1355 1361 422 1011
3468 4 4 1 119 1 2 1009 1355 1356 1361
3469 4 4 1 119 1 1 1119 738 1381 831
3470 4 4 1 119 1 1 767 738 732 1381
3471 4 4 1 119 1 2 1444 1343 1054 950
3472 4 4 1 119 1 2 10 68 11 240
3473 4 4 1 119 1 1 844 767 1381 514
3474 4 5 1 119 2 1 -2 1090 250 246 1219
3475 4 4 1 119 1 2 590 539 1254 637
3476 4 4 1 119 1 2 294 1438 637 678
3477 4 4 1 119 1 1 514 364 1381 365
3478 4 4 1 119 1 2 401 29 1438 55
3479 4 4 1 119 1 2 714 29 1438 401
3480 4 4 1 119 1 2 1438 714 637 678
3481 4 4 1 119 1 2 1134 55 1257 81
3482 4 4 1 119 1 1 365 1119 526 1381
3483 4 4 1 119 1 2 987 992 786 971
3484 4 4 1 119 1 2 54 69 786 856
3485 4 4 1 119 1 2 56 862 857 858
3486 4 4 1 119 1 2 329 994 44 79
3487 4 4 1 119 1 2 760 343 463 633
3488 4 4 1 119 1 1 1432 1394 842 370
3489 4 4 1 119 1 2 1310 1030 330 338
3490 4 4 1 119 1 1 1080 1394 1314 842
3491 4 4 1 119 1 1 1080 1075 1394 842
3492 4 4 1 119 1 2 60 1358 50 1359
3493 4 4 1 119 1 2 987 970 85 74
3494 4 4 1 119 1 2 423 647 666 1320
3495 4 4 1 119 1 2 1246 1245 1320 596
3496 4 4 1 119 1 2 800 811 1180 1237
3497 4 4 1 119 1 2 987 970 74 984
3498 4 4 1 119 1 2 998 12 241 248
3499 4 4 1 119 1 1 739 1080 1314 842
3500 4 4 1 119 1 1 1080 739 1075 842
3501 4 4 1 119 1 1 1075 1432 1394 842
3502 4 4 1 119 1 1 739 1432 1075 842
3503 4 4 1 119 1 2 854 852 858 853
3504 4 4 1 119 1 2 819 854 858 853
3505 4 4 1 119 1 2 233 231 773 235
3506 4 4 1 119 1 2 858 856 935 853
3507 4 5 1 119 2 2 -1 838 1052 950 240
3508 4 4 1 119 1 2 569 1360 1380 63
3509 4 5 1 119 2 1 -2 1068 1079 247 1066
3510 4 4 1 119 1 2 852 856 858 853
3511 4 4 1 119 1 2 1003 68 1256 10
3512 4 4 1 119 1 2 1134 55 76 51
3513 4 4 1 119 1 2 1008 1002 1144 864
3514 4 4 1 119 1 2 1444 76 10 950
3515 4 4 1 119 1 2 1299 1008 1144 864
3516 4 4 1 119 1 2 12 61 241 11
3517 4 4 1 119 1 2 1008 1299 1099 864
3518 4 4 1 119 1 2 994 69 79 995
3519 4 4 1 119 1 2 1450 411 857 67
3520 4 4 1 119 1 2 1450 71 79 67
3521 4 4 1 119 1 2 1002 1008 1099 864
3522 4 4 1 119 1 2 811 799 798 1440
3523 4 4 1 119 1 2 70 40 1374 78
3524 4 4 1 119 1 2 329 43 79 44
3525 4 4 1 119 1 2 489 333 329 994
3526 4 4 1 119 1 2 13 1377 60 84
3527 4 4 1 119 1 2 69 994 1446 787
3528 4 4 1 119 1 2 791 328 445 875
3529 4 4 1 119 1 2 1146 1149 1150 1298
3530 4 4 1 119 1 2 1112 292 583 1153
3531 4 4 1 119 1 2 624 306 583 1153
3532 4 4 1 119 1 2 328 478 445 875
3533 4 4 1 119 1 2 478 458 445 875
3534 4 4 1 119 1 2 1025 131 211 130
3535 4 4 1 119 1 2 1108 1107 1150 1117
3536 4 4 1 119 1 2 114 186 695 113
3537 4 4 1 119 1 2 375 1151 695 1379
3538 4 4 1 119 1 2 186 1151 695 672
3539 4 4 1 119 1 2 232 328 791 875
3540 4 4 1 119 1 2 328 232 478 875
3541 4 4 1 119 1 2 707 1118 197 191
3542 4 4 1 119 1 2 1108 1107 1117 1040
3543 4 4 1 119 1 1 1262 882 1276 269
3544 4 4 1 119 1 1 1417 948 1215 62
3545 4 4 1 119 1 2 1235 800 1236 801
3546 4 4 1 119 1 2 800 1235 1236 1237
3547 4 4 1 119 1 2 1035 1212 1171 1172
3548 4 4 1 119 1 2 458 478 322 875
3549 4 4 1 119 1 2 478 757 322 875
3550 4 4 1 119 1 1 600 1283 940 886
3551 4 4 1 119 1 2 76 1444 10 72
3552 4 4 1 119 1 1 889 884 1282 1280
3553 4 4 1 119 1 1 1280 1137 521 1282
3554 4 5 1 119 2 2 -1 838 1409 240 244
3555 4 5 1 119 2 1 -2 137 833 138 251
3556 4 4 1 119 1 2 173 674 118 1418
3557 4 4 1 119 1 1 48 744 283 502
3558 4 4 1 119 1 2 194 173 118 1418
3559 4 4 1 119 1 1 600 397 612 886
3560 4 4 1 119 1 1 1283 600 612 886
3561 4 4 1 119 1 2 871 877 897 899
3562 4 4 1 119 1 2 805 876 896 897
3563 4 4 1 119 1 2 68 999 11 240
3564 4 5 1 119 2 2 -1 838 1052 1163 950
3565 4 5 1 119 2 1 -2 237 1261 250 252
3566 4 4 1 119 1 2 1093 1058 1094 1133
3567 4 4 1 119 1 2 1097 1093 1105 1133
3568 4 4 1 119 1 2 876 805 899 897
3569 4 4 1 119 1 1 948 89 66 944
3570 4 4 1 119 1 2 234 774 129 130
3571 4 4 1 119 1 2 774 234 129 235
3572 4 4 1 119 1 2 871 876 897 868
3573 4 4 1 119 1 2 876 871 897 899
3574 4 4 1 119 1 1 48 156 502 283
3575 4 4 1 119 1 1 915 849 1260 908
3576 4 4 1 119 1 1 922 910 929 908
3577 4 4 1 119 1 2 254 222 2 152
3578 4 4 1 119 1 1 848 922 929 908
3579 4 4 1 119 1 1 929 909 847 908
3580 4 4 1 119 1 1 848 929 847 908
3581 4 4 1 119 1 1 956 849 847 908
3582 4 4 1 119 1 2 994 333 44 1446
3583 4 4 1 119 1 2 127 128 93 501
3584 4 4 1 119 1 1 323 1013 1020 487
3585 4 4 1 119 1 1 922 730 930 929
3586 4 4 1 119 1 1 909 956 847 908
3587 4 4 1 119 1 1 310 1026 471 100
3588 4 4 1 119 1 1 256 261 164 741
3589 4 4 1 119 1 1 323 1013 850 737
3590 4 4 1 119 1 1 1026 1020 201 737
3591 4 4 1 119 1 1 735 925 924 919
3592 4 4 1 119 1 1 914 925 735 919
3593 4 4 1 119 1 1 1279 309 1275 425
3594 4 4 1 119 1 1 251 237 919 924
3595 4 5 1 119 2 2 -1 208 108 711 109
3596 4 4 1 119 1 1 1431 839 192 1314
3597 4 4 1 119 1 1 909 251 919 924
3598 4 4 1 119 1 1 909 237 919 251
3599 4 4 1 119 1 2 777 1321 1322 1199
3600 4 4 1 119 1 2 185 179 172 974
3601 4 4 1 119 1 1 909 913 908 919
3602 4 4 1 119 1 1 910 909 908 919
3603 4 4 1 119 1 1 167 260 1012 281
3604 4 4 1 119 1 1 738 1013 930 766
3605 4 4 1 119 1 1 1013 766 846 930
3606 4 4 1 119 1 1 260 727 741 261
3607 4 4 1 119 1 1 1333 641 517 507
3608 4 4 1 119 1 1 279 727 337 281
3609 4 4 1 119 1 1 641 1333 517 264
3610 4 4 1 119 1 1 96 209 1012 500
3611 4 4 1 119 1 2 817 818 820 853
3612 4 4 1 119 1 2 806 816 820 962
3613 4 4 1 119 1 1 848 1013 846 930
3614 4 4 1 119 1 1 850 1013 930 737
3615 4 4 1 119 1 2 468 865 418 274
3616 4 4 1 119 1 2 928 867 875 939
3617 4 4 1 119 1 1 848 1013 930 850
3618 4 4 1 119 1 1 48 744 259 283
3619 4 4 1 119 1 1 1196 550 264 518
3620 4 4 1 119 1 1 542 1162 594 354
3621 4 4 1 119 1 1 1019 483 459 485
3622 4 4 1 119 1 1 1338 550 1196 518
3623 4 4 1 119 1 1 331 158 754 339
3624 4 4 1 119 1 1 96 139 500 92
3625 4 4 1 119 1 1 910 922 929 924
3626 4 4 1 119 1 1 550 542 518 1338
3627 4 4 1 119 1 1 260 727 1012 281
3628 4 4 1 119 1 1 594 1162 1386 354
3629 4 4 1 119 1 2 341 1024 491 325
3630 4 4 1 119 1 1 641 1332 518 1081
3631 4 4 1 119 1 2 497 205 123 124
3632 4 4 1 119 1 1 1162 542 1338 518
3633 4 4 1 119 1 1 1338 1162 518 1048
3634 4 4 1 119 1 2 757 992 968 989
3635 4 4 1 119 1 2 349 760 635 463
3636 4 4 1 119 1 2 270 571 1423 717
3637 4 4 1 119 1 2 410 315 788 405
3638 4 4 1 119 1 2 821 988 852 951
3639 4 4 1 119 1 2 638 1382 1114 1109
3640 4 4 1 119 1 2 571 717 704 1436
3641 4 4 1 119 1 2 1149 1186 1150 1298
3642 4 4 1 119 1 2 1146 1147 1150 1148
3643 4 4 1 119 1 2 356 718 681 1176
3644 4 4 1 119 1 2 341 126 345 204
3645 4 4 1 119 1 2 1191 1179 1436 1307
3646 4 4 1 119 1 2 1437 1179 704 1436
3647 4 4 1 119 1 2 389 1388 681 1115
3648 4 4 1 119 1 2 877 936 938 897
3649 4 4 1 119 1 2 773 204 195 180
3650 4 4 1 119 1 2 1145 381 1297 672
3651 4 4 1 119 1 2 1151 186 1149 190
3652 4 5 1 119 2 2 -1 1036 1042 1040 1154
3653 4 4 1 119 1 1 780 883 885 941
3654 4 4 1 119 1 1 779 883 780 941
3655 4 4 1 119 1 1 608 406 941 1291
3656 4 4 1 119 1 2 1202 777 1241 1238
3657 4 4 1 119 1 2 805 804 979 896
3658 4 4 1 119 1 2 121 553 183 1198
3659 4 4 1 119 1 2 1179 1189 675 1364
3660 4 4 1 119 1 2 1184 763 1243 1205
3661 4 4 1 119 1 2 545 1189 1098 1364
3662 4 4 1 119 1 2 1098 1189 1100 1364
3663 4 5 1 119 2 1 -2 679 367 1397 1396
3664 4 4 1 119 1 1 947 931 253 8
3665 4 4 1 119 1 1 881 749 934 977
3666 4 4 1 119 1 1 881 920 934 933
3667 4 4 1 119 1 1 931 965 976 253
3668 4 4 1 119 1 1 887 888 879 880
3669 4 4 1 119 1 2 938 937 743 897
3670 4 4 1 119 1 2 901 877 902 874
3671 4 4 1 119 1 2 204 233 128 501
3672 4 5 1 119 2 2 -1 182 367 1397 1253
3673 4 4 1 119 1 1 720 400 196 1396
3674 4 5 1 119 2 1 -2 202 182 1315 1253
3675 4 4 1 119 1 2 683 1420 1401 326
3676 4 4 1 119 1 2 272 804 643 477
3677 4 4 1 119 1 2 147 229 146 464
3678 4 4 1 119 1 2 328 143 232 144
3679 4 4 1 119 1 1 1272 1273 890 1346
3680 4 4 1 119 1 1 920 881 879 1276
3681 4 4 1 119 1 1 406 499 751 350
3682 4 4 1 119 1 1 1224 298 616 554
3683 4 5 1 119 2 1 -2 1046 1393 1396 1397
3684 4 5 1 119 2 1 -2 1394 1080 1397 1159
3685 4 5 1 119 2 1 -2 1393 1399 1396 1397
3686 4 4 1 119 1 2 1146 1145 191 1148
3687 4 4 1 119 1 2 186 1151 1379 695
3688 4 4 1 119 1 2 1118 1145 190 579
3689 4 4 1 119 1 1 284 608 941 1291
3690 4 4 1 119 1 2 771 219 231 1419
3691 4 4 1 119 1 2 1360 1356 1380 63
3692 4 4 1 119 1 2 802 796 798 1441
3693 4 4 1 119 1 2 1334 1355 422 1011
3694 4 4 1 119 1 2 50 64 1359 1007
3695 4 4 1 119 1 2 783 1376 1136 1377
3696 4 4 1 119 1 2 999 1000 1358 241
3697 4 4 1 119 1 2 999 68 61 1142
3698 4 4 1 119 1 2 53 58 685 1144
3699 4 4 1 119 1 1 284 406 941 608
3700 4 4 1 119 1 1 888 944 885 941
3701 4 4 1 119 1 2 590 371 1254 657
3702 4 4 1 119 1 2 1141 1102 1106 1209
3703 4 4 1 119 1 2 65 58 51 1141
3704 4 4 1 119 1 2 58 59 51 1141
3705 4 4 1 119 1 2 818 984 853 952
3706 4 4 1 119 1 1 88 499 496 20
3707 4 4 1 119 1 2 998 783 1336 1369
3708 4 4 1 119 1 2 859 84 83 73
3709 4 4 1 119 1 2 1190 998 1391 1192
3710 4 4 1 119 1 2 1377 1376 49 84
3711 4 4 1 119 1 2 80 860 13 84
3712 4 4 1 119 1 2 54 71 856 83
3713 4 4 1 119 1 2 788 71 856 79
3714 4 4 1 119 1 2 984 758 952 985
3715 4 4 1 119 1 2 971 928 984 853
3716 4 4 1 119 1 2 1000 998 1358 241
3717 4 4 1 119 1 1 95 729 251 138
3718 4 4 1 119 1 1 740 440 453 741
3719 4 4 1 119 1 1 727 209 736 210
3720 4 4 1 119 1 1 749 257 258 977
3721 4 4 1 119 1 2 1312 816 808 1367
3722 4 4 1 119 1 2 547 1437 473 1439
3723 4 4 1 119 1 2 988 993 983 990
3724 4 4 1 119 1 1 19 88 496 20
3725 4 4 1 119 1 2 648 663 1367 1312
3726 4 4 1 119 1 2 684 1416 515 1378
3727 4 4 1 119 1 2 862 954 1271 858
3728 4 4 1 119 1 1 256 921 742 466
3729 4 4 1 119 1 1 323 850 731 737
3730 4 4 1 119 1 1 209 346 97 96
3731 4 4 1 119 1 2 1096 1093 668 532
3732 4 4 1 119 1 1 883 888 885 941
3733 4 4 1 119 1 2 1305 639 384 693
3734 4 4 1 119 1 2 692 1382 385 1115
3735 4 4 1 119 1 1 888 883 944 941
3736 4 4 1 119 1 1 441 309 940 1279
3737 4 4 1 119 1 1 391 1223 598 554
3738 4 4 1 119 1 1 761 881 916 1279
3739 4 5 1 119 2 1 -2 1162 1057 1084 1081
3740 4 4 1 119 1 1 567 1086 536 1139
3741 4 4 1 119 1 1 1168 527 1120 917
3742 4 4 1 119 1 1 530 1140 516 598
3743 4 4 1 119 1 1 1140 1272 516 598
3744 4 4 1 119 1 1 1086 1137 1280 1282
3745 4 4 1 119 1 1 1223 1224 598 554
3746 4 4 1 119 1 1 1272 1140 530 598
3747 4 5 1 119 2 2 -1 1409 838 240 891
3748 4 4 1 119 1 1 1070 1064 765 1073
3749 4 4 1 119 1 2 533 1407 1408 266
3750 4 5 1 119 2 2 -1 1087 702 722 1062
3751 4 5 1 119 2 2 -1 511 1050 1051 1331
3752 4 4 1 119 1 2 1211 292 297 520
3753 4 4 1 119 1 1 948 1402 66 946
3754 4 4 1 119 1 1 883 879 940 1276
3755 4 4 1 119 1 1 750 88 751 499
3756 4 4 1 119 1 1 284 448 447 941
3757 4 4 1 119 1 1 883 888 879 1281
3758 4 4 1 119 1 1 1344 1206 1139 1086
3759 4 4 1 119 1 1 889 892 1138 1346
3760 4 4 1 119 1 1 391 567 536 1139
3761 4 4 1 119 1 1 915 1262 1259 911
3762 4 4 1 119 1 1 1223 1272 1273 889
3763 4 4 1 119 1 2 1002 1008 1001 1100
3764 4 4 1 119 1 2 386 610 1058 508
3765 4 4 1 119 1 1 1126 1167 1166 1259
3766 4 4 1 119 1 2 1008 305 545 632
3767 4 4 1 119 1 1 1074 516 265 268
3768 4 4 1 119 1 1 1206 1168 556 522
3769 4 4 1 119 1 2 1264 817 819 952
3770 4 4 1 119 1 1 434 608 1291 1292
3771 4 5 1 119 2 1 -2 1091 1289 1087 1062
3772 4 4 1 119 1 1 522 1206 268 556
3773 4 5 1 119 2 2 -1 670 1443 1128 722
3774 4 4 1 119 1 2 1129 1211 1049 520
3775 4 4 1 119 1 2 1318 1049 1110 1150
3776 4 4 1 119 1 1 1351 513 268 265
3777 4 4 1 119 1 2 817 819 952 853
3778 4 4 1 119 1 2 1113 1388 1170 1186
3779 4 4 1 119 1 1 1283 284 447 885
3780 4 4 1 119 1 1 1167 1168 1166 1344
3781 4 4 1 119 1 1 1272 1140 1139 530
3782 4 4 1 119 1 2 859 819 853 952
3783 4 4 1 119 1 1 600 1283 447 940
3784 4 5 1 119 2 1 -2 250 1090 246 252
3785 4 5 1 119 2 1 -2 1261 250 252 1083
3786 4 4 1 119 1 1 744 344 90 439
3787 4 4 1 119 1 1 744 348 344 439
3788 4 4 1 119 1 1 348 465 439 959
3789 4 5 1 119 2 1 -2 1123 1261 252 1083
3790 4 4 1 119 1 1 1081 1076 1274 516
3791 4 4 1 119 1 1 1063 1351 765 1073
3792 4 4 1 119 1 1 513 1125 1351 522
3793 4 4 1 119 1 1 332 1137 1166 556
3794 4 4 1 119 1 1 1262 1280 1276 1281
3795 4 4 1 119 1 2 935 859 853 952
3796 4 4 1 119 1 2 1184 1383 295 552
3797 4 4 1 119 1 2 1174 1169 1428 1182
3798 4 4 1 119 1 2 1096 1372 1132 1111
3799 4 4 1 119 1 2 860 859 935 952
3800 4 4 1 119 1 2 1118 1250 1385 589
3801 4 4 1 119 1 2 904 895 963 868
3802 4 4 1 119 1 2 379 1250 402 589
3803 4 4 1 119 1 2 297 1211 1318 559
3804 4 4 1 119 1 2 1448 213 216 218
3805 4 4 1 119 1 2 855 757 989 983
3806 4 4 1 119 1 2 437 321 983 872
3807 4 4 1 119 1 2 760 757 968 989
3808 4 4 1 119 1 2 191 1118 190 579
3809 4 4 1 119 1 2 1310 1030 757 330
3810 4 4 1 119 1 2 763 1233 1243 1204
3811 4 4 1 119 1 2 512 1185 691 1205
3812 4 4 1 119 1 2 980 1242 1303 825
3813 4 4 1 119 1 2 1373 403 503 807
3814 4 4 1 119 1 2 1389 577 561 1368
3815 4 4 1 119 1 2 590 539 657 1319
3816 4 4 1 119 1 2 873 904 963 868
3817 4 4 1 119 1 2 580 569 1380 623
3818 4 4 1 119 1 2 111 191 190 579
3819 4 4 1 119 1 2 272 804 1313 1263
3820 4 4 1 119 1 2 821 663 1312 1367
3821 4 4 1 119 1 2 1145 1118 190 191
3822 4 4 1 119 1 2 867 873 963 868
3823 4 4 1 119 1 2 569 580 1360 376
3824 4 4 1 119 1 2 1450 788 995 79
3825 4 4 1 119 1 1 299 1229 617 514
3826 4 4 1 119 1 1 1123 1261 1124 1260
3827 4 4 1 119 1 1 1064 1070 1072 1073
3828 4 4 1 119 1 2 1450 329 79 995
3829 4 4 1 119 1 2 71 788 1450 79
3830 4 4 1 119 1 2 788 856 995 79
3831 4 4 1 119 1 1 256 162 466 163
3832 4 4 1 119 1 1 139 728 260 261
3833 4 4 1 119 1 1 1013 738 930 737
3834 4 4 1 119 1 1 751 944 1402 66
3835 4 4 1 119 1 2 678 712 719 1445
3836 4 5 1 119 2 2 -1 511 588 1050 1331
3837 4 5 1 119 2 2 -1 1220 1091 1128 1221
3838 4 4 1 119 1 2 444 469 318 1029
3839 4 4 1 119 1 1 88 499 66 751
3840 4 4 1 119 1 1 525 751 1402 66
3841 4 4 1 119 1 2 1371 1428 696 552
3842 4 4 1 119 1 1 525 499 66 21
3843 4 4 1 119 1 2 229 147 470 464
3844 4 4 1 119 1 1 499 525 66 751
3845 4 4 1 119 1 1 462 1258 1259 1127
3846 4 4 1 119 1 1 1137 536 332 521
3847 4 4 1 119 1 1 462 911 851 1127
3848 4 4 1 119 1 1 1279 309 878 1275
3849 4 4 1 119 1 1 882 1262 1276 1281
3850 4 4 1 119 1 1 920 914 919 933
3851 4 4 1 119 1 1 347 275 740 438
3852 4 4 1 119 1 2 1450 43 79 329
3853 4 4 1 119 1 1 905 906 1016 918
3854 4 4 1 119 1 1 453 279 741 337
3855 4 4 1 119 1 2 867 898 868 963
3856 4 4 1 119 1 2 680 267 667 1114
3857 4 4 1 119 1 2 532 1096 534 668
3858 4 4 1 119 1 2 680 1101 267 1114
3859 4 4 1 119 1 2 1101 1096 668 267
3860 4 4 1 119 1 2 1178 624 621 1152
3861 4 4 1 119 1 2 1450 43 67 79
3862 4 4 1 119 1 2 544 1388 389 631
3863 4 4 1 119 1 2 1388 1112 389 631
3864 4 4 1 119 1 2 1178 1388 544 306
3865 4 4 1 119 1 2 1101 680 267 494
3866 4 4 1 119 1 2 1008 1098 628 632
3867 4 4 1 119 1 2 1101 494 677 1103
3868 4 4 1 119 1 2 894 895 868 963
3869 4 4 1 119 1 2 1141 1104 1106 1430
3870 4 4 1 119 1 2 898 894 868 963
3871 4 4 1 119 1 1 1350 1351 765 1045
3872 4 5 1 119 2 2 -1 1158 834 1034 247
3873 4 5 1 119 2 1 -2 1037 1156 1032 1269
3874 4 4 1 119 1 1 609 1421 1045 1326
3875 4 5 1 119 2 2 -1 498 689 1413 263
3876 4 4 1 119 1 1 1071 1037 1159 1269
3877 4 5 1 119 2 2 -1 1043 1410 1131 1249
3878 4 4 1 119 1 2 1030 142 330 338
3879 4 4 1 119 1 1 105 196 654 192
3880 4 4 1 119 1 2 437 961 792 962
3881 4 4 1 119 1 1 1433 739 841 842
3882 4 4 1 119 1 2 865 416 418 274
3883 4 5 1 119 2 1 -2 182 202 1315 196
3884 4 4 1 119 1 1 106 105 196 654
3885 4 4 1 119 1 2 571 693 1403 384
3886 4 4 1 119 1 2 1321 1031 974 1241
3887 4 5 1 119 2 1 -2 1057 1044 1249 1039
3888 4 5 1 119 2 1 -2 1057 1055 1165 1056
3889 4 4 1 119 1 2 586 862 358 1375
3890 4 5 1 119 2 2 -1 511 504 362 1331
3891 4 4 1 119 1 2 663 954 1367 1271
3892 4 4 1 119 1 2 1325 1200 974 1320
3893 4 4 1 119 1 2 652 1374 1375 358
3894 4 4 1 119 1 1 192 196 842 1315
3895 4 4 1 119 1 1 1431 839 842 841
3896 4 4 1 119 1 2 112 672 579 190
3897 4 5 1 119 2 1 -2 584 679 1396 369
3898 4 4 1 119 1 1 575 1075 640 1394
3899 4 4 1 119 1 2 953 954 808 955
3900 4 4 1 119 1 2 336 469 1419 676
3901 4 4 1 119 1 2 1442 721 716 473
3902 4 4 1 119 1 2 1031 1325 974 1320
3903 4 4 1 119 1 2 1303 980 1441 979
3904 4 4 1 119 1 2 1010 615 1335 573
3905 4 4 1 119 1 2 148 219 676 149
3906 4 4 1 119 1 2 796 785 1264 1265
3907 4 4 1 119 1 2 823 1322 1241 1247
3908 4 4 1 119 1 2 895 797 963 896
3909 4 4 1 119 1 2 1242 980 979 825
3910 4 4 1 119 1 1 181 1404 839 170
3911 4 4 1 119 1 1 738 766 930 201
3912 4 4 1 119 1 1 922 733 930 730
3913 4 4 1 119 1 1 170 138 847 929
3914 4 4 1 119 1 1 1069 1072 1067 1083
3915 4 4 1 119 1 1 766 738 732 767
3916 4 4 1 119 1 2 1325 1198 311 974
3917 4 4 1 119 1 2 1198 972 311 974
3918 4 4 1 119 1 1 139 728 729 210
3919 4 4 1 119 1 1 1020 323 649 736
3920 4 4 1 119 1 1 1013 323 850 409
3921 4 4 1 119 1 1 1020 98 210 736
3922 4 4 1 119 1 1 323 438 850 409
3923 4 4 1 119 1 2 830 1200 974 1325
3924 4 4 1 119 1 1 832 767 732 840
3925 4 4 1 119 1 2 1198 830 974 1325
3926 4 4 1 119 1 1 438 449 850 409
3927 4 4 1 119 1 1 98 209 210 736
3928 4 4 1 119 1 1 1291 885 1348 1292
3929 4 4 1 119 1 2 782 939 985 226
3930 4 5 1 119 2 2 -1 1087 1091 1128 1220
3931 4 4 1 119 1 1 943 1222 1214 1215
3932 4 4 1 119 1 2 1104 537 1209 558
3933 4 4 1 119 1 2 373 1104 1209 558
3934 4 4 1 119 1 1 1222 752 1214 1215
3935 4 5 1 119 2 1 -2 75 949 1424 1215
3936 4 5 1 119 2 1 -2 606 1426 1087 709
3937 4 4 1 119 1 1 1224 1311 1225 1346
3938 4 4 1 119 1 1 1125 1168 522 1120
3939 4 4 1 119 1 2 373 537 1104 558
3940 4 5 1 119 2 2 -1 837 838 1088 1066
3941 4 4 1 119 1 2 435 655 1368 622
3942 4 4 1 119 1 2 215 782 985 226
3943 4 4 1 119 1 2 771 936 1014 342
3944 4 4 1 119 1 2 6 781 74 985
3945 4 4 1 119 1 2 771 469 280 342
3946 4 4 1 119 1 2 341 773 345 280
3947 4 4 1 119 1 2 212 6 74 985
3948 4 4 1 119 1 2 1024 936 778 342
3949 4 4 1 119 1 2 771 936 342 773
3950 4 4 1 119 1 2 341 773 280 342
3951 4 4 1 119 1 2 984 970 74 985
3952 4 4 1 119 1 2 12 998 241 1358
3953 4 4 1 119 1 2 59 1300 1142 1143
3954 4 4 1 119 1 2 1113 1035 1171 1309
3955 4 4 1 119 1 2 60 998 1358 784
3956 4 4 1 119 1 2 1093 519 668 532
3957 4 4 1 119 1 2 1008 1002 1099 1095
3958 4 4 1 119 1 2 970 212 74 985
3959 4 4 1 119 1 2 212 970 984 985
3960 4 4 1 119 1 2 802 795 1363 808
3961 4 4 1 119 1 2 712 1443 653 723
3962 4 4 1 119 1 2 870 804 477 967
3963 4 4 1 119 1 1 310 1026 487 471
3964 4 4 1 119 1 1 1013 1026 487 978
3965 4 4 1 119 1 2 894 868 770 897
3966 4 4 1 119 1 2 788 992 856 852
3967 4 4 1 119 1 1 408 1013 487 978
3968 4 4 1 119 1 2 937 936 938 902
3969 4 4 1 119 1 1 323 1013 487 409
3970 4 4 1 119 1 2 804 964 979 896
3971 4 4 1 119 1 2 821 450 988 951
3972 4 4 1 119 1 2 964 817 1264 785
3973 4 4 1 119 1 2 870 804 820 962
3974 4 4 1 119 1 2 988 450 308 951
3975 4 4 1 119 1 2 1416 627 368 1375
3976 4 4 1 119 1 2 873 782 963 869
3977 4 4 1 119 1 2 222 6 985 781
3978 4 4 1 119 1 2 308 852 951 820
3979 4 4 1 119 1 1 209 139 1012 500
3980 4 4 1 119 1 2 981 828 825 1302
3981 4 4 1 119 1 2 804 795 979 796
3982 4 4 1 119 1 2 1236 188 134 1237
3983 4 4 1 119 1 2 614 591 1383 828
3984 4 4 1 119 1 2 393 591 614 828
3985 4 4 1 119 1 1 729 95 730 138
3986 4 4 1 119 1 2 6 222 985 215
3987 4 4 1 119 1 1 768 846 732 1353
3988 4 4 1 119 1 1 840 846 957 1353
3989 4 4 1 119 1 1 364 706 841 673
3990 4 4 1 119 1 1 697 1431 192 842
3991 4 4 1 119 1 1 843 844 840 1229
3992 4 4 1 119 1 1 844 768 732 1353
3993 4 4 1 119 1 1 915 849 1121 1122
3994 4 4 1 119 1 1 740 440 742 905
3995 4 4 1 119 1 1 138 210 730 201
3996 4 4 1 119 1 1 440 275 431 905
3997 4 4 1 119 1 2 1377 1376 84 861
3998 4 4 1 119 1 2 660 41 56 411
3999 4 4 1 119 1 2 41 660 56 70
4000 4 4 1 119 1 2 411 42 56 67
4001 4 4 1 119 1 2 1377 953 759 1265
4002 4 4 1 119 1 2 859 860 84 861
4003 4 4 1 119 1 2 855 757 875 989
4004 4 4 1 119 1 2 793 865 791 416
4005 4 4 1 119 1 2 872 866 875 928
4006 4 4 1 119 1 2 991 992 968 787
4007 4 4 1 119 1 2 254 222 985 781
4008 4 4 1 119 1 2 254 6 781 14
4009 4 4 1 119 1 1 749 257 754 755
4010 4 4 1 119 1 1 277 959 461 460
4011 4 4 1 119 1 1 780 878 879 753
4012 4 4 1 119 1 1 434 284 885 1291
4013 4 4 1 119 1 2 804 805 979 807
4014 4 4 1 119 1 2 898 756 963 867
4015 4 4 1 119 1 2 1324 1322 743 897
4016 4 4 1 119 1 2 898 964 963 818
4017 4 4 1 119 1 2 895 801 797 896
4018 4 4 1 119 1 1 1162 1288 354 1061
4019 4 4 1 119 1 1 1288 605 354 1061
4020 4 4 1 119 1 1 455 431 1017 906
4021 4 4 1 119 1 1 95 729 730 210
4022 4 4 1 119 1 1 729 138 730 251
4023 4 4 1 119 1 1 155 926 258 934
4024 4 4 1 119 1 2 222 254 985 215
4025 4 4 1 119 1 2 1001 1356 1007 996
4026 4 5 1 119 2 1 -2 1261 237 1260 252
4027 4 4 1 119 1 1 920 914 912 911
4028 4 4 1 119 1 1 312 1016 918 912
4029 4 4 1 119 1 1 430 455 907 316
4030 4 4 1 119 1 2 1361 429 996 1001
4031 4 4 1 119 1 1 273 420 1387 927
4032 4 4 1 119 1 1 975 1387 916 927
4033 4 4 1 119 1 1 1387 975 1019 927
4034 4 4 1 119 1 1 261 165 164 741
4035 4 4 1 119 1 1 916 1387 933 927
4036 4 4 1 119 1 2 777 176 199 1322
4037 4 4 1 119 1 2 574 662 1325 352
4038 4 4 1 119 1 2 870 898 896 894
4039 4 4 1 119 1 2 205 171 972 179
4040 4 4 1 119 1 2 782 797 1265 963
4041 4 4 1 119 1 2 898 870 867 868
4042 4 4 1 119 1 2 876 871 866 868
4043 4 4 1 119 1 2 1265 782 963 952
4044 4 4 1 119 1 1 1405 948 1214 1417
4045 4 4 1 119 1 1 360 1213 380 1406
4046 4 5 1 119 2 2 -1 1092 75 77 1424
4047 4 4 1 119 1 1 560 709 380 1213
4048 4 4 1 119 1 1 560 1426 709 1213
4049 4 4 1 119 1 1 949 1213 1214 1406
4050 4 4 1 119 1 1 750 959 753 747
4051 4 4 1 119 1 1 156 15 48 502
4052 4 4 1 119 1 1 750 751 944 941
4053 4 4 1 119 1 1 780 448 941 447
4054 4 4 1 119 1 1 474 331 324 754
4055 4 4 1 119 1 1 257 749 748 977
4056 4 4 1 119 1 1 744 960 747 748
4057 4 4 1 119 1 1 749 881 748 977
4058 4 4 1 119 1 2 1310 338 330 484
4059 4 4 1 119 1 2 1310 635 338 484
4060 4 4 1 119 1 2 232 328 478 230
4061 4 4 1 119 1 2 492 429 996 300
4062 4 4 1 119 1 2 937 1324 973 743
4063 4 4 1 119 1 2 953 1264 808 819
4064 4 4 1 119 1 2 971 987 758 984
4065 4 4 1 119 1 2 928 818 984 853
4066 4 4 1 119 1 2 993 489 995 990
4067 4 4 1 119 1 2 416 865 418 446
4068 4 4 1 119 1 2 877 772 874 901
4069 4 4 1 119 1 2 230 143 478 330
4070 4 4 1 119 1 2 993 278 990 988
4071 4 4 1 119 1 2 986 971 757 875
4072 4 4 1 119 1 2 315 1450 995 329
4073 4 4 1 119 1 2 994 69 44 79
4074 4 4 1 119 1 2 855 992 757 983
4075 4 4 1 119 1 2 982 321 480 989
4076 4 4 1 119 1 2 793 865 416 446
4077 4 4 1 119 1 2 988 443 308 405
4078 4 4 1 119 1 2 1135 492 996 300
4079 4 4 1 119 1 2 84 861 49 73
4080 4 4 1 119 1 2 1378 1416 1005 1375
4081 4 4 1 119 1 2 811 1400 1395 1440
4082 4 4 1 119 1 2 355 548 1371 1434
4083 4 4 1 119 1 2 828 981 1434 1302
4084 4 4 1 119 1 2 1112 1115 1309 1176
4085 4 4 1 119 1 2 1373 271 809 803
4086 4 4 1 119 1 2 245 811 1237 1172
4087 4 4 1 119 1 2 901 771 1029 1419
4088 4 4 1 119 1 2 793 865 313 871
4089 4 4 1 119 1 1 138 170 730 929
4090 4 4 1 119 1 2 300 1135 1361 996
4091 4 4 1 119 1 2 429 300 1361 996
4092 4 4 1 119 1 1 1013 768 846 978
4093 4 4 1 119 1 1 1026 1027 487 978
4094 4 4 1 119 1 1 1026 310 487 1027
4095 4 4 1 119 1 2 1035 1113 1414 1309
4096 4 5 1 119 2 2 -1 1365 834 835 1154
4097 4 4 1 119 1 2 1345 538 1297 1116
4098 4 5 1 119 2 1 -2 1072 1069 1084 1083
4099 4 5 1 119 2 2 -1 644 679 367 1253
4100 4 4 1 119 1 1 1075 1080 1394 1159
4101 4 5 1 119 2 2 -1 1163 1343 1084 1427
4102 4 4 1 119 1 1 1333 1047 1194 1048
4103 4 4 1 119 1 2 511 689 534 1413
4104 4 5 1 119 2 1 -2 1037 1156 1071 1039
4105 4 5 1 119 2 1 -2 1222 1091 1219 1084
4106 4 4 1 119 1 1 1074 762 1072 1076
4107 4 4 1 119 1 1 1332 1196 264 518
4108 4 4 1 119 1 1 958 1350 1287 1073
4109 4 5 1 119 2 2 -1 1085 1163 1088 1084
4110 4 5 1 119 2 2 -1 1407 498 1248 1413
4111 4 4 1 119 1 2 1134 1438 637 1059
4112 4 5 1 119 2 2 -1 1092 702 670 722
4113 4 4 1 119 1 2 539 610 1059 637
4114 4 4 1 119 1 2 1001 1193 1359 1007
4115 4 4 1 119 1 2 1134 539 1059 637
4116 4 4 1 119 1 2 1099 296 1319 1209
4117 4 4 1 119 1 1 1063 1351 1073 265
4118 4 4 1 119 1 1 1063 1064 765 1045
4119 4 4 1 119 1 1 513 604 1350 1351
4120 4 4 1 119 1 1 845 1352 1227 1353
4121 4 4 1 119 1 2 1192 784 1359 1357
4122 4 4 1 119 1 1 1086 1344 536 1139
4123 4 4 1 119 1 2 997 998 1369 1359
4124 4 4 1 119 1 1 1332 1338 1196 518
4125 4 4 1 119 1 1 1081 1162 354 1061
4126 4 5 1 119 2 1 -2 1047 1195 1194 1043
4127 4 4 1 119 1 1 567 391 889 1139
4128 4 4 1 119 1 1 320 741 742 467
4129 4 4 1 119 1 1 882 462 1259 911
4130 4 5 1 119 2 2 -1 1060 1164 1221 1445
4131 4 5 1 119 2 2 -1 1164 1343 1060 1221
4132 4 5 1 119 2 2 -1 25 77 1424 724
4133 4 4 1 119 1 1 165 741 467 164
4134 4 4 1 119 1 2 1256 76 1257 1444
4135 4 5 1 119 2 2 -1 1218 1427 246 1216
4136 4 4 1 119 1 2 55 29 713 28
4137 4 4 1 119 1 2 1041 1251 1110 1117
4138 4 4 1 119 1 2 1098 1100 1403 1364
4139 4 4 1 119 1 2 571 1179 675 1403
4140 4 4 1 119 1 2 1191 1307 1308 1100
4141 4 4 1 119 1 2 1101 494 267 677
4142 4 4 1 119 1 1 466 256 472 742
4143 4 4 1 119 1 1 163 256 472 466
4144 4 4 1 119 1 2 386 508 1093 532
4145 4 4 1 119 1 2 1193 57 50 1007
4146 4 4 1 119 1 2 1035 1400 1171 1309
4147 4 4 1 119 1 2 1101 680 494 1114
4148 4 4 1 119 1 1 1125 1351 522 1073
4149 4 4 1 119 1 1 1354 413 1352 617
4150 4 4 1 119 1 1 1074 1206 268 1073
4151 4 4 1 119 1 1 397 600 425 886
4152 4 4 1 119 1 1 641 1063 1076 265
4153 4 4 1 119 1 1 1074 1206 1073 1082
4154 4 4 1 119 1 1 604 513 1125 1351
4155 4 4 1 119 1 1 1046 1393 1270 584
4156 4 4 1 119 1 2 1190 1192 1391 996
4157 4 4 1 119 1 2 1376 861 863 49
4158 4 4 1 119 1 2 799 1395 1391 1440
4159 4 4 1 119 1 2 411 1450 476 67
4160 4 4 1 119 1 2 41 660 70 1374
4161 4 4 1 119 1 2 42 411 476 67
4162 4 4 1 119 1 2 492 435 1368 1390
4163 4 4 1 119 1 2 57 64 50 1007
4164 4 4 1 119 1 2 1356 57 50 1193
4165 4 4 1 119 1 2 1378 1005 1007 1011
4166 4 4 1 119 1 2 1049 1041 1385 1110
4167 4 4 1 119 1 2 1108 1411 1412 836
4168 4 4 1 119 1 2 1146 1145 1318 1150
4169 4 4 1 119 1 2 1107 1211 1110 1049
4170 4 5 1 119 2 2 -1 208 1251 367 1253
4171 4 4 1 119 1 2 1334 1378 1007 1011
4172 4 5 1 119 2 2 -1 1032 1043 1408 1248
4173 4 4 1 119 1 2 1250 1118 1148 1251
4174 4 5 1 119 2 1 -2 1158 1068 247 1066
4175 4 4 1 119 1 2 1000 999 240 241
4176 4 4 1 119 1 1 1258 521 592 269
4177 4 4 1 119 1 1 462 664 592 1258
4178 4 4 1 119 1 2 763 1184 1243 1023
4179 4 4 1 119 1 2 1428 710 493 552
4180 4 4 1 119 1 2 52 1005 57 1007
4181 4 4 1 119 1 2 544 1169 428 493
4182 4 4 1 119 1 1 1258 332 543 592
4183 4 4 1 119 1 2 1437 1179 1176 1191
4184 4 4 1 119 1 2 680 494 1114 1115
4185 4 4 1 119 1 2 1002 1102 1095 1210
4186 4 4 1 119 1 2 796 1266 798 797
4187 4 4 1 119 1 2 503 1330 1363 803
4188 4 4 1 119 1 2 699 1098 1099 1095
4189 4 4 1 119 1 2 581 694 955 622
4190 4 4 1 119 1 2 1193 1356 1007 1001
4191 4 4 1 119 1 2 981 1302 1183 1434
4192 4 4 1 119 1 2 797 801 979 896
4193 4 4 1 119 1 2 1322 199 1199 973
4194 4 4 1 119 1 2 1200 830 1204 1232
4195 4 4 1 119 1 2 1235 1322 1241 823
4196 4 4 1 119 1 2 1177 1182 1370 1243
4197 4 4 1 119 1 2 691 174 1205 634
4198 4 4 1 119 1 1 525 350 690 1402
4199 4 5 1 119 2 1 -2 75 1417 1215 62
4200 4 4 1 119 1 1 560 892 1213 562
4201 4 4 1 119 1 2 972 482 311 417
4202 4 4 1 119 1 1 703 1426 949 380
4203 4 4 1 119 1 1 751 944 946 1402
4204 4 4 1 119 1 1 360 560 1213 562
4205 4 4 1 119 1 1 513 604 1125 522
4206 4 4 1 119 1 1 892 560 1225 645
4207 4 5 1 119 2 1 -2 1091 1087 1346 945
4208 4 4 1 119 1 2 822 596 359 1320
4209 4 4 1 119 1 2 1240 1239 1237 824
4210 4 4 1 119 1 2 200 1240 1203 1204
4211 4 4 1 119 1 2 1418 1201 1205 1204
4212 4 4 1 119 1 2 1003 950 240 10
4213 4 4 1 119 1 2 873 939 226 220
4214 4 4 1 119 1 2 756 898 963 818
4215 4 4 1 119 1 2 895 801 869 797
4216 4 4 1 119 1 2 777 1321 1241 1322
4217 4 4 1 119 1 2 1202 200 178 193
4218 4 4 1 119 1 2 936 491 276 342
4219 4 4 1 119 1 2 804 794 272 643
4220 4 4 1 119 1 2 596 1246 359 1320
4221 4 4 1 119 1 2 1014 414 276 877
4222 4 4 1 119 1 2 1245 1246 1320 1325
4223 4 4 1 119 1 2 899 826 647 1320
4224 4 4 1 119 1 2 1438 712 678 1257
4225 4 4 1 119 1 2 81 712 1438 1257
4226 4 4 1 119 1 2 395 315 857 410
4227 4 4 1 119 1 2 795 1330 1363 808
4228 4 4 1 119 1 2 300 1135 435 655
4229 4 4 1 119 1 2 1189 357 1390 1006
4230 4 4 1 119 1 2 1135 435 655 1368
4231 4 4 1 119 1 2 535 1135 300 655
4232 4 4 1 119 1 2 585 615 378 1335
4233 4 4 1 119 1 1 879 883 1281 1276
4234 4 4 1 119 1 1 849 1384 1127 1259
4235 4 4 1 119 1 1 658 441 1279 309
4236 4 4 1 119 1 1 1384 1121 1127 1259
4237 4 4 1 119 1 1 915 911 1259 1127
4238 4 4 1 119 1 1 1261 1278 237 880
4239 4 4 1 119 1 1 878 441 780 940
4240 4 4 1 119 1 1 1280 1283 1276 1281
4241 4 4 1 119 1 2 1244 1240 200 1204
4242 4 4 1 119 1 2 1200 827 974 1320
4243 4 4 1 119 1 2 1202 178 1203 1204
4244 4 4 1 119 1 2 352 553 830 607
4245 4 4 1 119 1 2 183 1200 178 172
4246 4 4 1 119 1 2 784 60 1359 1358
4247 4 4 1 119 1 2 1268 1389 996 1368
4248 4 4 1 119 1 2 1409 837 1410 1034
4249 4 4 1 119 1 2 996 1001 1359 1007
4250 4 4 1 119 1 2 240 1409 236 244
4251 4 4 1 119 1 2 854 821 1312 1367
4252 4 4 1 119 1 2 394 815 648 1367
4253 4 4 1 119 1 2 278 982 990 988
4254 4 4 1 119 1 2 899 647 900 1320
4255 4 4 1 119 1 2 815 546 287 1367
4256 4 4 1 119 1 2 821 854 1312 806
4257 4 4 1 119 1 2 821 854 954 1367
4258 4 4 1 119 1 2 1202 185 1199 193
4259 4 4 1 119 1 2 981 393 825 828
4260 4 4 1 119 1 2 1246 423 647 665
4261 4 5 1 119 2 2 -1 187 206 136 835
4262 4 4 1 119 1 2 777 1322 1241 1235
4263 4 4 1 119 1 2 662 423 1246 665
4264 4 4 1 119 1 2 836 1409 242 236
4265 4 4 1 119 1 2 176 777 1323 1322
4266 4 4 1 119 1 2 133 176 188 1236
4267 4 4 1 119 1 2 800 1239 1237 1180
4268 4 4 1 119 1 2 1180 1239 1237 1181
4269 4 4 1 119 1 2 52 1334 57 618
4270 4 4 1 119 1 2 1355 580 623 422
4271 4 4 1 119 1 2 1189 492 1390 545
4272 4 4 1 119 1 2 627 684 1378 1416
4273 4 4 1 119 1 2 783 1266 1369 1317
4274 4 4 1 119 1 2 535 1135 1378 1334
4275 4 4 1 119 1 2 1378 1135 655 1005
4276 4 4 1 119 1 2 954 953 862 863
4277 4 4 1 119 1 2 1306 1301 1358 1192
4278 4 4 1 119 1 2 1145 559 1318 1116
4279 4 4 1 119 1 2 629 1112 583 631
4280 4 4 1 119 1 2 1388 1178 1175 1186
4281 4 4 1 119 1 2 1169 1178 1175 1170
4282 4 4 1 119 1 2 1295 168 169 1187
4283 4 4 1 119 1 2 1174 356 1169 1170
4284 4 4 1 119 1 2 1318 297 540 1049
4285 4 4 1 119 1 2 656 297 540 1318
4286 4 4 1 119 1 2 305 429 1361 1001
4287 4 4 1 119 1 2 12 60 1358 61
4288 4 4 1 119 1 2 1141 1104 864 1099
4289 4 4 1 119 1 2 953 1317 861 863
4290 4 4 1 119 1 2 60 998 1359 1136
4291 4 4 1 119 1 2 52 1416 1005 1378
4292 4 4 1 119 1 2 1010 701 573 809
4293 4 4 1 119 1 2 64 1005 1359 1007
4294 4 4 1 119 1 2 1301 1300 999 1358
4295 4 4 1 119 1 2 1266 1267 808 802
4296 4 4 1 119 1 2 796 1266 808 802
4297 4 4 1 119 1 2 816 804 1313 272
4298 4 4 1 119 1 2 815 396 1313 1263
4299 4 4 1 119 1 2 394 815 1367 1284
4300 4 4 1 119 1 2 546 394 1367 1284
4301 4 4 1 119 1 2 815 546 1367 1284
4302 4 4 1 119 1 2 816 804 806 1313
4303 4 4 1 119 1 2 1267 789 1268 814
4304 4 4 1 119 1 2 1416 52 78 38
4305 4 4 1 119 1 2 599 78 1374 39
4306 4 4 1 119 1 2 865 1015 475 313
4307 4 4 1 119 1 2 694 577 1335 814
4308 4 4 1 119 1 2 815 287 585 814
4309 4 4 1 119 1 2 1189 545 1390 357
4310 4 4 1 119 1 2 468 1015 475 418
4311 4 4 1 119 1 2 1268 789 1010 814
4312 4 4 1 119 1 2 1190 799 1391 998
4313 4 4 1 119 1 2 615 694 814 585
4314 4 4 1 119 1 2 1174 1180 1021 1183
4315 4 4 1 119 1 2 317 1015 475 468
4316 4 4 1 119 1 2 244 1409 242 1034
4317 4 4 1 119 1 2 999 68 11 61
4318 4 4 1 119 1 2 1317 955 1369 863
4319 4 4 1 119 1 2 789 1010 809 1304
4320 4 4 1 119 1 2 1113 1112 1150 1109
4321 4 4 1 119 1 2 1318 1145 1116 1150
4322 4 4 1 119 1 2 1178 1388 1175 1170
4323 4 5 1 119 2 2 -1 1410 1131 1033 1040
4324 4 4 1 119 1 2 785 964 797 796
4325 4 4 1 119 1 2 1000 1415 1414 236
4326 4 4 1 119 1 1 1080 1068 1159 1071
4327 4 4 1 119 1 2 1334 52 57 1007
4328 4 5 1 119 2 2 -1 1042 1422 293 1032
4329 4 4 1 119 1 1 1404 1316 181 1314
4330 4 5 1 119 2 2 -1 182 184 1253 202
4331 4 5 1 119 2 2 -1 184 1251 1253 1252
4332 4 4 1 119 1 1 706 705 299 1433
4333 4 4 1 119 1 1 370 400 842 654
4334 4 4 1 119 1 1 370 1432 1433 842
4335 4 4 1 119 1 1 705 1432 1433 370
4336 4 4 1 119 1 2 1378 52 1007 1005
4337 4 5 1 119 2 2 -1 1066 247 244 252
4338 4 5 1 119 2 2 -1 1163 1085 246 1427
4339 4 4 1 119 1 2 1334 52 1007 1378
4340 4 5 1 119 2 1 -2 1092 949 752 1215
4341 4 4 1 119 1 1 1057 1338 1048 1056
4342 4 5 1 119 2 1 -2 703 686 380 1424
4343 4 4 1 119 1 1 319 483 1018 324
4344 4 5 1 119 2 2 -1 72 1218 87 1220
4345 4 4 1 119 1 1 562 1402 946 690
4346 4 5 1 119 2 1 -2 1417 24 682 23
4347 4 4 1 119 1 2 619 174 116 634
4348 4 4 1 119 1 1 761 483 1018 319
4349 4 4 1 119 1 1 706 705 1433 630
4350 4 4 1 119 1 1 748 749 754 1018
4351 4 4 1 119 1 1 1046 1075 304 1394
4352 4 4 1 119 1 1 844 767 514 841
4353 4 4 1 119 1 1 881 749 748 1018
4354 4 4 1 119 1 1 767 364 177 526
4355 4 4 1 119 1 1 526 364 177 102
4356 4 4 1 119 1 1 1432 1421 640 289
4357 4 4 1 119 1 1 1393 1046 304 1394
4358 4 5 1 119 2 1 -2 650 505 1161 1270
4359 4 4 1 119 1 1 1046 303 304 575
4360 4 4 1 119 1 1 101 526 177 102
4361 4 4 1 119 1 1 839 181 198 192
4362 4 4 1 119 1 2 1440 1391 798 1441
4363 4 4 1 119 1 1 483 975 761 1018
4364 4 4 1 119 1 1 744 344 339 283
4365 4 4 1 119 1 1 744 348 339 344
4366 4 4 1 119 1 2 254 6 222 781
4367 4 4 1 119 1 2 85 970 5 74
4368 4 4 1 119 1 2 1303 1440 1441 1392
4369 4 4 1 119 1 1 932 748 754 1018
4370 4 4 1 119 1 2 314 893 666 647
4371 4 4 1 119 1 2 59 1300 61 1142
4372 4 4 1 119 1 2 314 893 415 666
4373 4 4 1 119 1 2 805 893 666 643
4374 4 4 1 119 1 2 805 643 666 359
4375 4 4 1 119 1 2 826 805 666 359
4376 4 5 1 119 2 2 -1 838 1052 1249 1163
4377 4 4 1 119 1 1 932 881 748 1018
4378 4 4 1 119 1 2 144 232 436 145
4379 4 4 1 119 1 2 219 772 1029 901
4380 4 4 1 119 1 2 470 903 318 1029
4381 4 4 1 119 1 2 232 328 144 436
4382 4 4 1 119 1 2 231 336 149 150
4383 4 4 1 119 1 2 470 219 1029 1419
4384 4 4 1 119 1 1 741 165 467 337
4385 4 4 1 119 1 2 903 219 1029 470
4386 4 4 1 119 1 2 171 778 195 180
4387 4 4 1 119 1 2 219 229 1029 772
4388 4 4 1 119 1 2 1212 1113 1150 1109
4389 4 4 1 119 1 1 761 881 753 1018
4390 4 4 1 119 1 2 1112 1113 1186 1388
4391 4 4 1 119 1 2 375 1151 1379 1152
4392 4 4 1 119 1 1 749 755 754 1018
4393 4 4 1 119 1 2 110 711 197 402
4394 4 4 1 119 1 2 1294 188 1296 207
4395 4 4 1 119 1 2 120 553 183 121
4396 4 4 1 119 1 2 551 553 183 120
4397 4 4 1 119 1 2 1321 777 1241 1199
4398 4 4 1 119 1 2 1201 173 830 1204
4399 4 4 1 119 1 2 1340 827 1232 829
4400 4 4 1 119 1 1 331 485 324 1018
4401 4 4 1 119 1 2 1200 183 178 173
4402 4 4 1 119 1 1 753 324 1018 754
4403 4 4 1 119 1 2 1135 535 1378 655
4404 4 4 1 119 1 2 229 903 1029 772
4405 4 4 1 119 1 2 903 229 1029 219
4406 4 4 1 119 1 2 593 394 602 1330
4407 4 4 1 119 1 2 1415 1306 1095 1000
4408 4 5 1 119 2 2 -1 611 510 1040 387
4409 4 4 1 119 1 2 1268 1004 814 1010
4410 4 4 1 119 1 2 1303 1302 1183 1392
4411 4 4 1 119 1 2 701 810 1390 357
4412 4 5 1 119 2 2 -1 1032 1422 293 1040
4413 4 5 1 119 2 2 -1 670 1443 653 724
4414 4 5 1 119 2 2 -1 611 1032 293 1040
4415 4 4 1 119 1 2 355 1371 696 552
4416 4 4 1 119 1 2 632 1098 628 388
4417 4 5 1 119 2 2 -1 1422 611 293 1040
4418 4 4 1 119 1 2 414 452 454 877
4419 4 4 1 119 1 2 899 893 454 647
4420 4 4 1 119 1 2 893 314 454 647
4421 4 4 1 119 1 2 452 893 454 899
4422 4 4 1 119 1 2 893 452 454 314
4423 4 5 1 119 2 2 -1 505 1032 1040 510
4424 4 4 1 119 1 2 1241 1202 974 1199
4425 4 4 1 119 1 2 900 1031 1325 311
4426 4 4 1 119 1 2 900 972 974 311
4427 4 4 1 119 1 2 1246 1245 307 1325
4428 4 4 1 119 1 2 1245 574 307 1325
4429 4 4 1 119 1 2 1246 662 1325 307
4430 4 4 1 119 1 2 662 574 1325 307
4431 4 4 1 119 1 2 1334 422 623 618
4432 4 4 1 119 1 2 1355 580 1380 623
4433 4 4 1 119 1 2 821 854 852 858
4434 4 4 1 119 1 2 57 1356 50 63
4435 4 4 1 119 1 2 1360 1355 1380 1356
4436 4 4 1 119 1 2 535 1334 618 422
4437 4 4 1 119 1 1 209 728 1012 139
4438 4 4 1 119 1 1 167 260 500 1012
4439 4 4 1 119 1 1 1140 1074 1206 268
4440 4 4 1 119 1 1 279 740 741 736
4441 4 5 1 119 2 2 -1 611 505 1040 510
4442 4 5 1 119 2 2 -1 505 611 1040 1032
4443 4 5 1 119 2 1 -2 182 108 107 720
4444 4 5 1 119 2 1 -2 1316 202 1314 1315
4445 4 4 1 119 1 1 1208 839 1314 1329
4446 4 4 1 119 1 1 1080 1208 1314 1329
4447 4 4 1 119 1 1 738 766 201 177
4448 4 4 1 119 1 1 1140 530 516 268
4449 4 4 1 119 1 1 196 400 654 842
4450 4 4 1 119 1 1 1140 1206 530 268
4451 4 5 1 119 2 2 -1 247 244 242 1034
4452 4 4 1 119 1 2 1010 615 573 377
4453 4 4 1 119 1 2 1010 615 377 577
4454 4 4 1 119 1 2 1389 1010 377 577
4455 4 4 1 119 1 2 774 195 129 130
4456 4 4 1 119 1 2 231 282 336 150
4457 4 5 1 119 2 1 -2 1341 1055 1056 1051
4458 4 4 1 119 1 2 414 1014 276 444
4459 4 4 1 119 1 2 231 282 150 233
4460 4 4 1 119 1 2 219 901 1029 1419
4461 4 5 1 119 2 1 -2 1165 1341 1056 1051
4462 4 5 1 119 2 1 -2 1055 1165 1056 1051
4463 4 4 1 119 1 1 728 733 1028 730
4464 4 4 1 119 1 2 865 1015 468 418
4465 4 4 1 119 1 2 233 282 501 345
4466 4 4 1 119 1 1 1406 1417 682 563
4467 4 4 1 119 1 2 936 900 454 276
4468 4 4 1 119 1 1 424 457 1016 432
4469 4 4 1 119 1 1 279 347 741 740
4470 4 4 1 119 1 1 1019 975 933 927
4471 4 4 1 119 1 1 1406 1405 1417 563
4472 4 4 1 119 1 1 257 749 258 755
4473 4 4 1 119 1 1 139 95 729 261
4474 4 5 1 119 2 1 -2 504 1341 1051 1342
4475 4 4 1 119 1 1 742 256 472 164
4476 4 4 1 119 1 2 169 1295 1187 1188
4477 4 5 1 119 2 2 -1 1060 504 1051 1342
4478 4 5 1 119 2 1 -2 1055 1164 1051 1342
4479 4 4 1 119 1 2 1145 1151 1297 813
4480 4 5 1 119 2 2 -1 1164 1060 1051 1342
4481 4 4 1 119 1 2 1146 1147 1148 189
4482 4 4 1 119 1 2 130 228 1025 131
4483 4 4 1 119 1 2 1025 211 774 130
4484 4 4 1 119 1 2 778 1024 773 180
4485 4 4 1 119 1 1 728 729 1028 261
4486 4 4 1 119 1 1 768 850 908 769
4487 4 4 1 119 1 1 733 728 210 730
4488 4 4 1 119 1 1 706 1431 1433 841
4489 4 4 1 119 1 1 839 1404 1329 840
4490 4 4 1 119 1 1 170 138 730 201
4491 4 4 1 119 1 1 728 729 210 730
4492 4 4 1 119 1 2 756 782 867 873
4493 4 5 1 119 2 2 -1 504 610 1060 1051
4494 4 5 1 119 2 2 -1 610 504 1058 1051
4495 4 4 1 119 1 2 854 806 820 853
4496 4 4 1 119 1 2 71 1450 858 857
4497 4 4 1 119 1 2 241 245 798 248
4498 4 4 1 119 1 2 861 862 73 858
4499 4 4 1 119 1 2 110 707 197 111
4500 4 5 1 119 2 2 -1 722 651 1062 1342
4501 4 4 1 119 1 2 1118 1318 1049 1110
4502 4 4 1 119 1 2 1049 1107 1040 1110
4503 4 4 1 119 1 1 833 832 839 170
4504 4 4 1 119 1 1 1027 201 101 177
4505 4 4 1 119 1 1 1223 889 1348 564
4506 4 4 1 119 1 1 103 364 198 673
4507 4 4 1 119 1 1 155 926 237 924
4508 4 4 1 119 1 1 99 1026 201 100
4509 4 4 1 119 1 1 738 201 930 737
4510 4 4 1 119 1 1 848 850 930 731
4511 4 4 1 119 1 1 1225 1223 1348 564
4512 4 5 1 119 2 2 -1 651 1445 1062 1342
4513 4 4 1 119 1 2 1411 1131 1040 1412
4514 4 4 1 119 1 1 922 733 736 731
4515 4 4 1 119 1 1 731 850 930 737
4516 4 4 1 119 1 1 1020 98 99 210
4517 4 5 1 119 2 2 -1 1445 651 1062 722
4518 4 4 1 119 1 2 531 1129 533 387
4519 4 4 1 119 1 1 101 1119 177 526
4520 4 5 1 119 2 2 -1 1092 670 1128 722
4521 4 4 1 119 1 1 442 1019 927 459
4522 4 4 1 119 1 1 420 442 927 459
4523 4 4 1 119 1 1 273 1019 459 927
4524 4 4 1 119 1 1 420 273 459 927
4525 4 4 1 119 1 2 1339 1201 1232 1023
4526 4 4 1 119 1 2 132 176 776 211
4527 4 4 1 119 1 2 936 877 900 897
4528 4 4 1 119 1 2 773 778 195 775
4529 4 4 1 119 1 2 179 205 123 451
4530 4 4 1 119 1 2 771 234 774 235
4531 4 4 1 119 1 2 195 211 130 774
4532 4 4 1 119 1 2 1321 1241 974 1199
4533 4 4 1 119 1 2 904 224 902 874
4534 4 4 1 119 1 2 771 937 774 902
4535 4 4 1 119 1 2 119 551 173 120
4536 4 4 1 119 1 2 865 1015 792 468
4537 4 4 1 119 1 2 1295 207 168 194
4538 4 4 1 119 1 2 865 871 792 1015
4539 4 4 1 119 1 2 1015 961 792 468
4540 4 4 1 119 1 2 1185 512 1370 1205
4541 4 4 1 119 1 2 174 619 1185 634
4542 4 4 1 119 1 2 865 468 792 274
4543 4 5 1 119 2 2 -1 1087 1092 1128 722
4544 4 4 1 119 1 2 81 1257 1221 1128
4545 4 4 1 119 1 2 1200 827 1325 830
4546 4 4 1 119 1 2 1443 723 1128 722
4547 4 5 1 119 2 2 -1 1164 1091 1128 1062
4548 4 4 1 119 1 2 82 1448 4 85
4549 4 4 1 119 1 2 1257 1445 1221 1128
4550 4 4 1 119 1 2 723 1445 1128 722
4551 4 5 1 119 2 1 -2 1217 250 1216 9
4552 4 5 1 119 2 2 -1 1218 1427 1216 1220
4553 4 5 1 119 2 1 -2 250 9 246 1216
4554 4 5 1 119 2 1 -2 75 62 1215 87
4555 4 4 1 119 1 1 1082 1074 1072 1073
4556 4 4 1 119 1 1 1070 1082 1072 1073
4557 4 4 1 119 1 1 883 931 779 747
4558 4 4 1 119 1 1 959 90 334 439
4559 4 4 1 119 1 1 1076 1063 1072 1073
4560 4 4 1 119 1 1 959 465 334 461
4561 4 4 1 119 1 1 1013 323 1020 737
4562 4 4 1 119 1 1 348 744 959 439
4563 4 4 1 119 1 1 959 744 90 439
4564 4 4 1 119 1 1 646 408 831 768
4565 4 4 1 119 1 1 738 1013 766 978
4566 4 4 1 119 1 1 843 844 299 514
4567 4 4 1 119 1 1 706 843 299 514
4568 4 4 1 119 1 1 604 1228 555 557
4569 4 4 1 119 1 1 844 1229 299 514
4570 4 4 1 119 1 1 1229 299 617 555
4571 4 4 1 119 1 1 1228 1229 555 299
4572 4 4 1 119 1 1 1354 646 514 844
4573 4 4 1 119 1 1 892 889 1348 1225
4574 4 4 1 119 1 1 536 1086 521 1137
4575 4 4 1 119 1 1 929 848 847 930
4576 4 4 1 119 1 2 793 1420 419 326
4577 4 4 1 119 1 1 922 848 930 731
4578 4 4 1 119 1 2 938 770 869 902
4579 4 4 1 119 1 2 215 986 220 939
4580 4 4 1 119 1 2 229 903 901 874
4581 4 4 1 119 1 2 422 1334 623 1380
4582 4 4 1 119 1 2 35 569 623 1380
4583 4 4 1 119 1 2 374 1145 579 672
4584 4 4 1 119 1 1 736 323 731 737
4585 4 4 1 119 1 2 624 375 621 1152
4586 4 4 1 119 1 2 1178 624 306 621
4587 4 4 1 119 1 2 519 296 1099 291
4588 4 4 1 119 1 1 1020 323 736 737
4589 4 4 1 119 1 1 730 170 930 929
4590 4 4 1 119 1 2 1178 1429 1177 764
4591 4 4 1 119 1 2 1184 1177 1370 1243
4592 4 5 1 119 2 1 -2 504 651 528 1342
4593 4 4 1 119 1 2 610 1058 508 1059
4594 4 4 1 119 1 1 766 170 847 930
4595 4 4 1 119 1 1 257 749 754 748
4596 4 4 1 119 1 1 257 331 158 754
4597 4 4 1 119 1 2 815 546 585 287
4598 4 4 1 119 1 2 643 399 807 335
4599 4 4 1 119 1 2 794 593 335 503
4600 4 4 1 119 1 1 319 753 324 1018
4601 4 4 1 119 1 1 259 744 754 339
4602 4 4 1 119 1 1 881 932 753 1018
4603 4 4 1 119 1 2 1250 636 1385 589
4604 4 4 1 119 1 2 494 693 677 1103
4605 4 4 1 119 1 2 1305 1101 677 1103
4606 4 4 1 119 1 2 639 1101 677 1305
4607 4 4 1 119 1 2 693 1305 677 1103
4608 4 4 1 119 1 2 639 1305 677 693
4609 4 4 1 119 1 1 960 474 324 754
4610 4 4 1 119 1 2 818 817 952 853
4611 4 4 1 119 1 2 1345 292 583 538
4612 4 4 1 119 1 2 1112 1388 1115 1176
4613 4 4 1 119 1 2 356 1174 696 1183
4614 4 4 1 119 1 2 1400 1176 1171 1309
4615 4 4 1 119 1 2 1377 860 248 952
4616 4 4 1 119 1 1 850 851 908 769
4617 4 4 1 119 1 1 431 440 905 432
4618 4 4 1 119 1 1 1278 237 919 913
4619 4 4 1 119 1 1 167 166 260 281
4620 4 5 1 119 2 1 -2 686 703 670 1424
4621 4 5 1 119 2 2 -1 719 651 1445 722
4622 4 4 1 119 1 2 782 238 781 248
4623 4 5 1 119 2 2 -1 25 75 686 1424
4624 4 4 1 119 1 2 84 860 759 861
4625 4 5 1 119 2 1 -2 1341 1055 1342 1062
4626 4 5 1 119 2 1 -2 1092 703 670 702
4627 4 4 1 119 1 1 275 449 455 1017
4628 4 4 1 119 1 1 488 462 911 698
4629 4 4 1 119 1 1 1228 958 557 1287
4630 4 4 1 119 1 2 1377 84 759 861
4631 4 4 1 119 1 1 921 925 1016 912
4632 4 4 1 119 1 1 905 1016 912 918
4633 4 4 1 119 1 2 545 492 1390 357
4634 4 4 1 119 1 2 810 547 357 701
4635 4 4 1 119 1 2 1377 860 759 84
4636 4 4 1 119 1 2 1189 1390 1001 996
4637 4 4 1 119 1 2 1323 249 869 797
4638 4 4 1 119 1 1 641 1332 1333 264
4639 4 4 1 119 1 1 641 1076 506 265
4640 4 5 1 119 2 1 -2 498 587 1248 262
4641 4 4 1 119 1 1 1063 641 507 265
4642 4 4 1 119 1 2 1031 900 897 1324
4643 4 4 1 119 1 2 1202 1200 185 178
4644 4 4 1 119 1 2 964 797 979 896
4645 4 4 1 119 1 2 937 1025 774 902
4646 4 4 1 119 1 2 171 972 185 973
4647 4 4 1 119 1 1 440 347 740 453
4648 4 4 1 119 1 1 649 279 340 736
4649 4 4 1 119 1 1 905 320 742 923
4650 4 4 1 119 1 1 728 734 741 261
4651 4 4 1 119 1 1 727 209 346 340
4652 4 4 1 119 1 2 234 221 217 902
4653 4 4 1 119 1 2 992 786 968 787
4654 4 4 1 119 1 2 71 56 67 857
4655 4 4 1 119 1 2 788 315 995 479
4656 4 4 1 119 1 2 239 1323 869 776
4657 4 4 1 119 1 2 569 1360 685 376
4658 4 4 1 119 1 1 1341 594 1056 1386
4659 4 5 1 119 2 2 -1 1443 1220 1128 1221
4660 4 4 1 119 1 2 249 782 238 869
4661 4 4 1 119 1 2 249 238 239 869
4662 4 4 1 119 1 2 663 648 285 1312
4663 4 4 1 119 1 2 398 648 1312 285
4664 4 4 1 119 1 2 816 272 1313 404
4665 4 4 1 119 1 2 872 308 962 820
4666 4 4 1 119 1 2 821 663 285 1312
4667 4 4 1 119 1 2 410 821 285 450
4668 4 4 1 119 1 1 1074 1076 1072 1073
4669 4 4 1 119 1 1 1167 1124 1122 1082
4670 4 4 1 119 1 1 843 1327 1229 1208
4671 4 4 1 119 1 1 1258 332 1166 543
4672 4 4 1 119 1 2 758 781 952 985
4673 4 4 1 119 1 2 64 1136 1005 49
4674 4 4 1 119 1 2 1010 694 577 1368
4675 4 4 1 119 1 2 1004 1135 655 1368
4676 4 4 1 119 1 1 762 1074 1274 1076
4677 4 4 1 119 1 1 576 1288 354 1386
4678 4 4 1 119 1 1 943 1346 1089 1138
4679 4 4 1 119 1 1 1350 1351 1073 765
4680 4 4 1 119 1 1 1125 1168 1073 522
4681 4 4 1 119 1 2 782 238 985 781
4682 4 4 1 119 1 2 717 270 681 1436
4683 4 4 1 119 1 2 758 984 74 985
4684 4 4 1 119 1 2 54 987 85 74
4685 4 4 1 119 1 1 1168 1206 1073 522
4686 4 4 1 119 1 2 1014 414 427 444
4687 4 4 1 119 1 2 772 903 1014 427
4688 4 4 1 119 1 2 414 772 1014 427
4689 4 4 1 119 1 2 427 793 446 313
4690 4 4 1 119 1 2 866 865 792 790
4691 4 4 1 119 1 2 468 437 792 274
4692 4 4 1 119 1 1 884 887 1348 885
4693 4 4 1 119 1 1 780 441 447 940
4694 4 4 1 119 1 1 560 1426 298 709
4695 4 4 1 119 1 2 961 437 792 468
4696 4 4 1 119 1 1 1223 1272 391 598
4697 4 4 1 119 1 1 560 1311 645 298
4698 4 4 1 119 1 2 355 1371 390 1434
4699 4 4 1 119 1 2 547 810 1437 1439
4700 4 4 1 119 1 2 1010 789 809 1335
4701 4 4 1 119 1 2 547 718 473 1437
4702 4 4 1 119 1 2 802 1363 803 814
4703 4 4 1 119 1 2 548 715 473 1435
4704 4 4 1 119 1 2 229 903 470 219
4705 4 4 1 119 1 2 227 232 875 225
4706 4 4 1 119 1 2 872 792 458 875
4707 4 4 1 119 1 1 839 739 1208 1314
4708 4 4 1 119 1 2 503 1373 803 271
4709 4 4 1 119 1 2 524 503 803 271
4710 4 4 1 119 1 2 981 1373 1304 1302
4711 4 4 1 119 1 1 1431 370 697 630
4712 4 4 1 119 1 2 1267 1266 1304 802
4713 4 4 1 119 1 2 1266 1336 1304 1441
4714 4 4 1 119 1 1 19 18 334 90
4715 4 4 1 119 1 1 88 750 751 944
4716 4 4 1 119 1 2 810 1010 1392 809
4717 4 4 1 119 1 2 980 1373 1304 802
4718 4 4 1 119 1 2 981 1435 1304 809
4719 4 4 1 119 1 2 955 1004 1368 814
4720 4 4 1 119 1 1 751 499 1402 350
4721 4 4 1 119 1 1 1402 1405 690 563
4722 4 4 1 119 1 1 1402 1405 946 690
4723 4 4 1 119 1 1 608 562 350 1293
4724 4 4 1 119 1 1 1405 360 562 690
4725 4 4 1 119 1 2 954 287 814 955
4726 4 5 1 119 2 1 -2 1397 1314 842 1315
4727 4 5 1 119 2 2 -1 208 379 367 1251
4728 4 4 1 119 1 2 815 287 814 954
4729 4 4 1 119 1 2 1284 1285 808 814
4730 4 4 1 119 1 2 815 1284 808 814
4731 4 4 1 119 1 1 1020 323 487 471
4732 4 4 1 119 1 1 1354 768 1353 1352
4733 4 4 1 119 1 1 767 364 1381 514
4734 4 4 1 119 1 2 955 954 808 814
4735 4 4 1 119 1 1 768 738 846 978
4736 4 4 1 119 1 1 604 1228 557 1287
4737 4 4 1 119 1 2 1024 171 778 972
4738 4 4 1 119 1 2 205 1024 451 179
4739 4 4 1 119 1 2 954 815 808 814
4740 4 4 1 119 1 2 980 393 825 981
4741 4 4 1 119 1 2 288 822 825 1340
4742 4 4 1 119 1 2 614 288 825 1340
4743 4 4 1 119 1 1 1026 99 471 100
4744 4 4 1 119 1 2 403 393 288 825
4745 4 4 1 119 1 2 980 393 403 825
4746 4 5 1 119 2 2 -1 1365 184 1253 1252
4747 4 5 1 119 2 2 -1 379 644 367 1422
4748 4 4 1 119 1 1 1080 1316 1314 1315
4749 4 4 1 119 1 1 839 1431 842 1314
4750 4 5 1 119 2 1 -2 196 202 1315 192
4751 4 4 1 119 1 2 393 614 288 825
4752 4 4 1 119 1 2 980 1373 803 807
4753 4 4 1 119 1 2 359 423 666 1320
4754 4 4 1 119 1 2 794 1373 503 807
4755 4 4 1 119 1 1 910 735 922 924
4756 4 4 1 119 1 1 735 734 922 924
4757 4 4 1 119 1 1 769 661 286 430
4758 4 4 1 119 1 1 729 155 1028 261
4759 4 4 1 119 1 1 833 138 847 170
4760 4 4 1 119 1 1 1167 1070 1122 1121
4761 4 4 1 119 1 2 1412 1154 1117 836
4762 4 4 1 119 1 1 883 780 879 753
4763 4 4 1 119 1 1 751 746 944 885
4764 4 4 1 119 1 1 448 406 941 284
4765 4 4 1 119 1 1 434 284 1291 608
4766 4 4 1 119 1 1 751 746 1293 946
4767 4 4 1 119 1 1 1291 746 1293 885
4768 4 5 1 119 2 1 -2 1288 1289 1061 1084
4769 4 4 1 119 1 1 284 1291 941 885
4770 4 4 1 119 1 2 969 970 85 786
4771 4 4 1 119 1 2 1041 1154 1117 1040
4772 4 4 1 119 1 2 54 69 85 786
4773 4 4 1 119 1 2 970 969 757 786
4774 4 4 1 119 1 2 872 321 983 989
4775 4 4 1 119 1 2 989 983 968 990
4776 4 4 1 119 1 2 855 992 983 852
4777 4 4 1 119 1 2 992 855 786 971
4778 4 4 1 119 1 2 970 987 85 786
4779 4 4 1 119 1 2 1131 1409 1412 836
4780 4 4 1 119 1 1 768 738 831 732
4781 4 4 1 119 1 1 664 366 1384 661
4782 4 4 1 119 1 1 1350 604 1287 1351
4783 4 4 1 119 1 1 888 942 944 883
4784 4 4 1 119 1 1 942 1349 943 944
4785 4 4 1 119 1 1 949 752 1215 1214
4786 4 4 1 119 1 1 750 88 779 944
4787 4 4 1 119 1 1 947 1217 944 89
4788 4 4 1 119 1 1 1217 948 944 89
4789 4 4 1 119 1 1 1349 1217 943 944
4790 4 4 1 119 1 2 683 1420 223 1401
4791 4 4 1 119 1 2 1411 1131 1412 836
4792 4 4 1 119 1 2 872 437 458 792
4793 4 4 1 119 1 2 1004 1005 1369 863
4794 4 4 1 119 1 2 1235 823 1241 1242
4795 4 4 1 119 1 2 817 964 1264 808
4796 4 4 1 119 1 2 1339 523 1023 1231
4797 4 4 1 119 1 2 1025 211 199 775
4798 4 4 1 119 1 2 1145 1146 1149 813
4799 4 4 1 119 1 2 812 1173 1172 1181
4800 4 4 1 119 1 2 1190 998 1306 1000
4801 4 4 1 119 1 2 1212 1035 1022 1172
4802 4 4 1 119 1 2 176 133 1323 1236
4803 4 4 1 119 1 2 188 1296 134 1237
4804 4 4 1 119 1 2 1321 1031 1324 974
4805 4 4 1 119 1 2 1265 1377 248 952
4806 4 4 1 119 1 2 1285 1267 1363 808
4807 4 4 1 119 1 2 806 804 808 1313
4808 4 4 1 119 1 2 816 806 808 1313
4809 4 4 1 119 1 2 1322 1235 801 823
4810 4 4 1 119 1 2 758 860 935 952
4811 4 5 1 119 2 1 -2 1068 1157 1158 834
4812 4 5 1 119 2 1 -2 1316 1068 1158 834
4813 4 5 1 119 2 1 -2 1068 1316 1157 834
4814 4 5 1 119 2 1 -2 1222 943 1216 1215
4815 4 5 1 119 2 1 -2 1079 1068 247 1329
4816 4 5 1 119 2 1 -2 1068 1158 247 1329
4817 4 4 1 119 1 1 906 905 1017 907
4818 4 4 1 119 1 1 1384 565 1352 661
4819 4 4 1 119 1 1 1167 1168 1121 917
4820 4 4 1 119 1 2 1246 662 665 1325
4821 4 4 1 119 1 2 329 489 994 995
4822 4 4 1 119 1 2 479 489 995 993
4823 4 4 1 119 1 2 1411 1409 1131 836
4824 4 4 1 119 1 2 1317 1376 861 863
4825 4 4 1 119 1 1 926 237 919 934
4826 4 4 1 119 1 2 49 1136 1005 863
4827 4 5 1 119 2 1 -2 956 1328 252 847
4828 4 5 1 119 2 1 -2 1328 1230 252 847
4829 4 4 1 119 1 2 790 865 791 874
4830 4 4 1 119 1 2 1322 770 743 897
4831 4 4 1 119 1 2 771 234 217 902
4832 4 4 1 119 1 2 938 877 897 868
4833 4 4 1 119 1 2 1450 788 858 857
4834 4 4 1 119 1 2 876 870 894 868
4835 4 4 1 119 1 1 1261 1277 1262 1281
4836 4 4 1 119 1 1 658 761 1279 878
4837 4 4 1 119 1 1 441 658 1279 878
4838 4 4 1 119 1 1 658 441 761 878
4839 4 4 1 119 1 1 779 750 944 941
4840 4 4 1 119 1 1 1280 1262 1276 269
4841 4 4 1 119 1 1 882 920 879 1276
4842 4 4 1 119 1 1 441 1279 940 878
4843 4 4 1 119 1 1 920 882 1279 1276
4844 4 4 1 119 1 1 600 309 425 1275
4845 4 4 1 119 1 1 1137 1258 1166 1259
4846 4 4 1 119 1 1 530 1272 598 391
4847 4 4 1 119 1 1 1090 1277 1138 1083
4848 4 4 1 119 1 2 132 176 133 776
4849 4 4 1 119 1 2 778 1024 342 773
4850 4 4 1 119 1 2 1200 1202 185 974
4851 4 4 1 119 1 2 827 1200 974 1241
4852 4 4 1 119 1 2 900 972 311 417
4853 4 4 1 119 1 2 204 127 345 501
4854 4 4 1 119 1 1 956 1328 847 957
4855 4 4 1 119 1 1 1123 1328 1122 1067
4856 4 5 1 119 2 1 -2 1328 956 252 1260
4857 4 4 1 119 1 1 256 735 924 261
4858 4 4 1 119 1 1 914 910 908 919
4859 4 4 1 119 1 1 698 312 316 918
4860 4 4 1 119 1 1 914 910 1016 912
4861 4 4 1 119 1 1 733 1020 210 736
4862 4 4 1 119 1 1 260 165 261 741
4863 4 4 1 119 1 1 279 727 741 337
4864 4 4 1 119 1 1 728 139 260 1012
4865 4 4 1 119 1 1 975 916 933 927
4866 4 4 1 119 1 1 975 920 933 916
4867 4 4 1 119 1 1 933 749 258 934
4868 4 4 1 119 1 1 755 749 258 933
4869 4 4 1 119 1 1 881 975 933 1019
4870 4 4 1 119 1 1 881 920 933 975
4871 4 4 1 119 1 1 749 881 934 933
4872 4 4 1 119 1 1 927 755 258 933
4873 4 4 1 119 1 1 947 1217 1349 944
4874 4 5 1 119 2 2 -1 9 72 1216 87
4875 4 4 1 119 1 1 89 88 66 944
4876 4 4 1 119 1 1 20 499 21 66
4877 4 4 1 119 1 2 1284 1285 1363 808
4878 4 4 1 119 1 2 585 1285 814 1335
4879 4 4 1 119 1 2 585 1284 814 1285
4880 4 4 1 119 1 2 1373 794 803 807
4881 4 4 1 119 1 2 1378 655 622 1005
4882 4 4 1 119 1 2 52 64 1005 49
4883 4 4 1 119 1 2 1284 394 378 585
4884 4 4 1 119 1 2 815 1284 814 585
4885 4 4 1 119 1 2 821 788 857 858
4886 4 4 1 119 1 2 70 862 1375 1374
4887 4 4 1 119 1 2 953 861 862 863
4888 4 4 1 119 1 2 876 452 893 966
4889 4 4 1 119 1 2 452 876 871 966
4890 4 4 1 119 1 2 1015 871 966 313
4891 4 4 1 119 1 2 871 452 966 313
4892 4 4 1 119 1 1 932 965 747 748
4893 4 4 1 119 1 1 975 1019 761 1018
4894 4 4 1 119 1 1 976 965 748 977
4895 4 4 1 119 1 1 976 965 977 253
4896 4 4 1 119 1 1 965 154 977 253
4897 4 4 1 119 1 1 237 976 977 253
4898 4 4 1 119 1 1 154 237 977 253
4899 4 4 1 119 1 2 872 437 308 983
4900 4 4 1 119 1 2 954 953 819 858
4901 4 4 1 119 1 2 315 479 993 405
4902 4 4 1 119 1 2 410 821 450 405
4903 4 4 1 119 1 2 953 954 862 858
4904 4 4 1 119 1 2 1093 1097 1095 1099
4905 4 4 1 119 1 2 999 240 241 11
4906 4 4 1 119 1 2 868 895 770 869
4907 4 4 1 119 1 2 1356 53 1143 1193
4908 4 4 1 119 1 2 1358 1357 50 1359
4909 4 4 1 119 1 2 1004 1268 814 955
4910 4 4 1 119 1 2 1004 1010 1368 814
4911 4 4 1 119 1 2 802 1266 1304 1441
4912 4 4 1 119 1 2 981 271 1435 809
4913 4 4 1 119 1 2 810 721 809 1439
4914 4 4 1 119 1 2 1373 980 1304 1302
4915 4 4 1 119 1 2 828 1428 552 1177
4916 4 4 1 119 1 2 1181 1180 1182 1171
4917 4 4 1 119 1 2 822 403 825 807
4918 4 4 1 119 1 2 1240 1244 1295 1243
4919 4 4 1 119 1 2 1429 433 1177 1370
4920 4 4 1 119 1 2 1174 1371 1021 828
4921 4 4 1 119 1 2 801 823 1242 979
4922 4 4 1 119 1 2 815 954 808 1367
4923 4 5 1 119 2 1 -2 1065 1064 1039 1071
4924 4 4 1 119 1 2 904 868 770 869
4925 4 4 1 119 1 2 1096 1132 1408 1111
4926 4 4 1 119 1 2 1049 1041 1040 1385
4927 4 4 1 119 1 2 611 1129 1040 1049
4928 4 4 1 119 1 2 904 895 868 869
4929 4 5 1 119 2 1 -2 505 1042 1269 293
4930 4 5 1 119 2 2 -1 1412 1033 1040 1154
4931 4 4 1 119 1 2 1108 1411 1040 1412
4932 4 5 1 119 2 1 -2 1042 1036 1033 1159
4933 4 5 1 119 2 2 -1 1365 1036 834 1154
4934 4 5 1 119 2 1 -2 1063 1047 1333 1039
4935 4 5 1 119 2 1 -2 1037 1032 1039 1033
4936 4 5 1 119 2 2 -1 1163 1055 1051 1249
4937 4 5 1 119 2 1 -2 1068 1157 1039 1077
4938 4 4 1 119 1 2 294 1438 1257 1060
4939 4 5 1 119 2 2 -1 511 1058 1051 1050
4940 4 5 1 119 2 1 -2 1037 1157 1039 1071
4941 4 4 1 119 1 2 1053 1052 240 1133
4942 4 5 1 119 2 1 -2 504 1165 1051 1341
4943 4 5 1 119 2 1 -2 1055 1057 1051 1249
4944 4 5 1 119 2 2 -1 1085 1163 1084 1427
4945 4 5 1 119 2 1 -2 1088 1057 1039 1072
4946 4 5 1 119 2 2 -1 1033 1410 1039 1077
4947 4 5 1 119 2 1 -2 1069 1065 1088 1066
4948 4 5 1 119 2 1 -2 1156 1047 1039 1043
4949 4 4 1 119 1 2 224 901 902 874
4950 4 4 1 119 1 1 1063 641 1076 1333
4951 4 4 1 119 1 1 641 1332 1076 1333
4952 4 4 1 119 1 1 513 1063 507 265
4953 4 4 1 119 1 1 1274 890 1061 1347
4954 4 4 1 119 1 1 1272 1140 516 1274
4955 4 4 1 119 1 1 513 1351 268 522
4956 4 4 1 119 1 2 901 217 224 902
4957 4 4 1 119 1 2 950 1003 240 1133
4958 4 4 1 119 1 1 1417 948 1214 1215
4959 4 5 1 119 2 1 -2 703 1092 1087 702
4960 4 5 1 119 2 1 -2 703 1426 1087 1092
4961 4 5 1 119 2 1 -2 709 703 1087 702
4962 4 5 1 119 2 1 -2 1426 703 1087 709
4963 4 5 1 119 2 1 -2 1289 702 1087 1062
4964 4 5 1 119 2 1 -2 550 588 362 1331
4965 4 4 1 119 1 2 1134 1256 1257 1133
4966 4 4 1 119 1 2 545 1098 632 1364
4967 4 4 1 119 1 2 826 805 896 897
4968 4 4 1 119 1 2 675 545 388 1364
4969 4 4 1 119 1 2 1189 545 675 1364
4970 4 5 1 119 2 2 -1 1032 510 1408 1040
4971 4 5 1 119 2 1 -2 361 1195 587 549
4972 4 4 1 119 1 2 1154 1412 1117 1040
4973 4 4 1 119 1 2 1112 1382 629 700
4974 4 4 1 119 1 2 1129 531 520 509
4975 4 4 1 119 1 2 1409 1035 1414 236
4976 4 4 1 119 1 2 1101 1307 1308 1414
4977 4 4 1 119 1 1 844 1354 768 1353
4978 4 4 1 119 1 1 1328 1230 847 957
4979 4 4 1 119 1 1 882 1262 1259 269
4980 4 4 1 119 1 1 1229 1208 1353 840
4981 4 5 1 119 2 1 -2 1162 1057 1056 1055
4982 4 5 1 119 2 2 -1 510 1408 1040 387
4983 4 4 1 119 1 2 255 131 776 228
4984 4 4 1 119 1 2 1008 1098 1100 1095
4985 4 5 1 119 2 2 -1 837 1410 1077 1249
4986 4 5 1 119 2 1 -2 1057 1048 1331 1050
4987 4 4 1 119 1 2 1413 1132 1408 266
4988 4 4 1 119 1 2 68 1255 59 1142
4989 4 4 1 119 1 2 1141 59 51 1142
4990 4 4 1 119 1 2 55 30 65 1425
4991 4 4 1 119 1 2 59 1255 51 1142
4992 4 4 1 119 1 2 1003 68 999 1142
4993 4 4 1 119 1 2 1255 68 1003 1142
4994 4 4 1 119 1 2 1193 1143 1144 1001
4995 4 4 1 119 1 2 1389 1368 561 1390
4996 4 4 1 119 1 2 1322 1324 743 973
4997 4 4 1 119 1 2 624 1178 306 1153
4998 4 4 1 119 1 2 624 1178 1153 1152
4999 4 4 1 119 1 2 1151 624 1153 1152
5000 4 4 1 119 1 2 1178 1169 1175 1428
5001 4 4 1 119 1 1 881 920 879 880
5002 4 4 1 119 1 2 1174 1170 1182 1171
5003 4 4 1 119 1 2 175 168 1187 186
5004 4 4 1 119 1 2 1035 1113 1171 1212
5005 4 4 1 119 1 2 809 1442 1304 1392
5006 4 4 1 119 1 2 356 1388 1169 1170
5007 4 4 1 119 1 2 1180 811 1400 1171
5008 4 4 1 119 1 2 828 1174 1428 1177
5009 4 4 1 119 1 2 1211 1107 1110 1150
5010 4 4 1 119 1 2 1146 189 191 190
5011 4 4 1 119 1 2 186 169 1187 1149
5012 4 4 1 119 1 2 189 169 186 1149
5013 4 4 1 119 1 2 1244 1418 1205 1204
5014 4 4 1 119 1 2 1178 1152 1149 1153
5015 4 4 1 119 1 1 601 1063 507 513
5016 4 5 1 119 2 2 -1 1132 1044 1050 1408
5017 4 4 1 119 1 1 1165 594 1056 1341
5018 4 4 1 119 1 1 1327 739 1080 1208
5019 4 4 1 119 1 1 849 956 847 957
5020 4 4 1 119 1 1 370 1431 697 842
5021 4 4 1 119 1 1 595 575 1038 1160
5022 4 4 1 119 1 1 1421 575 609 1045
5023 4 5 1 119 2 2 -1 1092 75 1220 77
5024 4 4 1 119 1 2 1427 1343 1221 1444
5025 4 5 1 119 2 1 -2 1349 943 1216 1219
5026 4 5 1 119 2 2 -1 1427 1219 246 1216
5027 4 4 1 119 1 1 920 914 911 919
5028 4 4 1 119 1 1 846 840 732 1353
5029 4 4 1 119 1 1 1208 840 1078 1353
5030 4 4 1 119 1 1 210 733 730 930
5031 4 4 1 119 1 1 840 832 847 846
5032 4 4 1 119 1 1 1384 1121 1259 1353
5033 4 4 1 119 1 2 894 895 770 868
5034 4 4 1 119 1 2 200 1203 1238 193
5035 4 4 1 119 1 2 1322 801 895 1247
5036 4 4 1 119 1 2 877 899 900 897
5037 4 5 1 119 2 1 -2 1036 1157 1033 1159
5038 4 4 1 119 1 1 920 881 976 880
5039 4 4 1 119 1 2 243 1022 135 242
5040 4 4 1 119 1 2 1022 835 836 1117
5041 4 4 1 119 1 2 1335 789 803 814
5042 4 4 1 119 1 2 399 794 503 807
5043 4 4 1 119 1 2 1285 378 602 1363
5044 4 4 1 119 1 2 626 403 503 1373
5045 4 4 1 119 1 2 794 272 643 335
5046 4 4 1 119 1 2 815 394 1263 1284
5047 4 4 1 119 1 2 394 815 1263 396
5048 4 4 1 119 1 1 1224 1311 554 1225
5049 4 4 1 119 1 1 1223 1224 554 1225
5050 4 4 1 119 1 1 1332 1048 518 1081
5051 4 4 1 119 1 1 920 882 879 880
5052 4 5 1 119 2 1 -2 1057 1162 1084 1055
5053 4 4 1 119 1 1 1273 1272 890 1274
5054 4 4 1 119 1 2 615 524 378 1335
5055 4 4 1 119 1 2 287 694 585 814
5056 4 4 1 119 1 2 577 1010 1335 814
5057 4 4 1 119 1 2 694 287 955 814
5058 4 4 1 119 1 2 789 802 803 814
5059 4 4 1 119 1 2 615 585 814 1335
5060 4 4 1 119 1 2 1186 1175 1170 1171
5061 4 4 1 119 1 2 999 61 241 1358
5062 4 4 1 119 1 2 187 1147 835 1022
5063 4 4 1 119 1 2 1154 835 1117 836
5064 4 4 1 119 1 2 1112 1153 1150 1116
5065 4 4 1 119 1 1 882 920 1278 880
5066 4 5 1 119 2 2 -1 950 10 246 240
5067 4 4 1 119 1 2 238 215 152 214
5068 4 4 1 119 1 2 1256 76 950 10
5069 4 4 1 119 1 2 718 1179 1436 1176
5070 4 4 1 119 1 2 1388 356 681 1176
5071 4 4 1 119 1 2 494 680 692 1115
5072 4 4 1 119 1 2 1179 571 704 1436
5073 4 4 1 119 1 2 1305 1098 1403 1364
5074 4 4 1 119 1 2 494 1101 1115 1103
5075 4 4 1 119 1 2 374 1145 1318 1118
5076 4 4 1 119 1 2 559 292 1116 538
5077 4 4 1 119 1 2 559 374 1318 656
5078 4 4 1 119 1 2 1145 374 1318 559
5079 4 5 1 119 2 1 -2 137 1404 1329 247
5080 4 4 1 119 1 1 1080 1327 1208 1078
5081 4 4 1 119 1 1 1068 1316 1329 1080
5082 4 5 1 119 2 1 -2 1316 1068 1329 1158
5083 4 4 1 119 1 2 822 1245 288 596
5084 4 4 1 119 1 1 879 887 880 1281
5085 4 4 1 119 1 2 1240 1294 1181 1243
5086 4 4 1 119 1 2 1245 822 288 1340
5087 4 4 1 119 1 2 1340 822 825 1232
5088 4 4 1 119 1 2 1340 1362 829 1232
5089 4 4 1 119 1 2 614 591 290 1383
5090 4 4 1 119 1 1 601 513 1350 1351
5091 4 4 1 119 1 1 1080 1327 1071 1045
5092 4 4 1 119 1 1 601 1063 513 1351
5093 4 4 1 119 1 1 1076 1063 1073 265
5094 4 4 1 119 1 1 958 1327 1350 765
5095 4 5 1 119 2 1 -2 1032 1042 1159 1269
5096 4 4 1 119 1 1 1206 530 268 556
5097 4 4 1 119 1 1 887 1277 880 1281
5098 4 4 1 119 1 2 1201 551 1339 830
5099 4 4 1 119 1 2 1246 423 359 1320
5100 4 4 1 119 1 1 882 879 880 1281
5101 4 4 1 119 1 2 1362 1340 1231 1232
5102 4 4 1 119 1 2 551 1201 173 830
5103 4 4 1 119 1 2 482 972 311 451
5104 4 4 1 119 1 2 827 1200 1241 1204
5105 4 4 1 119 1 2 1173 1212 1296 1172
5106 4 4 1 119 1 2 403 393 1373 626
5107 4 4 1 119 1 2 980 393 1373 403
5108 4 4 1 119 1 1 457 1387 912 486
5109 4 4 1 119 1 1 251 909 913 1260
5110 4 4 1 119 1 1 851 455 1017 907
5111 4 4 1 119 1 1 1352 845 1226 1353
5112 4 4 1 119 1 1 1064 1065 1067 1078
5113 4 4 1 119 1 1 1278 882 880 1281
5114 4 4 1 119 1 1 1070 1067 1122 1078
5115 4 4 1 119 1 2 1000 999 891 240
5116 4 4 1 119 1 1 851 850 286 769
5117 4 4 1 119 1 2 981 1302 1304 1435
5118 4 4 1 119 1 2 1244 763 1243 1204
5119 4 4 1 119 1 2 1400 1395 1392 1176
5120 4 4 1 119 1 2 1373 981 809 271
5121 4 4 1 119 1 2 243 1296 1022 1172
5122 4 4 1 119 1 2 716 1442 473 1435
5123 4 4 1 119 1 1 892 560 1213 945
5124 4 4 1 119 1 2 999 1003 891 240
5125 4 5 1 119 2 2 -1 1077 1088 1249 1039
5126 4 5 1 119 2 1 -2 1406 949 380 1424
5127 4 4 1 119 1 1 709 1426 380 1213
5128 4 5 1 119 2 1 -2 949 703 380 1424
5129 4 5 1 119 2 2 -1 1409 837 838 1249
5130 4 4 1 119 1 1 1213 949 380 1406
5131 4 4 1 119 1 1 360 560 380 1213
5132 4 4 1 119 1 2 1185 1152 764 1429
5133 4 4 1 119 1 2 621 301 428 1429
5134 4 4 1 119 1 2 1021 1239 1243 1242
5135 4 4 1 119 1 2 1170 1175 1182 1171
5136 4 4 1 119 1 2 710 1428 428 1429
5137 4 4 1 119 1 2 301 710 428 1429
5138 4 4 1 119 1 2 1178 1152 764 1187
5139 4 4 1 119 1 2 715 716 473 1435
5140 4 4 1 119 1 2 981 1434 572 390
5141 4 4 1 119 1 2 1371 1021 1434 1183
5142 4 4 1 119 1 2 1135 1361 996 1011
5143 4 4 1 119 1 2 480 278 990 968
5144 4 4 1 119 1 2 1005 1416 863 1375
5145 4 4 1 119 1 2 862 586 857 1271
5146 4 4 1 119 1 2 788 71 1450 856
5147 4 4 1 119 1 2 221 904 224 902
5148 4 4 1 119 1 2 877 938 902 868
5149 4 4 1 119 1 2 871 868 902 874
5150 4 4 1 119 1 2 82 969 85 86
5151 4 4 1 119 1 2 877 871 902 874
5152 4 4 1 119 1 2 349 480 989 968
5153 4 4 1 119 1 2 871 877 902 868
5154 4 4 1 119 1 2 939 756 985 984
5155 4 5 1 119 2 1 -2 1261 1123 252 1260
5156 4 4 1 119 1 1 849 915 1260 1122
5157 4 4 1 119 1 1 237 251 913 1260
5158 4 4 1 119 1 1 909 913 1260 908
5159 4 4 1 119 1 1 911 907 908 918
5160 4 4 1 119 1 2 203 1296 135 134
5161 4 4 1 119 1 1 906 910 908 918
5162 4 4 1 119 1 2 900 936 973 972
5163 4 4 1 119 1 2 1008 1009 1144 1001
5164 4 4 1 119 1 1 911 915 1260 908
5165 4 4 1 119 1 2 1009 1193 1144 1001
5166 4 4 1 119 1 2 53 569 1360 685
5167 4 4 1 119 1 2 1002 1008 1144 1001
5168 4 4 1 119 1 1 1124 1262 1122 1260
5169 4 4 1 119 1 1 929 251 924 1028
5170 4 4 1 119 1 1 909 251 924 929
5171 4 4 1 119 1 1 925 926 919 934
5172 4 4 1 119 1 1 911 914 908 919
5173 4 4 1 119 1 1 237 926 919 924
5174 4 4 1 119 1 2 852 854 820 853
5175 4 4 1 119 1 2 758 860 952 781
5176 4 4 1 119 1 2 992 856 935 786
5177 4 4 1 119 1 2 987 992 935 786
5178 4 4 1 119 1 2 489 994 995 990
5179 4 4 1 119 1 2 856 54 935 786
5180 4 4 1 119 1 2 54 987 935 786
5181 4 4 1 119 1 1 892 746 946 1292
5182 4 4 1 119 1 1 839 181 192 1314
5183 4 4 1 119 1 1 104 105 697 192
5184 4 4 1 119 1 1 839 832 198 170
5185 4 4 1 119 1 1 746 892 946 1214
5186 4 4 1 119 1 1 1405 1213 1214 946
5187 4 4 1 119 1 1 360 562 1213 946
5188 4 4 1 119 1 1 736 731 930 737
5189 4 4 1 119 1 2 187 203 1022 135
5190 4 5 1 119 2 2 -1 367 679 1397 1253
5191 4 5 1 119 2 1 -2 1316 181 1314 202
5192 4 4 1 119 1 1 1405 360 1213 946
5193 4 4 1 119 1 1 360 1405 562 946
5194 4 4 1 119 1 1 892 1213 1292 946
5195 4 4 1 119 1 1 1213 892 1214 946
5196 4 4 1 119 1 1 1354 617 1352 1227
5197 4 4 1 119 1 1 1121 849 1259 1353
5198 4 4 1 119 1 1 846 849 847 957
5199 4 4 1 119 1 1 840 846 847 957
5200 4 4 1 119 1 1 845 958 1078 1353
5201 4 4 1 119 1 1 957 845 1078 1353
5202 4 4 1 119 1 1 617 1229 555 1227
5203 4 4 1 119 1 1 1384 1121 1353 1226
5204 4 4 1 119 1 2 992 969 968 786
5205 4 4 1 119 1 2 994 992 787 786
5206 4 4 1 119 1 2 994 349 787 968
5207 4 4 1 119 1 1 1404 1316 1314 1329
5208 4 4 1 119 1 2 991 994 787 990
5209 4 4 1 119 1 2 349 463 1446 968
5210 4 4 1 119 1 2 349 760 463 968
5211 4 4 1 119 1 2 1448 3 4 213
5212 4 4 1 119 1 2 463 1449 1446 968
5213 4 4 1 119 1 2 991 992 787 994
5214 4 4 1 119 1 2 760 1449 463 968
5215 4 4 1 119 1 1 319 761 753 1018
5216 4 4 1 119 1 1 48 344 502 16
5217 4 4 1 119 1 1 344 744 48 502
5218 4 4 1 119 1 1 881 976 748 977
5219 4 4 1 119 1 1 7 745 259 48
5220 4 4 1 119 1 2 822 823 979 825
5221 4 4 1 119 1 1 746 948 1214 946
5222 4 4 1 119 1 1 1417 1405 62 563
5223 4 4 1 119 1 2 826 805 979 896
5224 4 4 1 119 1 2 805 826 979 807
5225 4 4 1 119 1 2 1247 826 979 896
5226 4 4 1 119 1 2 58 578 32 671
5227 4 4 1 119 1 2 65 578 31 32
5228 4 4 1 119 1 2 1141 1142 1106 1210
5229 4 4 1 119 1 2 822 826 979 1247
5230 4 4 1 119 1 2 43 1450 67 476
5231 4 4 1 119 1 2 489 479 990 993
5232 4 4 1 119 1 2 479 489 990 278
5233 4 4 1 119 1 2 37 52 515 38
5234 4 4 1 119 1 2 989 480 990 968
5235 4 4 1 119 1 1 1027 310 487 978
5236 4 4 1 119 1 2 982 480 990 989
5237 4 4 1 119 1 1 1119 1027 101 177
5238 4 4 1 119 1 2 349 278 968 990
5239 4 4 1 119 1 2 1022 1035 836 242
5240 4 4 1 119 1 2 489 349 968 990
5241 4 4 1 119 1 1 100 310 1027 101
5242 4 4 1 119 1 1 1119 767 177 526
5243 4 4 1 119 1 2 489 278 349 990
5244 4 4 1 119 1 2 1135 1004 996 1368
5245 4 4 1 119 1 2 184 187 191 1148
5246 4 4 1 119 1 2 1409 837 1034 244
5247 4 4 1 119 1 1 209 346 96 1012
5248 4 4 1 119 1 2 187 1147 1148 1252
5249 4 4 1 119 1 2 972 185 973 974
5250 4 4 1 119 1 1 209 727 346 1012
5251 4 4 1 119 1 1 167 139 500 260
5252 4 4 1 119 1 2 179 1198 172 974
5253 4 4 1 119 1 2 866 867 875 928
5254 4 4 1 119 1 1 279 346 1012 281
5255 4 4 1 119 1 2 1310 343 1030 338
5256 4 4 1 119 1 2 873 790 224 874
5257 4 4 1 119 1 2 871 865 792 866
5258 4 4 1 119 1 1 727 279 1012 281
5259 4 4 1 119 1 2 757 986 875 225
5260 4 4 1 119 1 1 727 346 1012 279
5261 4 4 1 119 1 1 881 932 748 976
5262 4 4 1 119 1 1 745 744 259 48
5263 4 4 1 119 1 1 259 744 339 283
5264 4 4 1 119 1 2 1231 1340 1023 1232
5265 4 4 1 119 1 1 154 745 965 259
5266 4 4 1 119 1 2 1201 763 1232 1023
5267 4 4 1 119 1 2 1290 1362 1231 1232
5268 4 4 1 119 1 2 827 1233 825 1232
5269 4 4 1 119 1 2 827 1200 1204 1232
5270 4 4 1 119 1 2 1184 642 295 1383
5271 4 4 1 119 1 2 1233 1383 825 1023
5272 4 4 1 119 1 2 825 1340 1232 1023
5273 4 4 1 119 1 2 1202 1200 178 1204
5274 4 4 1 119 1 2 1290 1339 830 1232
5275 4 5 1 119 2 2 -1 834 1036 1034 1154
5276 4 5 1 119 2 2 -1 1158 1036 1034 834
5277 4 4 1 119 1 2 1318 1211 1049 1116
5278 4 4 1 119 1 2 1109 1211 1116 1150
5279 4 4 1 119 1 2 1412 1154 836 1034
5280 4 4 1 119 1 2 1112 629 389 631
5281 4 4 1 119 1 2 577 1389 561 377
5282 4 4 1 119 1 2 292 1112 583 629
5283 4 4 1 119 1 2 624 1345 583 538
5284 4 4 1 119 1 2 778 171 195 775
5285 4 4 1 119 1 2 1024 341 773 180
5286 4 4 1 119 1 2 1409 1412 836 1034
5287 4 4 1 119 1 2 1024 205 180 171
5288 4 4 1 119 1 2 171 211 195 775
5289 4 4 1 119 1 2 195 211 774 775
5290 4 4 1 119 1 1 1431 673 198 841
5291 4 5 1 119 2 2 -1 1033 1412 1034 1154
5292 4 4 1 119 1 1 673 364 198 841
5293 4 5 1 119 2 2 -1 1412 1131 1033 1034
5294 4 4 1 119 1 1 237 909 919 913
5295 4 4 1 119 1 1 154 155 934 237
5296 4 4 1 119 1 1 155 926 934 237
5297 4 4 1 119 1 1 976 881 934 977
5298 4 4 1 119 1 2 1409 1131 1412 1034
5299 4 4 1 119 1 1 1351 1063 765 1045
5300 4 4 1 119 1 2 938 770 776 869
5301 4 4 1 119 1 2 153 869 228 255
5302 4 4 1 119 1 2 1322 895 869 770
5303 4 4 1 119 1 1 601 1350 1045 1351
5304 4 4 1 119 1 2 131 132 255 776
5305 4 4 1 119 1 2 245 133 134 1236
5306 4 4 1 119 1 1 1063 601 1045 1351
5307 4 4 1 119 1 2 619 570 175 1379
5308 4 4 1 119 1 1 609 383 557 1326
5309 4 4 1 119 1 1 383 601 1350 1045
5310 4 4 1 119 1 2 1174 1182 1177 1243
5311 4 4 1 119 1 1 601 383 609 1045
5312 4 4 1 119 1 2 619 175 1152 1379
5313 4 4 1 119 1 2 363 512 691 1205
5314 4 4 1 119 1 2 1318 1148 1150 1110
5315 4 4 1 119 1 2 245 249 1236 797
5316 4 4 1 119 1 2 1323 801 869 895
5317 4 4 1 119 1 2 801 800 1236 797
5318 4 4 1 119 1 2 1203 1202 1238 193
5319 4 4 1 119 1 2 1240 1239 824 1203
5320 4 4 1 119 1 2 1239 800 1237 1242
5321 4 4 1 119 1 2 1303 800 979 798
5322 4 5 1 119 2 2 -1 1091 1087 1128 1062
5323 4 4 1 119 1 2 991 788 995 993
5324 4 4 1 119 1 2 349 489 994 333
5325 4 4 1 119 1 2 827 829 1325 830
5326 4 5 1 119 2 1 -2 1082 762 1089 1084
5327 4 4 1 119 1 2 352 553 407 1198
5328 4 4 1 119 1 2 407 179 451 1198
5329 4 4 1 119 1 2 1245 596 307 490
5330 4 4 1 119 1 2 904 873 224 874
5331 4 5 1 119 2 1 -2 1069 1085 1088 1084
5332 4 5 1 119 2 1 -2 1164 1055 1386 1062
5333 4 4 1 119 1 2 219 229 901 217
5334 4 5 1 119 2 1 -2 302 1289 1386 1062
5335 4 5 1 119 2 1 -2 1082 1083 1084 1089
5336 4 4 1 119 1 2 862 49 73 863
5337 4 5 1 119 2 2 -1 651 722 302 1342
5338 4 5 1 119 2 1 -2 1289 576 302 1386
5339 4 4 1 119 1 1 913 911 1260 908
5340 4 4 1 119 1 1 1065 1064 1067 1072
5341 4 4 1 119 1 2 46 725 86 45
5342 4 4 1 119 1 2 153 238 152 214
5343 4 4 1 119 1 1 1064 1070 1067 1072
5344 4 4 1 119 1 1 1262 915 1259 1122
5345 4 4 1 119 1 2 60 61 50 1358
5346 4 4 1 119 1 2 1003 1053 1133 1094
5347 4 4 1 119 1 2 1190 799 998 1000
5348 4 4 1 119 1 2 1372 1415 1094 891
5349 4 4 1 119 1 1 1123 1124 1083 1122
5350 4 4 1 119 1 2 1296 243 135 134
5351 4 4 1 119 1 1 1072 1082 1067 1083
5352 4 4 1 119 1 2 243 1035 1022 242
5353 4 4 1 119 1 2 1181 1173 1172 1171
5354 4 4 1 119 1 2 1251 1148 1110 1117
5355 4 4 1 119 1 1 1070 1082 1067 1072
5356 4 4 1 119 1 1 1065 1064 1071 1078
5357 4 4 1 119 1 2 1400 1035 1172 1308
5358 4 4 1 119 1 2 371 708 1425 1430
5359 4 4 1 119 1 2 1134 1257 1060 1133
5360 4 4 1 119 1 1 1230 840 957 1078
5361 4 5 1 119 2 1 -2 752 1091 1220 1215
5362 4 5 1 119 2 1 -2 1217 89 9 87
5363 4 5 1 119 2 1 -2 62 948 1215 87
5364 4 4 1 119 1 2 215 939 985 984
5365 4 4 1 119 1 2 970 4 5 216
5366 4 4 1 119 1 2 1448 969 85 82
5367 4 4 1 119 1 2 343 140 213 141
5368 4 4 1 119 1 1 1230 1329 840 1078
5369 4 4 1 119 1 1 1208 1080 1078 1329
5370 4 4 1 119 1 1 1068 1080 1078 1071
5371 4 4 1 119 1 2 855 971 757 786
5372 4 4 1 119 1 2 983 992 989 968
5373 4 4 1 119 1 1 735 734 261 256
5374 4 4 1 119 1 1 733 922 1028 730
5375 4 4 1 119 1 1 155 256 924 261
5376 4 4 1 119 1 1 1080 1068 1078 1329
5377 4 4 1 119 1 1 943 1222 1089 1346
5378 4 4 1 119 1 1 742 741 164 467
5379 4 4 1 119 1 1 1349 1090 1138 1089
5380 4 5 1 119 2 1 -2 1090 1349 1219 1089
5381 4 5 1 119 2 1 -2 943 1222 1219 1089
5382 4 4 1 119 1 1 943 1349 1138 1089
5383 4 5 1 119 2 2 -1 1443 1092 724 670
5384 4 4 1 119 1 2 619 1152 566 1379
5385 4 4 1 119 1 2 356 1169 544 493
5386 4 4 1 119 1 2 1178 306 428 621
5387 4 4 1 119 1 2 1383 591 290 295
5388 4 5 1 119 2 1 -2 1349 943 1219 1089
5389 4 4 1 119 1 1 584 1393 304 669
5390 4 4 1 119 1 2 1306 1190 1308 1100
5391 4 4 1 119 1 2 1192 1190 1100 1001
5392 4 4 1 119 1 1 1393 1399 669 584
5393 4 4 1 119 1 2 376 1360 1144 625
5394 4 4 1 119 1 2 1306 1190 1100 1192
5395 4 4 1 119 1 2 1395 1191 1308 1100
5396 4 4 1 119 1 1 383 1350 1326 1045
5397 4 4 1 119 1 1 1421 1327 1045 1326
5398 4 4 1 119 1 2 1189 1191 1395 1100
5399 4 4 1 119 1 1 1228 299 555 557
5400 4 4 1 119 1 1 750 88 496 959
5401 4 4 1 119 1 1 499 406 751 456
5402 4 4 1 119 1 1 750 779 780 941
5403 4 4 1 119 1 1 88 19 334 90
5404 4 4 1 119 1 2 1190 1395 1308 1100
5405 4 4 1 119 1 2 955 694 1368 622
5406 4 4 1 119 1 2 1190 1189 1395 1100
5407 4 5 1 119 2 2 -1 1032 1248 1408 510
5408 4 4 1 119 1 2 1366 1131 1132 1111
5409 4 4 1 119 1 2 581 368 1375 652
5410 4 4 1 119 1 1 916 486 698 912
5411 4 4 1 119 1 2 1372 1366 1132 1111
5412 4 4 1 119 1 1 455 431 907 316
5413 4 4 1 119 1 2 1366 1372 1131 1111
5414 4 4 1 119 1 2 1114 1109 1414 1111
5415 4 4 1 119 1 2 1415 1101 1308 1414
5416 4 4 1 119 1 1 1123 1124 1122 1260
5417 4 4 1 119 1 1 542 528 1341 1165
5418 4 5 1 119 2 1 -2 1057 1196 1048 1050
5419 4 5 1 119 2 1 -2 1055 1164 1342 1062
5420 4 5 1 119 2 2 -1 1366 1409 891 1249
5421 4 5 1 119 2 2 -1 1052 1053 1051 1133
5422 4 4 1 119 1 2 1129 1107 1109 1111
5423 4 4 1 119 1 1 1086 536 521 1282
5424 4 4 1 119 1 1 1273 1086 889 1139
5425 4 4 1 119 1 1 1074 1086 1273 1139
5426 4 4 1 119 1 1 1272 1140 1273 1139
5427 4 4 1 119 1 1 1272 1273 889 1139
5428 4 4 1 119 1 2 423 1246 359 596
5429 4 4 1 119 1 2 647 826 666 1320
5430 4 4 1 119 1 2 893 643 415 666
5431 4 4 1 119 1 1 915 1262 911 1260
5432 4 4 1 119 1 2 822 403 288 825
5433 4 4 1 119 1 2 826 805 359 807
5434 4 4 1 119 1 2 426 317 477 967
5435 4 5 1 119 2 2 -1 1091 1427 1084 1164
5436 4 5 1 119 2 1 -2 1088 1057 1249 1039
5437 4 5 1 119 2 2 -1 1164 1060 1342 1062
5438 4 5 1 119 2 2 -1 1087 722 1128 1062
5439 4 4 1 119 1 2 464 1420 683 326
5440 4 4 1 119 1 2 232 1401 436 145
5441 4 4 1 119 1 2 464 1420 146 683
5442 4 4 1 119 1 1 957 849 1260 1122
5443 4 4 1 119 1 2 501 128 93 151
5444 4 4 1 119 1 2 816 272 404 962
5445 4 4 1 119 1 1 909 251 956 1260
5446 4 4 1 119 1 2 1097 1059 1093 1133
5447 4 4 1 119 1 2 1170 1174 1183 1171
5448 4 4 1 119 1 2 1440 1391 1441 1392
5449 4 4 1 119 1 2 807 795 803 802
5450 4 4 1 119 1 2 519 1093 1095 1099
5451 4 4 1 119 1 2 1104 1254 1106 1430
5452 4 4 1 119 1 2 65 1141 51 1106
5453 4 4 1 119 1 2 626 1373 503 271
5454 4 4 1 119 1 2 58 1141 1144 1143
5455 4 4 1 119 1 2 1141 58 1144 1104
5456 4 4 1 119 1 2 810 1179 357 704
5457 4 4 1 119 1 2 245 243 241 1172
5458 4 4 1 119 1 2 1372 1411 1111 1414
5459 4 4 1 119 1 2 343 760 1447 633
5460 4 4 1 119 1 2 1 47 726 1447
5461 4 5 1 119 2 1 -2 1056 1061 1084 1386
5462 4 4 1 119 1 2 58 671 1144 1104
5463 4 4 1 119 1 2 1299 373 1104 382
5464 4 4 1 119 1 2 58 671 685 1144
5465 4 4 1 119 1 1 575 1046 1161 1038
5466 4 4 1 119 1 1 575 303 1161 1270
5467 4 5 1 119 2 1 -2 361 505 1155 529
5468 4 5 1 119 2 1 -2 361 1156 1155 505
5469 4 4 1 119 1 2 313 452 966 475
5470 4 4 1 119 1 2 757 230 478 330
5471 4 4 1 119 1 1 1156 1195 1337 1047
5472 4 4 1 119 1 1 1160 541 1337 1155
5473 4 4 1 119 1 2 893 804 967 477
5474 4 4 1 119 1 2 1014 427 318 444
5475 4 4 1 119 1 2 772 771 1014 1029
5476 4 4 1 119 1 2 219 771 901 1419
5477 4 4 1 119 1 2 127 126 204 345
5478 4 4 1 119 1 1 527 332 1166 556
5479 4 4 1 119 1 2 398 816 404 951
5480 4 4 1 119 1 2 903 229 470 464
5481 4 4 1 119 1 1 1168 527 1166 556
5482 4 4 1 119 1 1 1137 1344 1166 556
5483 4 4 1 119 1 1 1431 706 630 673
5484 4 4 1 119 1 1 673 1431 697 630
5485 4 4 1 119 1 1 1431 706 1433 630
5486 4 4 1 119 1 1 705 370 1433 630
5487 4 4 1 119 1 2 292 1112 629 700
5488 4 4 1 119 1 1 1344 1168 1166 556
5489 4 4 1 119 1 2 1299 1008 582 625
5490 4 4 1 119 1 2 292 1211 700 520
5491 4 4 1 119 1 2 638 1109 520 700
5492 4 4 1 119 1 2 53 1360 1143 1144
5493 4 4 1 119 1 2 373 671 1104 382
5494 4 4 1 119 1 2 288 822 359 399
5495 4 4 1 119 1 2 710 1429 433 1177
5496 4 4 1 119 1 2 805 399 643 359
5497 4 4 1 119 1 2 710 1428 1429 1177
5498 4 4 1 119 1 2 1295 1185 1370 1205
5499 4 4 1 119 1 2 399 822 359 807
5500 4 4 1 119 1 2 822 288 359 596
5501 4 4 1 119 1 1 1426 703 709 380
5502 4 4 1 119 1 1 525 21 66 22
5503 4 4 1 119 1 1 525 22 62 563
5504 4 5 1 119 2 1 -2 24 686 1417 682
5505 4 4 1 119 1 1 62 525 563 1402
5506 4 4 1 119 1 2 1181 1180 1243 1182
5507 4 4 1 119 1 2 399 794 335 503
5508 4 4 1 119 1 2 1239 1240 1181 1243
5509 4 4 1 119 1 2 710 552 1177 433
5510 4 4 1 119 1 2 571 1179 704 675
5511 4 4 1 119 1 2 547 810 357 704
5512 4 4 1 119 1 2 717 718 1436 681
5513 4 4 1 119 1 2 718 1437 704 1436
5514 4 4 1 119 1 2 710 1428 1177 552
5515 4 4 1 119 1 1 1224 1346 890 1347
5516 4 4 1 119 1 1 521 397 269 886
5517 4 4 1 119 1 2 207 203 1188 169
5518 4 4 1 119 1 1 645 1311 554 298
5519 4 4 1 119 1 2 1294 207 1188 169
5520 4 4 1 119 1 1 600 309 940 447
5521 4 4 1 119 1 2 1129 531 667 520
5522 4 5 1 119 2 1 -2 1156 1032 510 1248
5523 4 5 1 119 2 1 -2 1195 1197 1248 262
5524 4 4 1 119 1 2 1308 1307 1309 1414
5525 4 5 1 119 2 2 -1 1032 1043 1033 1040
5526 4 5 1 119 2 1 -2 505 1156 1032 510
5527 4 4 1 119 1 1 768 646 286 413
5528 4 4 1 119 1 2 1187 1295 1182 1188
5529 4 4 1 119 1 1 905 851 1017 907
5530 4 4 1 119 1 2 1295 1294 1182 1188
5531 4 4 1 119 1 1 413 661 769 1352
5532 4 4 1 119 1 2 1181 1173 1182 1188
5533 4 4 1 119 1 2 1294 1181 1182 1188
5534 4 4 1 119 1 1 1020 1013 1026 487
5535 4 4 1 119 1 1 323 1020 495 471
5536 4 4 1 119 1 1 1020 99 495 471
5537 4 4 1 119 1 2 278 443 480 982
5538 4 4 1 119 1 2 443 321 480 982
5539 4 4 1 119 1 2 1200 178 172 974
5540 4 4 1 119 1 2 989 757 322 484
5541 4 4 1 119 1 2 1031 900 1324 974
5542 4 4 1 119 1 2 827 1031 974 1320
5543 4 4 1 119 1 2 178 185 172 974
5544 4 4 1 119 1 2 694 615 814 1335
5545 4 4 1 119 1 2 809 1010 1392 1304
5546 4 4 1 119 1 2 524 503 1363 803
5547 4 4 1 119 1 2 1031 827 974 1241
5548 4 4 1 119 1 2 1307 1101 1308 1095
5549 4 4 1 119 1 2 578 58 1430 1104
5550 4 4 1 119 1 2 373 578 1430 1104
5551 4 4 1 119 1 2 1031 900 974 311
5552 4 4 1 119 1 1 646 1354 514 617
5553 4 4 1 119 1 1 844 1229 514 617
5554 4 4 1 119 1 1 1354 844 514 617
5555 4 4 1 119 1 1 844 1354 1229 617
5556 4 4 1 119 1 2 788 993 988 405
5557 4 4 1 119 1 2 788 315 993 405
5558 4 4 1 119 1 2 788 821 405 988
5559 4 4 1 119 1 2 788 410 405 821
5560 4 4 1 119 1 2 1142 1141 1143 1210
5561 4 4 1 119 1 2 1098 1008 628 1099
5562 4 4 1 119 1 2 51 1255 1106 1142
5563 4 4 1 119 1 2 1134 1256 1106 51
5564 4 4 1 119 1 1 833 832 847 840
5565 4 4 1 119 1 1 766 832 847 833
5566 4 4 1 119 1 1 736 733 930 731
5567 4 4 1 119 1 1 846 766 847 930
5568 4 5 1 119 2 1 -2 251 956 252 847
5569 4 4 1 119 1 1 833 138 251 847
5570 4 4 1 119 1 1 138 251 929 730
5571 4 4 1 119 1 1 766 833 847 170
5572 4 4 1 119 1 2 1141 1102 1143 1210
5573 4 4 1 119 1 2 1300 1142 1143 1210
5574 4 4 1 119 1 1 320 923 472 742
5575 4 4 1 119 1 1 734 922 741 742
5576 4 4 1 119 1 1 910 905 742 923
5577 4 4 1 119 1 1 735 925 742 256
5578 4 4 1 119 1 1 606 1426 298 945
5579 4 4 1 119 1 1 1406 1405 1214 1417
5580 4 5 1 119 2 2 -1 77 75 1220 72
5581 4 5 1 119 2 1 -2 1426 1092 752 1087
5582 4 4 1 119 1 1 943 1222 1346 945
5583 4 4 1 119 1 1 1124 1273 1138 1089
5584 4 4 1 119 1 2 642 523 290 1023
5585 4 4 1 119 1 2 828 614 825 1023
5586 4 4 1 119 1 2 351 568 1231 1362
5587 4 4 1 119 1 2 523 1231 613 1023
5588 4 4 1 119 1 2 1185 691 1205 634
5589 4 4 1 119 1 2 1200 173 178 1204
5590 4 4 1 119 1 2 523 568 1231 351
5591 4 4 1 119 1 2 1383 614 1023 290
5592 4 4 1 119 1 2 1290 351 1231 1362
5593 4 4 1 119 1 2 829 827 1232 830
5594 4 4 1 119 1 2 1201 642 763 1023
5595 4 4 1 119 1 2 1322 1324 973 1199
5596 4 4 1 119 1 2 1301 1300 1143 1210
5597 4 4 1 119 1 2 234 1025 774 130
5598 4 4 1 119 1 2 1343 1054 1060 1221
5599 4 4 1 119 1 2 233 204 128 129
5600 4 4 1 119 1 2 904 770 902 869
5601 4 4 1 119 1 2 132 131 211 776
5602 4 4 1 119 1 2 185 199 1199 193
5603 4 4 1 119 1 2 1323 801 1236 797
5604 4 4 1 119 1 2 1437 810 1183 1439
5605 4 4 1 119 1 2 860 1377 248 13
5606 4 4 1 119 1 2 56 71 73 858
5607 4 4 1 119 1 2 1330 1284 1363 808
5608 4 4 1 119 1 2 1437 1191 1176 1392
5609 4 4 1 119 1 2 823 1242 979 825
5610 4 4 1 119 1 2 288 822 399 807
5611 4 4 1 119 1 2 794 804 807 805
5612 4 4 1 119 1 2 721 1442 573 809
5613 4 4 1 119 1 2 756 782 952 963
5614 4 4 1 119 1 2 403 288 399 807
5615 4 4 1 119 1 2 403 822 288 807
5616 4 4 1 119 1 2 1343 1444 1054 1221
5617 4 4 1 119 1 2 805 399 807 643
5618 4 4 1 119 1 2 1263 272 335 593
5619 4 4 1 119 1 2 1373 794 503 803
5620 4 4 1 119 1 2 403 399 503 807
5621 4 4 1 119 1 2 980 403 1373 807
5622 4 4 1 119 1 2 971 986 984 939
5623 4 4 1 119 1 2 806 817 820 853
5624 4 4 1 119 1 2 989 458 322 875
5625 4 4 1 119 1 2 870 804 964 820
5626 4 4 1 119 1 2 992 856 852 853
5627 4 4 1 119 1 2 788 988 983 852
5628 4 4 1 119 1 2 821 788 852 988
5629 4 4 1 119 1 2 80 860 83 758
5630 4 4 1 119 1 2 816 821 951 1312
5631 4 4 1 119 1 2 900 647 665 1320
5632 4 4 1 119 1 2 1340 1245 829 1362
5633 4 4 1 119 1 2 1340 288 490 613
5634 4 4 1 119 1 2 1244 173 1204 194
5635 4 4 1 119 1 2 827 1200 1232 830
5636 4 4 1 119 1 2 822 1245 829 1340
5637 4 4 1 119 1 2 827 822 829 1340
5638 4 4 1 119 1 2 829 827 1325 1320
5639 4 4 1 119 1 1 1404 833 1329 840
5640 4 4 1 119 1 1 833 1404 839 840
5641 4 5 1 119 2 2 -1 72 1218 1220 1221
5642 4 4 1 119 1 1 1327 1208 1078 1353
5643 4 4 1 119 1 1 392 565 1226 366
5644 4 4 1 119 1 1 275 905 1017 906
5645 4 5 1 119 2 1 -2 956 251 252 1260
5646 4 4 1 119 1 1 849 915 769 908
5647 4 4 1 119 1 1 1167 1124 1086 1259
5648 4 4 1 119 1 2 1444 1218 72 1221
5649 4 4 1 119 1 1 849 846 847 908
5650 4 4 1 119 1 2 410 315 857 788
5651 4 4 1 119 1 2 395 315 411 857
5652 4 4 1 119 1 2 856 788 858 1450
5653 4 4 1 119 1 2 78 1416 599 1374
5654 4 4 1 119 1 2 855 872 928 853
5655 4 4 1 119 1 2 873 227 939 220
5656 4 4 1 119 1 2 866 870 820 962
5657 4 4 1 119 1 2 782 756 939 873
5658 4 4 1 119 1 2 988 308 852 951
5659 4 4 1 119 1 2 785 1265 963 952
5660 4 4 1 119 1 2 255 239 869 776
5661 4 4 1 119 1 1 284 434 885 612
5662 4 4 1 119 1 1 1223 1225 554 564
5663 4 4 1 119 1 1 887 1283 888 885
5664 4 4 1 119 1 1 350 562 1402 1293
5665 4 4 1 119 1 1 751 406 941 456
5666 4 4 1 119 1 1 746 751 1293 885
5667 4 4 1 119 1 1 892 645 1292 562
5668 4 4 1 119 1 1 434 562 608 1292
5669 4 4 1 119 1 2 782 797 963 869
5670 4 4 1 119 1 2 871 793 874 877
5671 4 4 1 119 1 2 1322 1323 869 895
5672 4 4 1 119 1 2 903 772 901 874
5673 4 4 1 119 1 2 797 895 963 869
5674 4 4 1 119 1 2 898 964 896 963
5675 4 4 1 119 1 2 785 817 952 963
5676 4 4 1 119 1 2 904 873 963 869
5677 4 4 1 119 1 1 921 925 742 923
5678 4 4 1 119 1 2 1290 1362 1232 830
5679 4 4 1 119 1 2 1383 1233 1243 1023
5680 4 4 1 119 1 1 462 698 316 907
5681 4 4 1 119 1 1 911 462 851 907
5682 4 4 1 119 1 1 906 316 918 907
5683 4 4 1 119 1 1 914 910 912 918
5684 4 4 1 119 1 1 275 431 905 906
5685 4 4 1 119 1 1 449 851 430 1017
5686 4 4 1 119 1 1 851 911 769 1127
5687 4 4 1 119 1 1 1121 845 1353 1226
5688 4 4 1 119 1 1 1167 1124 1259 1122
5689 4 4 1 119 1 1 846 849 957 1353
5690 4 4 1 119 1 1 911 915 769 1127
5691 4 4 1 119 1 1 917 1167 1126 1121
5692 4 4 1 119 1 2 964 817 963 818
5693 4 4 1 119 1 2 1184 1383 1243 1023
5694 4 4 1 119 1 2 1242 1234 1243 825
5695 4 4 1 119 1 2 867 866 875 873
5696 4 4 1 119 1 2 792 791 458 875
5697 4 4 1 119 1 2 232 230 478 875
5698 4 4 1 119 1 2 867 873 875 939
5699 4 4 1 119 1 2 855 971 928 875
5700 4 4 1 119 1 2 928 971 939 875
5701 4 4 1 119 1 2 230 757 478 875
5702 4 4 1 119 1 2 1239 1234 1243 1242
5703 4 5 1 119 2 2 -1 1066 838 246 244
5704 4 4 1 119 1 2 1035 1000 1172 1308
5705 4 4 1 119 1 2 61 999 241 11
5706 4 4 1 119 1 2 58 1141 1430 1104
5707 4 4 1 119 1 1 956 849 1260 957
5708 4 4 1 119 1 2 1254 1430 1425 1106
5709 4 4 1 119 1 2 274 791 458 792
5710 4 4 1 119 1 2 967 961 477 962
5711 4 4 1 119 1 2 450 398 404 951
5712 4 4 1 119 1 2 371 578 1430 373
5713 4 4 1 119 1 2 961 1015 967 468
5714 4 4 1 119 1 2 870 876 962 866
5715 4 4 1 119 1 2 961 1015 962 967
5716 4 4 1 119 1 2 936 1024 972 900
5717 4 4 1 119 1 2 1024 936 972 778
5718 4 4 1 119 1 2 211 171 199 775
5719 4 4 1 119 1 2 937 1025 775 774
5720 4 4 1 119 1 2 826 899 897 900
5721 4 4 1 119 1 2 1031 826 897 900
5722 4 4 1 119 1 2 773 195 774 775
5723 4 4 1 119 1 2 757 992 989 983
5724 4 4 1 119 1 2 1310 635 484 968
5725 4 4 1 119 1 2 371 578 708 1430
5726 4 4 1 119 1 2 760 969 968 757
5727 4 4 1 119 1 2 437 274 458 792
5728 4 4 1 119 1 2 760 1310 757 989
5729 4 4 1 119 1 2 321 989 458 322
5730 4 4 1 119 1 2 69 992 786 856
5731 4 4 1 119 1 2 788 479 995 993
5732 4 4 1 119 1 2 479 489 329 995
5733 4 4 1 119 1 2 982 988 983 990
5734 4 4 1 119 1 2 994 69 786 787
5735 4 4 1 119 1 2 760 349 635 968
5736 4 4 1 119 1 2 994 991 995 990
5737 4 4 1 119 1 2 725 1449 86 1446
5738 4 4 1 119 1 2 1310 760 635 968
5739 4 4 1 119 1 2 855 852 820 853
5740 4 4 1 119 1 2 73 78 1375 863
5741 4 4 1 119 1 2 1376 1136 49 863
5742 4 4 1 119 1 2 1097 1059 1106 1319
5743 4 4 1 119 1 2 1004 655 622 1368
5744 4 4 1 119 1 2 371 373 1430 1104
5745 4 4 1 119 1 1 921 424 1016 923
5746 4 4 1 119 1 1 440 740 742 741
5747 4 4 1 119 1 1 914 1387 920 912
5748 4 4 1 119 1 1 925 921 1016 923
5749 4 4 1 119 1 1 424 921 742 923
5750 4 4 1 119 1 1 698 462 911 907
5751 4 4 1 119 1 1 1013 409 768 978
5752 4 4 1 119 1 1 767 738 1381 1119
5753 4 4 1 119 1 1 409 1013 408 978
5754 4 4 1 119 1 1 768 408 831 978
5755 4 4 1 119 1 1 100 1026 201 1027
5756 4 4 1 119 1 1 310 1119 101 526
5757 4 4 1 119 1 1 1037 1156 1038 1045
5758 4 4 1 119 1 1 1037 1071 1045 1269
5759 4 4 1 119 1 1 1195 361 1337 549
5760 4 4 1 119 1 1 1046 584 1270 1396
5761 4 4 1 119 1 2 1256 1255 1106 51
5762 4 4 1 119 1 1 1269 1046 1161 1270
5763 4 4 1 119 1 2 1211 1107 1109 520
5764 4 4 1 119 1 2 1107 1211 1049 1129
5765 4 4 1 119 1 2 1107 1110 1117 1040
5766 4 4 1 119 1 2 538 1145 1297 1116
5767 4 4 1 119 1 2 203 169 189 1298
5768 4 5 1 119 2 2 -1 1060 1164 1445 1062
5769 4 4 1 119 1 2 610 294 1060 1059
5770 4 5 1 119 2 2 -1 294 610 1060 504
5771 4 5 1 119 2 2 -1 1092 702 722 1087
5772 4 5 1 119 2 1 -2 1341 528 302 1342
5773 4 5 1 119 2 1 -2 1085 1090 1084 1083
5774 4 5 1 119 2 2 -1 1164 1445 1128 1221
5775 4 4 1 119 1 2 637 1438 1060 1059
5776 4 4 1 119 1 2 294 637 1060 1059
5777 4 4 1 119 1 2 294 1438 1060 637
5778 4 4 1 119 1 1 575 1046 1038 1045
5779 4 4 1 119 1 1 1156 1038 1045 1160
5780 4 4 1 119 1 1 1206 1070 1073 1082
5781 4 4 1 119 1 1 958 1121 1078 765
5782 4 4 1 119 1 1 1327 1080 1075 1045
5783 4 4 1 119 1 1 575 1421 1075 1045
5784 4 4 1 119 1 1 361 1156 1337 1155
5785 4 4 1 119 1 1 1063 1047 1160 1333
5786 4 4 1 119 1 1 1063 1156 1160 1047
5787 4 4 1 119 1 1 1074 1206 1082 1086
5788 4 4 1 119 1 1 1086 1074 1273 1082
5789 4 4 1 119 1 1 1124 1086 1273 1082
5790 4 4 1 119 1 1 1332 1333 1072 1076
5791 4 5 1 119 2 1 -2 1087 1061 1084 1347
5792 4 4 1 119 1 1 1124 1167 1344 1082
5793 4 4 1 119 1 1 1167 1206 1344 1082
5794 4 4 1 119 1 1 1344 1124 1082 1086
5795 4 4 1 119 1 1 1206 1344 1082 1086
5796 4 4 1 119 1 2 699 1098 628 1099
5797 4 4 1 119 1 2 1053 1052 891 240
5798 4 5 1 119 2 1 -2 1085 838 246 1066
5799 4 4 1 119 1 2 1101 1305 1095 1307
5800 4 4 1 119 1 2 534 1096 1413 266
5801 4 4 1 119 1 2 1093 1094 1095 1105
5802 4 4 1 119 1 2 1301 1192 1100 1001
5803 4 4 1 119 1 2 1097 1093 1095 1105
5804 4 4 1 119 1 2 1101 639 1095 1305
5805 4 4 1 119 1 2 1143 1141 1144 864
5806 4 4 1 119 1 2 376 1144 382 625
5807 4 4 1 119 1 2 1141 51 1106 1142
5808 4 4 1 119 1 2 1008 628 1099 291
5809 4 4 1 119 1 2 1097 508 1319 1093
5810 4 4 1 119 1 2 657 1104 1319 1209
5811 4 4 1 119 1 2 508 519 1319 1093
5812 4 4 1 119 1 2 638 680 1115 692
5813 4 4 1 119 1 2 1382 638 1115 692
5814 4 4 1 119 1 2 638 1382 1115 1114
5815 4 4 1 119 1 2 680 638 1115 1114
5816 4 4 1 119 1 1 527 1120 917 1126
5817 4 4 1 119 1 1 1354 1229 1227 1353
5818 4 4 1 119 1 1 1121 849 1353 957
5819 4 4 1 119 1 1 392 527 1126 1120
5820 4 4 1 119 1 1 527 392 1126 366
5821 4 4 1 119 1 1 1167 1344 1137 1086
5822 4 4 1 119 1 1 366 527 543 1126
5823 4 4 1 119 1 1 664 462 769 1127
5824 4 4 1 119 1 1 664 366 543 1127
5825 4 4 1 119 1 1 1258 1127 1166 1259
5826 4 4 1 119 1 2 1134 55 1106 1425
5827 4 4 1 119 1 1 889 1086 1282 1139
5828 4 4 1 119 1 1 1070 1206 1073 1121
5829 4 4 1 119 1 1 917 527 1126 1166
5830 4 4 1 119 1 2 1104 371 1254 1430
5831 4 4 1 119 1 2 1145 1146 1318 1148
5832 4 4 1 119 1 2 1118 1145 1318 1148
5833 4 4 1 119 1 2 111 707 197 191
5834 4 4 1 119 1 2 797 245 248 798
5835 4 5 1 119 2 2 -1 1042 1041 1154 1253
5836 4 4 1 119 1 2 783 1377 1265 1317
5837 4 5 1 119 2 1 -2 1393 1399 1397 1394
5838 4 4 1 119 1 1 1393 1046 1394 1159
5839 4 4 1 119 1 1 1432 739 1433 842
5840 4 4 1 119 1 1 1431 1433 841 842
5841 4 4 1 119 1 2 1113 1112 1170 1388
5842 4 4 1 119 1 2 1437 718 1176 1179
5843 4 4 1 119 1 2 799 811 245 1172
5844 4 4 1 119 1 2 57 1356 1011 1007
5845 4 4 1 119 1 2 245 800 798 797
5846 4 4 1 119 1 2 1388 1112 1170 1176
5847 4 4 1 119 1 2 1266 783 1265 1317
5848 4 4 1 119 1 2 1176 1191 1436 1309
5849 4 4 1 119 1 2 1181 1180 1172 1237
5850 4 4 1 119 1 2 1175 1178 1428 1177
5851 4 4 1 119 1 2 812 1181 1172 1237
5852 4 4 1 119 1 2 1035 1000 1414 236
5853 4 4 1 119 1 2 1240 1239 1203 1243
5854 4 4 1 119 1 2 363 642 512 1370
5855 4 4 1 119 1 2 1240 1203 1204 1243
5856 4 4 1 119 1 2 1004 1135 1007 1005
5857 4 4 1 119 1 2 953 1317 1264 1265
5858 4 4 1 119 1 2 64 1005 1007 57
5859 4 4 1 119 1 2 953 1377 1317 1265
5860 4 4 1 119 1 2 200 1244 1204 194
5861 4 4 1 119 1 2 1244 173 1418 1204
5862 4 4 1 119 1 2 173 1200 830 1204
5863 4 4 1 119 1 2 1203 1234 824 1238
5864 4 4 1 119 1 2 1234 1235 824 1238
5865 4 4 1 119 1 2 1234 1241 1238 1203
5866 4 4 1 119 1 2 245 1236 134 1237
5867 4 4 1 119 1 1 892 943 1214 746
5868 4 4 1 119 1 1 1291 746 885 1292
5869 4 4 1 119 1 1 746 892 885 1292
5870 4 4 1 119 1 1 948 1405 946 62
5871 4 4 1 119 1 1 942 888 943 1138
5872 4 4 1 119 1 1 1223 1272 1346 1273
5873 4 4 1 119 1 1 606 298 1347 945
5874 4 4 1 119 1 1 1083 1124 1138 1089
5875 4 4 1 119 1 1 1272 1223 1346 1224
5876 4 5 1 119 2 1 -2 1082 1072 1084 1083
5877 4 4 1 119 1 2 1317 1266 1264 1265
5878 4 4 1 119 1 2 1266 796 1264 1265
5879 4 4 1 119 1 2 1323 249 1236 245
5880 4 4 1 119 1 2 800 245 1236 797
5881 4 4 1 119 1 2 1322 1323 801 1236
5882 4 4 1 119 1 2 1235 1322 801 1236
5883 4 4 1 119 1 2 1240 200 1203 1238
5884 4 4 1 119 1 2 1203 1240 1238 824
5885 4 4 1 119 1 2 1240 188 200 1238
5886 4 4 1 119 1 2 1322 777 1323 1236
5887 4 4 1 119 1 2 777 1322 1235 1236
5888 4 4 1 119 1 2 980 807 979 825
5889 4 4 1 119 1 2 826 822 1031 1247
5890 4 4 1 119 1 2 1031 827 1241 1247
5891 4 4 1 119 1 2 827 822 1241 1247
5892 4 4 1 119 1 2 822 827 1031 1247
5893 4 4 1 119 1 1 940 1275 886 1276
5894 4 4 1 119 1 1 1258 462 1259 269
5895 4 4 1 119 1 1 915 849 1259 1121
5896 4 4 1 119 1 1 397 269 886 425
5897 4 4 1 119 1 1 932 881 879 880
5898 4 4 1 119 1 1 882 1278 1262 1281
5899 4 4 1 119 1 1 889 1280 1282 1281
5900 4 4 1 119 1 1 1258 664 543 1127
5901 4 4 1 119 1 1 1080 1071 1159 1269
5902 4 4 1 119 1 1 1075 1080 1159 1269
5903 4 4 1 119 1 1 353 601 1045 1063
5904 4 5 1 119 2 1 -2 505 1042 1032 1269
5905 4 5 1 119 2 1 -2 1156 505 1032 1269
5906 4 4 1 119 1 1 882 488 1276 269
5907 4 5 1 119 2 1 -2 1055 1056 1084 1386
5908 4 4 1 119 1 1 1283 940 886 1276
5909 4 4 1 119 1 1 879 878 940 1276
5910 4 4 1 119 1 1 1344 1206 556 530
5911 4 4 1 119 1 1 1262 1086 1137 1280
5912 4 4 1 119 1 1 1167 1168 917 1166
5913 4 4 1 119 1 1 527 1126 1166 543
5914 4 4 1 119 1 1 916 488 1279 1276
5915 4 4 1 119 1 1 882 916 1279 1276
5916 4 4 1 119 1 1 1086 567 1282 1139
5917 4 4 1 119 1 1 884 885 1348 612
5918 4 4 1 119 1 1 885 892 1348 1292
5919 4 4 1 119 1 1 441 448 277 780
5920 4 4 1 119 1 1 1277 237 250 880
5921 4 4 1 119 1 1 882 488 916 1276
5922 4 4 1 119 1 2 1174 1180 1183 1171
5923 4 4 1 119 1 2 1035 1400 1309 1308
5924 4 4 1 119 1 2 715 548 1434 1435
5925 4 4 1 119 1 2 548 355 715 1434
5926 4 4 1 119 1 2 816 1312 1313 1367
5927 4 4 1 119 1 2 648 398 1312 1313
5928 4 4 1 119 1 2 396 398 648 1313
5929 4 4 1 119 1 2 1312 648 1313 1367
5930 4 4 1 119 1 2 394 396 648 1313
5931 4 4 1 119 1 2 815 394 648 1313
5932 4 4 1 119 1 2 394 815 396 1313
5933 4 4 1 119 1 2 894 895 896 897
5934 4 4 1 119 1 2 1031 1321 897 1247
5935 4 4 1 119 1 2 868 938 770 897
5936 4 4 1 119 1 2 895 1322 1247 897
5937 4 4 1 119 1 2 937 1324 743 897
5938 4 4 1 119 1 2 1285 1267 808 814
5939 4 4 1 119 1 2 1267 955 808 814
5940 4 4 1 119 1 2 1268 1267 814 955
5941 4 4 1 119 1 2 694 1010 577 814
5942 4 4 1 119 1 2 615 1010 1335 577
5943 4 4 1 119 1 2 694 615 1335 577
5944 4 5 1 119 2 2 -1 1427 1085 1219 1084
5945 4 4 1 119 1 1 1224 1272 890 1346
5946 4 4 1 119 1 1 890 1274 616 1347
5947 4 4 1 119 1 1 1338 1162 1048 1056
5948 4 4 1 119 1 1 298 1311 1347 945
5949 4 4 1 119 1 1 752 1426 945 1214
5950 4 5 1 119 2 1 -2 1426 1087 752 945
5951 4 4 1 119 1 1 1274 605 616 1347
5952 4 4 1 119 1 2 1008 305 1361 1001
5953 4 4 1 119 1 2 1193 50 1359 1007
5954 4 4 1 119 1 2 492 1135 996 1368
5955 4 4 1 119 1 2 1189 1190 1391 996
5956 4 4 1 119 1 2 997 1192 1359 996
5957 4 4 1 119 1 2 1368 1389 996 1390
5958 4 4 1 119 1 2 1104 1299 864 1099
5959 4 4 1 119 1 2 1009 1361 1356 1193
5960 4 4 1 119 1 2 1005 1136 1359 1369
5961 4 4 1 119 1 2 1004 1268 1368 1010
5962 4 4 1 119 1 2 694 577 1368 622
5963 4 4 1 119 1 2 655 1004 622 1005
5964 4 4 1 119 1 2 1363 1335 803 814
5965 4 4 1 119 1 2 789 1267 802 814
5966 4 4 1 119 1 2 627 1378 622 1005
5967 4 4 1 119 1 1 392 604 1125 1287
5968 4 4 1 119 1 2 577 435 1368 622
5969 4 4 1 119 1 2 1378 627 622 655
5970 4 4 1 119 1 2 1152 375 621 1379
5971 4 4 1 119 1 2 570 619 566 1379
5972 4 4 1 119 1 1 845 1121 1287 1286
5973 4 4 1 119 1 1 845 958 1287 1121
5974 4 4 1 119 1 1 1121 1120 1287 1286
5975 4 4 1 119 1 2 375 570 566 1379
5976 4 4 1 119 1 2 1356 1360 1193 1143
5977 4 4 1 119 1 2 1378 1135 1005 1011
5978 4 4 1 119 1 2 1004 1268 996 1368
5979 4 4 1 119 1 2 701 1389 1390 1010
5980 4 4 1 119 1 2 810 701 1390 1010
5981 4 4 1 119 1 2 998 60 1359 784
5982 4 4 1 119 1 2 1356 1361 1007 996
5983 4 4 1 119 1 2 1005 1136 1369 863
5984 4 4 1 119 1 2 227 232 223 1401
5985 4 4 1 119 1 2 871 866 792 1015
5986 4 4 1 119 1 2 232 223 1401 145
5987 4 4 1 119 1 2 328 232 791 436
5988 4 4 1 119 1 2 229 1420 223 146
5989 4 4 1 119 1 2 1401 683 436 145
5990 4 4 1 119 1 2 267 1101 1111 1114
5991 4 4 1 119 1 2 1107 1129 1049 1040
5992 4 5 1 119 2 1 -2 1032 1042 1033 1159
5993 4 4 1 119 1 2 1108 1412 1117 836
5994 4 4 1 119 1 2 1154 835 836 1034
5995 4 5 1 119 2 2 -1 837 1157 1077 1033
5996 4 5 1 119 2 1 -2 1157 1037 1033 1159
5997 4 4 1 119 1 2 717 718 704 1436
5998 4 4 1 119 1 2 1423 1115 1436 1309
5999 4 4 1 119 1 2 692 494 1115 1423
6000 4 4 1 119 1 2 270 692 1115 1423
6001 4 4 1 119 1 2 270 494 692 1423
6002 4 4 1 119 1 2 494 693 1103 1423
6003 4 4 1 119 1 2 270 693 494 1423
6004 4 4 1 119 1 2 675 1179 1364 1403
6005 4 4 1 119 1 2 571 270 1423 693
6006 4 4 1 119 1 1 1125 1120 1287 1121
6007 4 4 1 119 1 2 981 271 572 1435
6008 4 4 1 119 1 2 716 1442 1435 271
6009 4 4 1 119 1 2 1400 1176 1183 1171
6010 4 4 1 119 1 2 715 1434 572 1435
6011 4 4 1 119 1 2 393 981 572 390
6012 4 4 1 119 1 2 981 1373 572 271
6013 4 4 1 119 1 2 1373 626 572 271
6014 4 4 1 119 1 2 1444 1257 1054 1221
6015 4 5 1 119 2 1 -2 949 75 1417 1215
6016 4 4 1 119 1 2 1257 294 1060 1445
6017 4 4 1 119 1 1 392 1120 1286 1287
6018 4 4 1 119 1 1 392 1125 1120 1287
6019 4 4 1 119 1 2 678 294 1257 1445
6020 4 4 1 119 1 2 294 678 719 1445
6021 4 4 1 119 1 2 1212 1173 1298 1186
6022 4 4 1 119 1 2 1173 1296 1298 1188
6023 4 4 1 119 1 2 1173 1212 1298 1296
6024 4 4 1 119 1 2 1112 1382 1113 1309
6025 4 4 1 119 1 1 331 474 339 754
6026 4 4 1 119 1 2 1176 1170 1171 1309
6027 4 4 1 119 1 2 1170 1113 1171 1309
6028 4 4 1 119 1 2 1170 1112 1309 1176
6029 4 4 1 119 1 2 1113 1112 1309 1170
6030 4 4 1 119 1 2 1115 1103 1309 1423
6031 4 4 1 119 1 2 1103 1307 1309 1423
6032 4 4 1 119 1 2 827 1200 1325 1320
6033 4 4 1 119 1 2 1324 900 973 974
6034 4 4 1 119 1 1 424 432 923 320
6035 4 4 1 119 1 1 741 453 337 467
6036 4 4 1 119 1 2 423 1246 647 1320
6037 4 5 1 119 2 1 -2 1288 1289 1084 1386
6038 4 5 1 119 2 2 -1 838 837 1088 1249
6039 4 5 1 119 2 2 -1 610 1058 1059 1051
6040 4 4 1 119 1 1 201 738 177 1027
6041 4 5 1 119 2 2 -1 1053 1058 1051 1133
6042 4 5 1 119 2 2 -1 1058 1059 1051 1133
6043 4 5 1 119 2 1 -2 1341 1055 1051 1342
6044 4 5 1 119 2 2 -1 1289 722 1062 302
6045 4 5 1 119 2 2 -1 294 504 1060 1342
6046 4 5 1 119 2 2 -1 504 294 651 1342
6047 4 4 1 119 1 2 537 1299 382 373
6048 4 4 1 119 1 2 81 712 77 27
6049 4 5 1 119 2 2 -1 1060 294 1342 1445
6050 4 5 1 119 2 2 -1 294 651 1342 1445
6051 4 4 1 119 1 2 571 675 1364 1403
6052 4 4 1 119 1 2 628 1098 1364 388
6053 4 4 1 119 1 2 1305 1098 1364 628
6054 4 4 1 119 1 2 1450 43 329 476
6055 4 4 1 119 1 2 315 1450 476 857
6056 4 4 1 119 1 2 384 628 1364 388
6057 4 4 1 119 1 2 384 1305 1364 628
6058 4 4 1 119 1 2 1423 1115 681 1436
6059 4 4 1 119 1 2 1103 1179 1403 1307
6060 4 5 1 119 2 1 -2 1253 182 1315 1397
6061 4 4 1 119 1 2 955 581 622 1375
6062 4 5 1 119 2 1 -2 1289 1164 1084 1386
6063 4 4 1 119 1 2 581 586 652 1375
6064 4 4 1 119 1 2 954 862 1375 863
6065 4 4 1 119 1 2 78 70 73 1375
6066 4 4 1 119 1 2 70 862 73 1375
6067 4 4 1 119 1 2 955 954 1375 863
6068 4 4 1 119 1 2 581 954 1375 955
6069 4 4 1 119 1 2 1200 830 974 172
6070 4 4 1 119 1 2 954 586 1375 862
6071 4 4 1 119 1 2 581 586 1375 954
6072 4 5 1 119 2 1 -2 762 1082 1072 1084
6073 4 4 1 119 1 1 1162 594 1386 1056
6074 4 4 1 119 1 1 1288 605 576 354
6075 4 5 1 119 2 1 -2 576 594 302 1386
6076 4 4 1 119 1 1 506 1081 518 354
6077 4 4 1 119 1 1 1162 1061 1056 1386
6078 4 4 1 119 1 1 1162 1288 1061 1386
6079 4 5 1 119 2 1 -2 182 720 1397 367
6080 4 5 1 119 2 1 -2 650 1042 1270 1397
6081 4 4 1 119 1 2 1389 701 561 377
6082 4 4 1 119 1 2 701 1389 561 1390
6083 4 4 1 119 1 2 620 580 376 1360
6084 4 5 1 119 2 1 -2 679 650 1270 1397
6085 4 5 1 119 2 2 -1 679 1042 650 1397
6086 4 5 1 119 2 2 -1 1422 644 1253 1397
6087 4 5 1 119 2 2 -1 1042 1422 1253 1397
6088 4 5 1 119 2 2 -1 1042 644 1422 1397
6089 4 5 1 119 2 1 -2 1396 720 369 1397
6090 4 4 1 119 1 1 157 156 259 283
6091 4 5 1 119 2 1 -2 367 1396 369 1397
6092 4 5 1 119 2 1 -2 720 367 369 1397
6093 4 4 1 119 1 2 1096 267 1111 266
6094 4 4 1 119 1 2 712 81 28 27
6095 4 4 1 119 1 2 1096 1111 1408 266
6096 4 4 1 119 1 2 81 712 28 713
6097 4 4 1 119 1 2 534 1096 266 668
6098 4 4 1 119 1 2 231 336 280 1419
6099 4 4 1 119 1 2 771 231 280 1419
6100 4 4 1 119 1 2 1378 535 618 515
6101 4 4 1 119 1 2 1416 684 515 38
6102 4 4 1 119 1 2 1416 52 515 1378
6103 4 4 1 119 1 2 149 219 676 1419
6104 4 4 1 119 1 2 78 40 1374 39
6105 4 4 1 119 1 1 346 209 97 340
6106 4 4 1 119 1 1 209 727 736 340
6107 4 4 1 119 1 1 98 209 736 340
6108 4 4 1 119 1 1 733 728 922 736
6109 4 4 1 119 1 2 336 149 676 1419
6110 4 4 1 119 1 2 336 231 149 1419
6111 4 4 1 119 1 2 231 219 149 1419
6112 4 4 1 119 1 2 65 578 1430 31
6113 4 4 1 119 1 2 708 65 1430 31
6114 4 4 1 119 1 2 578 708 1430 31
6115 4 4 1 119 1 2 65 58 1430 32
6116 4 4 1 119 1 2 174 1295 168 194
6117 4 4 1 119 1 2 207 1244 200 194
6118 4 4 1 119 1 2 578 65 1430 32
6119 4 4 1 119 1 2 674 363 691 1205
6120 4 4 1 119 1 2 433 1429 512 1370
6121 4 4 1 119 1 2 58 578 1430 32
6122 4 4 1 119 1 2 55 401 30 1425
6123 4 4 1 119 1 2 55 1438 1425 1254
6124 4 4 1 119 1 2 1438 401 1425 1254
6125 4 4 1 119 1 2 773 771 774 235
6126 4 4 1 119 1 2 1430 65 1425 1106
6127 4 4 1 119 1 2 51 65 1106 1425
6128 4 4 1 119 1 2 1254 1134 1106 1425
6129 4 4 1 119 1 2 3 1448 82 1447
6130 4 4 1 119 1 2 633 760 1447 1449
6131 4 4 1 119 1 2 800 811 798 1303
6132 4 4 1 119 1 2 1266 802 798 1441
6133 4 4 1 119 1 2 1266 796 798 802
6134 4 4 1 119 1 2 998 783 798 1336
6135 4 4 1 119 1 2 419 793 326 446
6136 4 4 1 119 1 2 127 204 128 501
6137 4 4 1 119 1 2 783 998 798 1265
6138 4 4 1 119 1 2 979 796 1441 798
6139 4 4 1 119 1 2 1266 1336 1441 798
6140 4 4 1 119 1 1 424 466 472 742
6141 4 5 1 119 2 1 -2 1289 1091 1084 1164
6142 4 4 1 119 1 1 320 742 472 467
6143 4 4 1 119 1 2 1415 1306 1308 1095
6144 4 4 1 119 1 1 366 565 1384 661
6145 4 4 1 119 1 2 1094 1000 1095 1210
6146 4 4 1 119 1 2 1415 1000 1095 1094
6147 4 4 1 119 1 2 1372 1415 1095 1094
6148 4 4 1 119 1 2 47 3 82 1447
6149 4 4 1 119 1 2 47 633 726 1447
6150 4 4 1 119 1 2 633 47 82 1447
6151 4 4 1 119 1 2 1448 1449 82 1447
6152 4 4 1 119 1 2 341 126 204 180
6153 4 4 1 119 1 2 341 125 126 180
6154 4 4 1 119 1 2 125 341 497 180
6155 4 4 1 119 1 2 325 1024 497 180
6156 4 4 1 119 1 2 341 325 497 180
6157 4 4 1 119 1 2 341 1024 325 180
6158 4 4 1 119 1 2 1448 1030 213 218
6159 4 4 1 119 1 2 221 214 226 869
6160 4 4 1 119 1 2 1101 1415 1095 1372
6161 4 4 1 119 1 2 782 215 214 226
6162 4 4 1 119 1 2 227 873 224 220
6163 4 4 1 119 1 2 111 707 191 579
6164 4 4 1 119 1 2 1096 1372 1095 1094
6165 4 4 1 119 1 2 1096 1101 1095 1372
6166 4 4 1 119 1 2 1255 1256 1106 1133
6167 4 4 1 119 1 2 1059 1097 1106 1133
6168 4 5 1 119 2 2 -1 379 1422 367 1253
6169 4 5 1 119 2 2 -1 206 1365 184 202
6170 4 5 1 119 2 1 -2 1365 206 1398 202
6171 4 4 1 119 1 2 1134 1059 1106 1133
6172 4 4 1 119 1 1 259 257 158 754
6173 4 4 1 119 1 2 1105 1097 1106 1210
6174 4 4 1 119 1 2 1255 1105 1106 1210
6175 4 4 1 119 1 2 1105 1255 1106 1133
6176 4 4 1 119 1 2 1097 1105 1106 1133
6177 4 4 1 119 1 1 156 48 259 283
6178 4 4 1 119 1 2 1108 1035 836 1117
6179 4 4 1 119 1 2 1322 1321 1324 1199
6180 4 4 1 119 1 2 199 171 185 973
6181 4 4 1 119 1 2 1212 1035 1117 1022
6182 4 4 1 119 1 2 1035 1212 1117 1108
6183 4 4 1 119 1 2 171 778 973 775
6184 4 4 1 119 1 2 199 1025 775 973
6185 4 4 1 119 1 2 1325 1031 974 311
6186 4 4 1 119 1 2 830 1198 974 172
6187 4 4 1 119 1 2 199 1322 743 973
6188 4 4 1 119 1 2 1146 813 1150 1149
6189 4 4 1 119 1 2 813 1186 1150 1149
6190 4 4 1 119 1 2 351 551 1339 603
6191 4 4 1 119 1 2 119 173 1418 674
6192 4 4 1 119 1 2 119 173 674 118
6193 4 4 1 119 1 2 1201 642 1205 763
6194 4 4 1 119 1 2 782 249 797 869
6195 4 4 1 119 1 2 153 228 869 214
6196 4 4 1 119 1 2 756 782 985 952
6197 4 4 1 119 1 2 782 873 939 226
6198 4 4 1 119 1 2 904 221 226 869
6199 4 4 1 119 1 2 939 215 226 220
6200 4 4 1 119 1 2 1322 1323 776 869
6201 4 4 1 119 1 2 1025 199 743 973
6202 4 4 1 119 1 2 801 1323 869 797
6203 4 4 1 119 1 2 773 233 129 204
6204 4 4 1 119 1 2 1153 1112 1150 1186
6205 4 4 1 119 1 2 773 204 129 195
6206 4 4 1 119 1 2 77 1443 1128 1221
6207 4 4 1 119 1 2 233 773 129 235
6208 4 4 1 119 1 1 1384 565 1226 1352
6209 4 4 1 119 1 2 81 77 1128 1221
6210 4 4 1 119 1 2 81 1443 1128 77
6211 4 4 1 119 1 2 81 712 1128 1443
6212 4 4 1 119 1 2 229 219 470 148
6213 4 4 1 119 1 2 936 778 342 773
6214 4 4 1 119 1 2 966 876 962 967
6215 4 4 1 119 1 2 1015 317 967 468
6216 4 4 1 119 1 2 1416 52 863 78
6217 4 4 1 119 1 2 723 712 1128 1445
6218 4 4 1 119 1 2 1443 712 1128 723
6219 4 4 1 119 1 2 712 1257 1128 1445
6220 4 4 1 119 1 2 712 81 1128 1257
6221 4 4 1 119 1 1 1140 1074 1273 1139
6222 4 4 1 119 1 1 1206 1074 1139 1086
6223 4 4 1 119 1 2 58 671 32 33
6224 4 4 1 119 1 1 1140 1074 1139 1206
6225 4 4 1 119 1 2 1107 1108 1150 1109
6226 4 4 1 119 1 2 1108 1212 1117 1150
6227 4 4 1 119 1 2 1212 1108 1109 1150
6228 4 4 1 119 1 2 1022 1147 1117 1150
6229 4 4 1 119 1 2 1212 1022 1117 1150
6230 4 4 1 119 1 2 40 660 1374 599
6231 4 4 1 119 1 2 1212 1147 1022 1150
6232 4 5 1 119 2 1 -2 529 505 1155 1161
6233 4 4 1 119 1 2 69 44 45 1446
6234 4 4 1 119 1 1 90 744 91 48
6235 4 4 1 119 1 1 744 745 91 48
6236 4 4 1 119 1 2 44 333 45 1446
6237 4 4 1 119 1 2 86 69 45 1446
6238 4 4 1 119 1 1 1156 1038 1155 1161
6239 4 4 1 119 1 1 1038 1156 1269 1161
6240 4 5 1 119 2 1 -2 505 1156 1155 1161
6241 4 4 1 119 1 2 1299 1104 1144 382
6242 4 5 1 119 2 1 -2 1156 505 1269 1161
6243 4 4 1 119 1 2 1180 1181 1172 1171
6244 4 4 1 119 1 2 811 1180 1172 1171
6245 4 4 1 119 1 2 1395 1400 1172 1308
6246 4 4 1 119 1 2 509 297 520 1049
6247 4 4 1 119 1 2 297 1211 520 1049
6248 4 4 1 119 1 2 811 1400 1172 1395
6249 4 4 1 119 1 1 449 409 286 850
6250 4 4 1 119 1 2 1101 267 668 677
6251 4 5 1 119 2 2 -1 498 588 1050 1413
6252 4 5 1 119 2 2 -1 1343 1164 1060 1051
6253 4 4 1 119 1 2 1003 1255 1105 1133
6254 4 4 1 119 1 2 1058 1093 1132 534
6255 4 5 1 119 2 2 -1 1058 511 1413 1050
6256 4 4 1 119 1 1 884 1283 886 1280
6257 4 4 1 119 1 1 567 397 1282 612
6258 4 4 1 119 1 1 397 612 886 1282
6259 4 4 1 119 1 1 1138 889 1282 1281
6260 4 4 1 119 1 1 434 645 1348 564
6261 4 4 1 119 1 1 755 331 485 659
6262 4 4 1 119 1 1 976 237 880 253
6263 4 4 1 119 1 1 744 344 283 502
6264 4 4 1 119 1 1 257 331 754 755
6265 4 4 1 119 1 2 799 1395 1172 1308
6266 4 4 1 119 1 1 1019 755 485 659
6267 4 4 1 119 1 2 799 811 1172 1395
6268 4 5 1 119 2 1 -2 498 1197 1050 588
6269 4 5 1 119 2 2 -1 1132 1058 1413 1050
6270 4 5 1 119 2 1 -2 587 1195 1248 262
6271 4 5 1 119 2 2 -1 1132 1050 1413 1408
6272 4 4 1 119 1 2 1303 980 1304 1441
6273 4 4 1 119 1 1 488 1279 1275 425
6274 4 4 1 119 1 1 488 269 425 1276
6275 4 4 1 119 1 2 548 1439 1183 1435
6276 4 4 1 119 1 2 363 674 1418 1205
6277 4 4 1 119 1 2 551 1201 1418 173
6278 4 4 1 119 1 2 763 1244 1243 1205
6279 4 4 1 119 1 2 548 1437 1183 1439
6280 4 4 1 119 1 2 194 117 691 118
6281 4 4 1 119 1 2 1416 684 39 599
6282 4 4 1 119 1 2 789 1267 1304 802
6283 4 4 1 119 1 2 980 802 1304 1441
6284 4 4 1 119 1 2 1416 38 78 39
6285 4 4 1 119 1 2 684 1416 39 38
6286 4 4 1 119 1 2 69 86 786 1446
6287 4 4 1 119 1 2 1449 969 86 1446
6288 4 4 1 119 1 2 1267 1268 1304 1336
6289 4 4 1 119 1 2 1267 789 1304 1268
6290 4 4 1 119 1 2 1030 142 338 141
6291 4 4 1 119 1 2 349 989 484 968
6292 4 4 1 119 1 2 328 143 478 230
6293 4 4 1 119 1 2 142 1030 330 230
6294 4 4 1 119 1 2 142 143 230 330
6295 4 4 1 119 1 2 343 1030 338 141
6296 4 4 1 119 1 2 1310 760 484 989
6297 4 4 1 119 1 1 1057 1196 1194 1048
6298 4 4 1 119 1 2 571 384 1403 1364
6299 4 4 1 119 1 2 639 1305 384 628
6300 4 4 1 119 1 2 1305 639 699 628
6301 4 5 1 119 2 1 -2 1197 1196 1194 1044
6302 4 5 1 119 2 1 -2 1195 1197 1194 1044
6303 4 5 1 119 2 2 -1 1248 1407 1408 510
6304 4 4 1 119 1 2 1131 1130 1132 1111
6305 4 4 1 119 1 2 1096 1132 1413 266
6306 4 4 1 119 1 2 263 534 1413 266
6307 4 5 1 119 2 1 -2 1043 1044 1194 1039
6308 4 5 1 119 2 1 -2 1043 1195 1194 1044
6309 4 5 1 119 2 1 -2 1044 1057 1194 1039
6310 4 4 1 119 1 1 925 735 742 923
6311 4 4 1 119 1 1 440 741 742 320
6312 4 4 1 119 1 1 905 440 742 320
6313 4 4 1 119 1 1 432 440 923 320
6314 4 4 1 119 1 1 735 910 742 923
6315 4 5 1 119 2 1 -2 1196 1057 1194 1044
6316 4 4 1 119 1 2 760 1310 484 968
6317 4 4 1 119 1 2 872 866 792 875
6318 4 4 1 119 1 2 1030 230 757 330
6319 4 4 1 119 1 1 921 327 424 466
6320 4 4 1 119 1 1 327 921 687 466
6321 4 4 1 119 1 2 433 642 1370 512
6322 4 4 1 119 1 2 642 1184 1205 763
6323 4 4 1 119 1 1 269 1280 425 1276
6324 4 4 1 119 1 1 1280 1283 886 1276
6325 4 4 1 119 1 1 1167 1344 1166 1137
6326 4 4 1 119 1 1 1137 1258 332 1166
6327 4 4 1 119 1 2 642 1201 1205 603
6328 4 4 1 119 1 2 614 288 1340 613
6329 4 4 1 119 1 2 1340 568 1231 613
6330 4 4 1 119 1 2 568 1340 490 613
6331 4 4 1 119 1 1 277 959 460 753
6332 4 4 1 119 1 1 465 348 460 959
6333 4 4 1 119 1 2 363 642 1205 603
6334 4 4 1 119 1 1 959 465 461 460
6335 4 5 1 119 2 1 -2 943 948 1216 1215
6336 4 4 1 119 1 2 296 1099 291 1209
6337 4 5 1 119 2 1 -2 1217 948 1216 943
6338 4 5 1 119 2 1 -2 1091 1222 1216 1215
6339 4 4 1 119 1 2 1101 1096 1095 668
6340 4 4 1 119 1 2 1141 1104 1144 864
6341 4 4 1 119 1 2 1002 1102 1143 864
6342 4 4 1 119 1 2 1099 537 291 1209
6343 4 4 1 119 1 2 657 373 1209 558
6344 4 5 1 119 2 1 -2 1222 1091 1216 1219
6345 4 4 1 119 1 2 1330 1284 602 1363
6346 4 4 1 119 1 2 378 524 602 1363
6347 4 4 1 119 1 2 794 1263 335 593
6348 4 5 1 119 2 1 -2 1220 1091 1216 1215
6349 4 5 1 119 2 2 -1 1427 1091 1216 1220
6350 4 4 1 119 1 1 1038 1046 1161 1269
6351 4 4 1 119 1 2 1130 1131 1040 1111
6352 4 5 1 119 2 2 -1 611 505 293 1032
6353 4 5 1 119 2 2 -1 644 1042 1422 650
6354 4 4 1 119 1 1 1228 1327 1227 1229
6355 4 4 1 119 1 1 1168 1206 556 1344
6356 4 4 1 119 1 1 462 1258 592 269
6357 4 4 1 119 1 1 366 1126 543 1127
6358 4 4 1 119 1 1 1168 527 556 522
6359 4 4 1 119 1 1 527 392 522 1120
6360 4 4 1 119 1 1 845 958 1227 1287
6361 4 4 1 119 1 1 392 1125 522 1120
6362 4 4 1 119 1 1 958 1228 1227 1287
6363 4 4 1 119 1 1 958 1327 1353 1227
6364 4 4 1 119 1 1 958 1228 1327 1227
6365 4 4 1 119 1 2 701 492 1390 561
6366 4 4 1 119 1 1 766 738 767 177
6367 4 4 1 119 1 1 767 738 1119 177
6368 4 4 1 119 1 2 577 435 561 1368
6369 4 4 1 119 1 1 1075 1432 640 1394
6370 4 4 1 119 1 2 176 188 1238 193
6371 4 4 1 119 1 2 777 176 1238 193
6372 4 4 1 119 1 1 1421 575 640 609
6373 4 4 1 119 1 2 176 188 1236 1238
6374 4 4 1 119 1 2 186 672 695 113
6375 4 4 1 119 1 2 1323 777 1238 1236
6376 4 4 1 119 1 2 114 186 1379 695
6377 4 4 1 119 1 2 114 570 695 1379
6378 4 4 1 119 1 1 316 698 918 907
6379 4 4 1 119 1 2 683 326 1401 436
6380 4 4 1 119 1 2 176 1323 1238 1236
6381 4 4 1 119 1 2 176 777 1238 1323
6382 4 5 1 119 2 2 -1 1130 1131 1132 1249
6383 4 4 1 119 1 2 497 205 124 180
6384 4 4 1 119 1 2 321 982 308 983
6385 4 4 1 119 1 2 321 443 308 982
6386 4 4 1 119 1 1 1421 1432 640 1075
6387 4 4 1 119 1 2 125 497 124 180
6388 4 4 1 119 1 1 1432 1394 370 640
6389 4 4 1 119 1 1 575 1394 640 304
6390 4 4 1 119 1 1 1432 705 289 640
6391 4 4 1 119 1 2 187 835 135 1022
6392 4 5 1 119 2 2 -1 834 136 835 242
6393 4 4 1 119 1 1 370 1394 669 640
6394 4 4 1 119 1 2 52 1378 618 37
6395 4 4 1 119 1 2 52 1334 618 1378
6396 4 4 1 119 1 2 37 1378 618 515
6397 4 4 1 119 1 2 1334 535 618 1378
6398 4 4 1 119 1 2 52 1416 515 38
6399 4 4 1 119 1 2 1409 836 242 1034
6400 4 4 1 119 1 2 1296 243 1022 135
6401 4 4 1 119 1 2 1198 352 1325 311
6402 4 4 1 119 1 2 203 1296 1022 135
6403 4 4 1 119 1 2 223 683 145 146
6404 4 5 1 119 2 2 -1 1043 1130 1132 1249
6405 4 5 1 119 2 2 -1 1130 1043 1131 1249
6406 4 5 1 119 2 2 -1 1058 1132 1249 1051
6407 4 4 1 119 1 2 1024 900 417 972
6408 4 4 1 119 1 2 865 313 418 446
6409 4 4 1 119 1 2 414 877 454 276
6410 4 4 1 119 1 2 1420 683 223 146
6411 4 5 1 119 2 1 -2 703 1092 670 1424
6412 4 5 1 119 2 1 -2 703 949 1092 1424
6413 4 5 1 119 2 2 -1 1053 1058 1249 1051
6414 4 5 1 119 2 2 -1 1058 1053 1249 1132
6415 4 4 1 119 1 2 591 1383 828 552
6416 4 4 1 119 1 2 421 1185 512 301
6417 4 4 1 119 1 2 1428 1169 696 493
6418 4 4 1 119 1 2 1428 710 428 493
6419 4 4 1 119 1 2 1024 482 451 972
6420 4 4 1 119 1 2 900 936 417 276
6421 4 5 1 119 2 1 -2 251 237 252 1260
6422 4 4 1 119 1 1 882 1278 913 1260
6423 4 4 1 119 1 2 109 110 711 197
6424 4 4 1 119 1 2 1251 1118 191 197
6425 4 4 1 119 1 1 1278 882 1262 1260
6426 4 4 1 119 1 1 911 882 913 1260
6427 4 4 1 119 1 2 208 109 711 197
6428 4 4 1 119 1 2 1193 53 50 63
6429 4 4 1 119 1 2 1356 57 1380 63
6430 4 4 1 119 1 2 981 393 572 1373
6431 4 4 1 119 1 1 1262 882 911 1260
6432 4 4 1 119 1 1 850 848 922 731
6433 4 4 1 119 1 1 922 734 741 736
6434 4 4 1 119 1 1 734 728 741 736
6435 4 4 1 119 1 1 728 734 922 736
6436 4 4 1 119 1 1 88 959 779 747
6437 4 4 1 119 1 1 959 88 90 747
6438 4 4 1 119 1 1 348 959 747 960
6439 4 4 1 119 1 1 744 348 747 960
6440 4 4 1 119 1 1 348 744 747 959
6441 4 4 1 119 1 1 88 779 91 747
6442 4 4 1 119 1 1 90 88 91 747
6443 4 4 1 119 1 2 80 860 758 781
6444 4 4 1 119 1 2 928 756 939 984
6445 4 4 1 119 1 2 928 971 984 939
6446 4 4 1 119 1 2 986 212 984 215
6447 4 4 1 119 1 2 782 756 985 939
6448 4 4 1 119 1 2 756 818 984 928
6449 4 4 1 119 1 2 238 782 985 215
6450 4 4 1 119 1 1 1069 1065 1067 1072
6451 4 4 1 119 1 1 1020 733 930 736
6452 4 4 1 119 1 1 1262 1086 1259 1137
6453 4 4 1 119 1 1 366 1384 1226 1127
6454 4 4 1 119 1 1 850 409 286 768
6455 4 4 1 119 1 1 408 646 286 768
6456 4 4 1 119 1 1 565 413 1352 661
6457 4 4 1 119 1 1 1124 1082 1083 1122
6458 4 4 1 119 1 1 958 1327 1078 1353
6459 4 4 1 119 1 1 1124 1262 1259 1122
6460 4 4 1 119 1 1 448 406 456 941
6461 4 4 1 119 1 1 888 943 885 746
6462 4 4 1 119 1 1 750 448 456 941
6463 4 4 1 119 1 2 865 793 874 871
6464 4 4 1 119 1 2 416 326 1401 791
6465 4 4 1 119 1 2 416 793 326 791
6466 4 4 1 119 1 2 416 1401 436 791
6467 4 4 1 119 1 2 326 1420 1401 791
6468 4 4 1 119 1 2 793 1420 326 791
6469 4 4 1 119 1 2 227 790 791 1401
6470 4 4 1 119 1 2 232 227 791 1401
6471 4 4 1 119 1 2 227 232 791 790
6472 4 4 1 119 1 2 593 794 1330 503
6473 4 4 1 119 1 2 524 1335 803 1363
6474 4 4 1 119 1 2 1373 980 803 802
6475 4 4 1 119 1 2 1285 1284 602 378
6476 4 4 1 119 1 2 503 794 1330 803
6477 4 4 1 119 1 2 1284 815 808 1330
6478 4 4 1 119 1 2 1317 1266 808 1264
6479 4 4 1 119 1 2 1211 292 1116 559
6480 4 4 1 119 1 2 1153 292 583 1116
6481 4 4 1 119 1 2 1145 813 1297 1116
6482 4 4 1 119 1 2 1175 1178 764 1187
6483 4 4 1 119 1 2 989 760 484 968
6484 4 4 1 119 1 2 1173 812 1188 1181
6485 4 4 1 119 1 2 1049 1318 1116 1150
6486 4 4 1 119 1 2 1145 559 1116 538
6487 4 4 1 119 1 2 1109 1112 1116 700
6488 4 4 1 119 1 2 1234 1235 1238 1241
6489 4 4 1 119 1 2 1239 1234 824 1203
6490 4 4 1 119 1 2 243 245 134 1237
6491 4 4 1 119 1 2 188 1294 1296 1237
6492 4 4 1 119 1 2 811 1400 1171 1172
6493 4 5 1 119 2 2 -1 206 1365 834 835
6494 4 5 1 119 2 2 -1 1036 1042 1154 1253
6495 4 4 1 119 1 2 1000 240 236 241
6496 4 4 1 119 1 2 1153 813 1150 1116
6497 4 4 1 119 1 2 1412 1108 1117 1040
6498 4 4 1 119 1 2 1035 1022 836 1117
6499 4 4 1 119 1 1 769 849 908 846
6500 4 4 1 119 1 1 910 909 929 908
6501 4 4 1 119 1 1 848 850 908 846
6502 4 4 1 119 1 1 1013 850 846 768
6503 4 4 1 119 1 1 1013 848 846 850
6504 4 4 1 119 1 1 914 911 908 918
6505 4 4 1 119 1 1 905 851 908 1017
6506 4 4 1 119 1 2 859 861 73 858
6507 4 4 1 119 1 2 1450 71 67 857
6508 4 4 1 119 1 2 480 989 322 484
6509 4 4 1 119 1 2 315 788 1450 857
6510 4 4 1 119 1 2 597 586 663 1271
6511 4 4 1 119 1 2 757 1310 484 989
6512 4 4 1 119 1 2 83 859 858 935
6513 4 4 1 119 1 2 870 866 867 868
6514 4 4 1 119 1 2 870 876 866 868
6515 4 4 1 119 1 2 904 873 874 868
6516 4 4 1 119 1 2 865 793 791 874
6517 4 4 1 119 1 1 319 960 324 753
6518 4 4 1 119 1 2 480 349 989 484
6519 4 4 1 119 1 1 885 1283 940 447
6520 4 4 1 119 1 2 478 757 330 322
6521 4 4 1 119 1 2 14 13 781 248
6522 4 4 1 119 1 1 554 1224 598 616
6523 4 4 1 119 1 1 1076 1081 1274 1061
6524 4 4 1 119 1 1 943 892 1214 945
6525 4 4 1 119 1 1 1225 892 1346 945
6526 4 5 1 119 2 1 -2 1426 606 1087 945
6527 4 4 1 119 1 1 560 892 1225 945
6528 4 4 1 119 1 2 238 14 781 248
6529 4 4 1 119 1 2 214 782 226 869
6530 4 4 1 119 1 2 854 821 1271 858
6531 4 4 1 119 1 2 212 986 220 215
6532 4 4 1 119 1 2 757 230 218 225
6533 4 4 1 119 1 2 903 229 901 772
6534 4 4 1 119 1 2 901 771 217 902
6535 4 4 1 119 1 2 1025 937 938 902
6536 4 4 1 119 1 2 867 866 874 868
6537 4 4 1 119 1 2 793 1420 791 874
6538 4 4 1 119 1 1 925 914 1016 912
6539 4 4 1 119 1 1 457 921 1016 912
6540 4 4 1 119 1 1 457 1387 921 912
6541 4 4 1 119 1 1 925 1387 912 921
6542 4 4 1 119 1 1 925 914 912 1387
6543 4 4 1 119 1 1 882 920 912 911
6544 4 4 1 119 1 1 920 882 912 916
6545 4 4 1 119 1 1 440 905 923 320
6546 4 4 1 119 1 1 905 440 923 432
6547 4 4 1 119 1 1 432 905 1016 923
6548 4 4 1 119 1 1 424 432 1016 923
6549 4 4 1 119 1 1 914 925 1016 923
6550 4 4 1 119 1 1 925 914 735 923
6551 4 4 1 119 1 1 910 914 1016 923
6552 4 4 1 119 1 1 914 910 735 923
6553 4 4 1 119 1 1 1278 882 913 919
6554 4 4 1 119 1 1 1124 1261 1262 1260
6555 4 4 1 119 1 1 920 882 1278 919
6556 4 4 1 119 1 1 925 926 924 919
6557 4 4 1 119 1 1 933 925 919 934
6558 4 4 1 119 1 1 560 1311 298 945
6559 4 4 1 119 1 1 1426 560 298 945
6560 4 4 1 119 1 1 516 1274 616 598
6561 4 4 1 119 1 1 1224 1272 616 890
6562 4 4 1 119 1 1 910 905 906 908
6563 4 4 1 119 1 1 170 766 201 930
6564 4 4 1 119 1 1 170 929 847 930
6565 4 4 1 119 1 1 251 833 847 1230
6566 4 4 1 119 1 1 929 922 1028 924
6567 4 4 1 119 1 1 1020 736 930 737
6568 4 4 1 119 1 2 876 893 967 966
6569 4 4 1 119 1 2 876 870 967 893
6570 4 4 1 119 1 2 870 967 477 962
6571 4 4 1 119 1 2 818 898 820 928
6572 4 4 1 119 1 2 876 871 962 866
6573 4 4 1 119 1 2 816 804 272 962
6574 4 4 1 119 1 2 876 870 962 967
6575 4 4 1 119 1 1 1013 738 1026 978
6576 4 4 1 119 1 1 310 365 408 978
6577 4 4 1 119 1 1 408 365 831 978
6578 4 4 1 119 1 1 365 1119 1381 831
6579 4 4 1 119 1 1 1026 1020 487 471
6580 4 4 1 119 1 1 409 1013 487 408
6581 4 4 1 119 1 1 1119 310 1027 831
6582 4 4 1 119 1 1 646 365 831 408
6583 4 4 1 119 1 2 991 992 983 968
6584 4 4 1 119 1 2 991 993 995 990
6585 4 4 1 119 1 2 349 489 968 994
6586 4 4 1 119 1 2 994 968 787 990
6587 4 4 1 119 1 2 969 992 968 757
6588 4 4 1 119 1 2 1395 1191 1176 1309
6589 4 4 1 119 1 2 1301 1002 1095 1210
6590 4 4 1 119 1 2 1306 1415 1308 1000
6591 4 4 1 119 1 2 718 1437 1436 1179
6592 4 4 1 119 1 2 1382 1114 1309 1115
6593 4 4 1 119 1 2 1104 1141 1106 1209
6594 4 4 1 119 1 2 1101 1103 1307 1309
6595 4 4 1 119 1 2 1361 300 422 1011
6596 4 4 1 119 1 2 300 1135 422 1011
6597 4 4 1 119 1 2 1135 300 1361 1011
6598 4 4 1 119 1 2 998 1336 798 1391
6599 4 4 1 119 1 2 998 997 1391 1192
6600 4 4 1 119 1 2 1300 1301 1001 1357
6601 4 4 1 119 1 2 639 519 668 1095
6602 4 4 1 119 1 2 1002 1301 1001 1143
6603 4 4 1 119 1 2 1105 1094 1095 1210
6604 4 4 1 119 1 2 1301 1192 1001 1357
6605 4 4 1 119 1 2 1153 1151 1149 813
6606 4 4 1 119 1 2 1175 1173 1298 1188
6607 4 4 1 119 1 2 812 1294 1296 1188
6608 4 4 1 119 1 2 168 169 1187 186
6609 4 4 1 119 1 2 1152 175 1187 186
6610 4 4 1 119 1 2 821 854 1271 954
6611 4 5 1 119 2 2 -1 834 835 1034 242
6612 4 5 1 119 2 2 -1 1251 1252 1154 1253
6613 4 5 1 119 2 2 -1 1157 837 1158 1034
6614 4 5 1 119 2 2 -1 688 587 510 1248
6615 4 5 1 119 2 2 -1 588 689 1050 1413
6616 4 4 1 119 1 2 1000 1415 236 891
6617 4 5 1 119 2 1 -2 1196 1338 1048 1331
6618 4 5 1 119 2 2 -1 1163 1343 1054 1051
6619 4 5 1 119 2 2 -1 1407 533 510 688
6620 4 5 1 119 2 2 -1 1050 1043 1248 1408
6621 4 4 1 119 1 2 1058 386 534 511
6622 4 5 1 119 2 1 -2 1195 1043 1248 1050
6623 4 4 1 119 1 2 1093 1058 532 534
6624 4 4 1 119 1 2 1035 1108 1414 1109
6625 4 5 1 119 2 1 -2 1196 550 1331 1197
6626 4 4 1 119 1 1 550 542 1338 1165
6627 4 4 1 119 1 1 1224 1311 1347 298
6628 4 4 1 119 1 2 857 586 358 1271
6629 4 4 1 119 1 1 594 542 1341 1165
6630 4 5 1 119 2 1 -2 550 1197 588 1331
6631 4 4 1 119 1 1 762 1274 890 1061
6632 4 4 1 119 1 1 606 1288 1061 605
6633 4 4 1 119 1 1 605 1274 1061 1347
6634 4 4 1 119 1 1 549 264 517 1194
6635 4 5 1 119 2 1 -2 1328 1079 252 1329
6636 4 5 1 119 2 1 -2 1404 1316 1329 247
6637 4 5 1 119 2 1 -2 1158 1316 834 247
6638 4 4 1 119 1 1 832 766 847 846
6639 4 5 1 119 2 1 -2 1316 1404 137 247
6640 4 5 1 119 2 1 -2 1065 1068 1077 1066
6641 4 4 1 119 1 1 1332 1333 264 1194
6642 4 5 1 119 2 1 -2 1068 1157 1077 1158
6643 4 5 1 119 2 2 -1 1085 838 1088 1163
6644 4 5 1 119 2 2 -1 1158 837 1077 1066
6645 4 5 1 119 2 2 -1 1157 837 1077 1158
6646 4 5 1 119 2 2 -1 1164 1343 1055 1051
6647 4 5 1 119 2 2 -1 1053 1366 891 1249
6648 4 5 1 119 2 2 -1 1409 838 891 1249
6649 4 5 1 119 2 1 -2 137 251 252 1230
6650 4 5 1 119 2 1 -2 1332 1057 1072 1039
6651 4 5 1 119 2 1 -2 1165 504 1051 1331
6652 4 5 1 119 2 2 -1 504 1058 1051 511
6653 4 4 1 119 1 2 1097 539 1319 508
6654 4 4 1 119 1 2 537 1299 1104 1099
6655 4 4 1 119 1 2 1299 537 1008 1099
6656 4 4 1 119 1 2 1102 1141 864 1099
6657 4 4 1 119 1 2 1102 1141 1143 864
6658 4 4 1 119 1 2 1318 1118 1049 589
6659 4 5 1 119 2 2 -1 1252 1365 835 1154
6660 4 4 1 119 1 2 835 1147 1117 1022
6661 4 4 1 119 1 2 1212 1147 1150 1298
6662 4 4 1 119 1 2 1109 1112 1150 1116
6663 4 4 1 119 1 2 395 857 358 1271
6664 4 4 1 119 1 2 1035 1409 836 236
6665 4 4 1 119 1 2 1000 1035 1414 1308
6666 4 4 1 119 1 2 1130 1129 1040 1408
6667 4 4 1 119 1 1 1121 1126 1127 1259
6668 4 4 1 119 1 1 1168 1120 1121 917
6669 4 4 1 119 1 1 1168 1125 1121 1120
6670 4 4 1 119 1 1 604 1228 1287 555
6671 4 4 1 119 1 1 1071 1327 1078 765
6672 4 4 1 119 1 1 1206 1168 1073 1121
6673 4 4 1 119 1 1 1350 1351 1287 1073
6674 4 4 1 119 1 1 1070 1206 1121 1082
6675 4 4 1 119 1 1 1167 1070 1121 1082
6676 4 4 1 119 1 1 1206 1167 1121 1082
6677 4 5 1 119 2 1 -2 1032 1156 1043 1248
6678 4 4 1 119 1 2 1372 1409 236 891
6679 4 5 1 119 2 2 -1 1052 1163 1051 1249
6680 4 5 1 119 2 2 -1 1043 1410 1249 1039
6681 4 4 1 119 1 2 545 1008 1098 1001
6682 4 4 1 119 1 2 1390 1189 1006 996
6683 4 4 1 119 1 2 1268 1336 1369 996
6684 4 4 1 119 1 2 1415 1372 236 891
6685 4 4 1 119 1 2 1009 1360 1193 1356
6686 4 4 1 119 1 2 1361 1356 1007 1011
6687 4 5 1 119 2 2 -1 1130 1043 1408 1040
6688 4 4 1 119 1 2 611 1049 1040 1385
6689 4 5 1 119 2 2 -1 1042 1041 1040 1154
6690 4 5 1 119 2 2 -1 1032 1042 1040 1033
6691 4 4 1 119 1 2 1041 1049 1040 1110
6692 4 4 1 119 1 2 611 1041 1040 1422
6693 4 5 1 119 2 2 -1 1132 1044 1051 1050
6694 4 5 1 119 2 2 -1 1052 1163 1054 1051
6695 4 4 1 119 1 2 1415 1409 236 1372
6696 4 4 1 119 1 2 1101 1114 1309 1414
6697 4 5 1 119 2 2 -1 511 689 1050 588
6698 4 5 1 119 2 1 -2 504 1165 1341 362
6699 4 5 1 119 2 1 -2 1165 528 1341 362
6700 4 4 1 119 1 2 1302 980 1304 1303
6701 4 4 1 119 1 2 1176 1170 1183 1171
6702 4 4 1 119 1 2 1442 1435 1304 1392
6703 4 4 1 119 1 2 548 1371 1183 1174
6704 4 4 1 119 1 2 692 270 1115 681
6705 4 4 1 119 1 2 270 1423 681 1436
6706 4 4 1 119 1 2 692 1115 385 681
6707 4 4 1 119 1 2 203 1147 1298 189
6708 4 4 1 119 1 2 1296 203 1022 1298
6709 4 4 1 119 1 2 1187 169 1298 1149
6710 4 4 1 119 1 2 1151 1145 1149 813
6711 4 4 1 119 1 2 203 1296 1188 1298
6712 4 4 1 119 1 2 207 203 1296 1188
6713 4 4 1 119 1 2 1147 203 1298 1022
6714 4 4 1 119 1 2 812 1294 1188 1181
6715 4 4 1 119 1 2 1296 1212 1298 1022
6716 4 4 1 119 1 2 183 553 830 1198
6717 4 4 1 119 1 2 763 1233 1232 1023
6718 4 4 1 119 1 2 822 827 1320 1031
6719 4 4 1 119 1 2 551 1290 830 607
6720 4 4 1 119 1 2 1108 1411 1414 1111
6721 4 4 1 119 1 2 1325 900 311 665
6722 4 4 1 119 1 2 1308 1035 1414 1309
6723 4 4 1 119 1 2 1241 1202 1203 1204
6724 4 4 1 119 1 2 373 657 1209 1104
6725 4 4 1 119 1 2 537 1104 1209 1099
6726 4 4 1 119 1 2 296 1209 291 558
6727 4 4 1 119 1 2 1104 1141 1209 1099
6728 4 4 1 119 1 2 296 519 1099 1319
6729 4 4 1 119 1 2 1141 1102 1209 1099
6730 4 4 1 119 1 2 657 371 1254 1104
6731 4 4 1 119 1 2 519 508 1319 296
6732 4 4 1 119 1 2 77 81 72 1221
6733 4 5 1 119 2 2 -1 1443 1092 1220 77
6734 4 5 1 119 2 1 -2 1055 1341 1056 1062
6735 4 5 1 119 2 1 -2 1056 1341 1386 1062
6736 4 5 1 119 2 2 -1 1091 1427 1221 1220
6737 4 5 1 119 2 2 -1 1092 1087 1128 1220
6738 4 5 1 119 2 2 -1 1343 1427 1221 1164
6739 4 5 1 119 2 1 -2 202 1365 1253 1315
6740 4 4 1 119 1 2 1383 642 290 1023
6741 4 4 1 119 1 2 1201 523 1023 1339
6742 4 4 1 119 1 2 614 1340 825 1023
6743 4 4 1 119 1 2 826 822 979 807
6744 4 4 1 119 1 2 828 1021 825 1302
6745 4 4 1 119 1 2 1233 827 825 1241
6746 4 4 1 119 1 2 980 981 825 1302
6747 4 4 1 119 1 2 980 800 1242 979
6748 4 4 1 119 1 2 830 1201 1204 1232
6749 4 4 1 119 1 2 1180 1239 1243 1021
6750 4 5 1 119 2 2 -1 1251 379 367 1253
6751 4 5 1 119 2 2 -1 1250 379 1251 1253
6752 4 4 1 119 1 1 1398 1316 1159 1315
6753 4 5 1 119 2 1 -2 202 1314 1315 192
6754 4 4 1 119 1 1 720 400 1396 369
6755 4 4 1 119 1 1 1404 181 839 1314
6756 4 4 1 119 1 2 804 795 796 808
6757 4 4 1 119 1 2 815 794 808 1330
6758 4 4 1 119 1 2 804 964 817 808
6759 4 4 1 119 1 2 1266 796 808 1264
6760 4 4 1 119 1 2 1263 815 808 1313
6761 4 4 1 119 1 2 806 816 808 1312
6762 4 4 1 119 1 2 794 795 808 1330
6763 4 4 1 119 1 1 488 309 1279 425
6764 4 4 1 119 1 1 600 1275 425 886
6765 4 4 1 119 1 1 567 889 1282 1139
6766 4 4 1 119 1 1 1275 1276 425 886
6767 4 4 1 119 1 1 1280 1086 1282 1281
6768 4 4 1 119 1 1 1228 1229 1227 555
6769 4 4 1 119 1 1 604 392 555 1286
6770 4 4 1 119 1 1 604 1125 1287 1351
6771 4 4 1 119 1 1 1068 1079 1067 1078
6772 4 4 1 119 1 1 915 1121 1259 1122
6773 4 4 1 119 1 2 1345 624 1297 538
6774 4 4 1 119 1 2 375 624 381 1297
6775 4 4 1 119 1 2 1151 375 381 1297
6776 4 4 1 119 1 2 375 1151 624 1297
6777 4 4 1 119 1 2 374 538 1297 381
6778 4 4 1 119 1 2 1145 374 1297 381
6779 4 4 1 119 1 2 374 1145 1297 538
6780 4 4 1 119 1 2 1190 799 1000 1308
6781 4 4 1 119 1 2 799 1190 1395 1308
6782 4 4 1 119 1 2 1308 1306 1100 1095
6783 4 4 1 119 1 2 1093 1096 1095 1094
6784 4 4 1 119 1 2 55 1134 1438 1254
6785 4 4 1 119 1 2 55 51 1106 1425
6786 4 4 1 119 1 2 401 714 590 1254
6787 4 4 1 119 1 2 1097 1102 1106 1210
6788 4 4 1 119 1 2 1097 539 1059 1319
6789 4 4 1 119 1 2 1254 371 1425 1430
6790 4 4 1 119 1 2 590 714 1438 1254
6791 4 4 1 119 1 2 1284 1285 602 1363
6792 4 4 1 119 1 2 815 1284 1263 1330
6793 4 4 1 119 1 2 794 815 1263 1330
6794 4 4 1 119 1 2 524 503 602 1363
6795 4 4 1 119 1 2 593 503 1330 602
6796 4 4 1 119 1 2 1263 794 1330 593
6797 4 4 1 119 1 2 394 1263 1330 593
6798 4 4 1 119 1 2 394 1284 1330 1263
6799 4 5 1 119 2 1 -2 1197 588 1331 1050
6800 4 5 1 119 2 1 -2 504 1165 362 1331
6801 4 5 1 119 2 1 -2 1057 1044 1051 1249
6802 4 5 1 119 2 1 -2 550 1338 362 1165
6803 4 5 1 119 2 2 -1 1060 1445 1342 1062
6804 4 5 1 119 2 2 -1 838 1163 1249 1088
6805 4 5 1 119 2 1 -2 1289 1288 576 1386
6806 4 4 1 119 1 1 1229 1327 1353 1208
6807 4 4 1 119 1 1 845 958 1353 1227
6808 4 4 1 119 1 1 555 1228 1287 1227
6809 4 4 1 119 1 1 1286 555 1287 1227
6810 4 4 1 119 1 1 392 555 1286 1227
6811 4 4 1 119 1 1 845 565 1227 1352
6812 4 4 1 119 1 1 1286 845 1227 1287
6813 4 4 1 119 1 1 1229 1327 1227 1353
6814 4 4 1 119 1 2 1285 378 1363 1335
6815 4 4 1 119 1 2 1266 1317 808 955
6816 4 4 1 119 1 2 1010 789 1335 814
6817 4 4 1 119 1 2 40 41 70 1374
6818 4 4 1 119 1 2 41 40 660 1374
6819 4 4 1 119 1 2 56 862 1374 857
6820 4 4 1 119 1 2 56 70 1374 862
6821 4 4 1 119 1 2 660 70 1374 56
6822 4 4 1 119 1 2 411 56 1374 857
6823 4 4 1 119 1 2 652 586 358 1375
6824 4 4 1 119 1 2 411 660 1374 56
6825 4 4 1 119 1 2 1148 1118 1385 1110
6826 4 4 1 119 1 2 1250 1118 1385 1148
6827 4 4 1 119 1 2 379 1250 589 636
6828 4 4 1 119 1 2 586 395 358 1271
6829 4 4 1 119 1 2 1251 1148 1385 1110
6830 4 4 1 119 1 2 1251 1250 1385 1148
6831 4 4 1 119 1 2 410 821 857 1271
6832 4 4 1 119 1 2 509 611 540 1385
6833 4 4 1 119 1 1 1038 595 1155 1161
6834 4 5 1 119 2 1 -2 720 1396 196 1397
6835 4 5 1 119 2 1 -2 1394 1399 1397 1314
6836 4 4 1 119 1 1 1399 1393 1396 584
6837 4 4 1 119 1 1 1393 1046 1396 584
6838 4 5 1 119 2 1 -2 1393 1394 1397 1159
6839 4 5 1 119 2 1 -2 505 1269 1161 1270
6840 4 4 1 119 1 1 303 595 1161 529
6841 4 4 1 119 1 1 595 529 1155 1161
6842 4 4 1 119 1 2 1114 267 667 1111
6843 4 4 1 119 1 2 1129 509 611 387
6844 4 5 1 119 2 2 -1 1059 1060 1051 1133
6845 4 5 1 119 2 1 -2 1165 1338 362 1331
6846 4 5 1 119 2 1 -2 1196 1048 1050 1331
6847 4 4 1 119 1 2 551 119 1418 674
6848 4 4 1 119 1 2 119 551 1418 173
6849 4 4 1 119 1 2 1201 1339 1418 603
6850 4 4 1 119 1 2 194 174 1205 691
6851 4 5 1 119 2 1 -2 196 1399 842 1397
6852 4 4 1 119 1 1 1394 370 669 842
6853 4 4 1 119 1 1 1399 400 196 842
6854 4 4 1 119 1 2 351 523 603 1339
6855 4 4 1 119 1 2 1178 621 428 1429
6856 4 4 1 119 1 2 421 1185 301 1429
6857 4 4 1 119 1 2 421 1152 1185 1429
6858 4 4 1 119 1 2 1152 1178 1429 621
6859 4 4 1 119 1 2 301 421 1429 621
6860 4 4 1 119 1 2 421 1152 1429 621
6861 4 4 1 119 1 2 1000 1306 1095 1210
6862 4 4 1 119 1 2 718 548 1183 356
6863 4 4 1 119 1 2 718 356 1183 1176
6864 4 4 1 119 1 2 789 1268 1010 1304
6865 4 4 1 119 1 2 1006 1189 1392 1391
6866 4 4 1 119 1 2 1373 981 1304 809
6867 4 4 1 119 1 2 357 810 1390 1006
6868 4 4 1 119 1 1 767 832 177 198
6869 4 4 1 119 1 2 395 410 857 1271
6870 4 4 1 119 1 1 832 767 841 198
6871 4 4 1 119 1 1 170 832 198 177
6872 4 4 1 119 1 1 364 767 177 198
6873 4 4 1 119 1 2 220 227 875 225
6874 4 4 1 119 1 2 232 227 875 790
6875 4 4 1 119 1 2 212 986 225 220
6876 4 4 1 119 1 2 1030 230 218 757
6877 4 4 1 120 1 1 1665 1806 1679 1682
6878 4 4 1 120 1 1 1637 1504 1538 1796
6879 4 4 1 120 1 1 1631 1691 1812 1693
6880 4 4 1 120 1 1 1794 1637 1796 1646
6881 4 4 1 120 1 1 1824 1791 1825 1816
6882 4 4 1 120 1 1 1788 1699 1743 1789
6883 4 4 1 120 1 1 1640 1685 1769 1573
6884 4 4 1 120 1 1 1703 1707 260 261
6885 4 4 1 120 1 1 1674 1678 1522 1597
6886 4 4 1 120 1 1 1473 1769 1472 1563
6887 4 4 1 120 1 1 1676 1666 1668 1675
6888 4 4 1 120 1 1 1795 1784 1677 1647
6889 4 4 1 120 1 1 1821 1817 1819 155
6890 4 4 1 120 1 1 1755 1791 1816 1752
6891 4 4 1 120 1 1 1638 1554 1727 1724
6892 4 4 1 120 1 1 261 1820 95 155
6893 4 4 1 120 1 1 1695 261 164 256
6894 4 4 1 120 1 1 1452 1466 1719 1645
6895 4 4 1 120 1 1 1709 139 95 1651
6896 4 4 1 120 1 1 1458 1773 1457 1493
6897 4 4 1 120 1 1 1501 1523 1693 1686
6898 4 4 1 120 1 1 1822 1800 1825 1660
6899 4 4 1 120 1 1 1791 1822 1752 1814
6900 4 4 1 120 1 1 1733 1658 1786 1726
6901 4 4 1 120 1 1 1817 1821 1819 1816
6902 4 4 1 120 1 1 1515 1678 1499 1681
6903 4 4 1 120 1 1 1717 1718 1804 1686
6904 4 4 1 120 1 1 1765 1761 1716 1572
6905 4 4 1 120 1 1 1718 1722 1804 1686
6906 4 4 1 120 1 1 1722 1718 1717 1686
6907 4 4 1 120 1 1 1667 1744 1788 1743
6908 4 4 1 120 1 1 1543 1462 1463 1495
6909 4 4 1 120 1 1 1739 1788 1697 1738
6910 4 4 1 120 1 1 161 1635 258 160
6911 4 4 1 120 1 1 1532 1692 259 1717
6912 4 4 1 120 1 1 1656 1493 1688 1775
6913 4 4 1 120 1 1 1707 1467 1641 1507
6914 4 4 1 120 1 1 1747 1705 1789 1697
6915 4 4 1 120 1 1 1702 1747 1789 1697
6916 4 4 1 120 1 1 1700 261 1818 1820
6917 4 4 1 120 1 1 1659 1718 7 259
6918 4 4 1 120 1 1 1747 1702 1705 1697
6919 4 4 1 120 1 1 1528 1506 1536 1720
6920 4 4 1 120 1 1 1710 1506 1502 1715
6921 4 4 1 120 1 1 1617 1475 1474 1652
6922 4 4 1 120 1 1 1599 1525 1741 1737
6923 4 4 1 120 1 1 1700 1820 1669 1708
6924 4 4 1 120 1 1 1503 1707 1704 1641
6925 4 4 1 120 1 1 1663 1567 1774 1581
6926 4 4 1 120 1 1 1493 1688 7 1465
6927 4 4 1 120 1 1 1476 1453 1477 1639
6928 4 4 1 120 1 1 1469 1607 1651 1704
6929 4 4 1 120 1 1 1476 1475 1542 1796
6930 4 4 1 120 1 1 1820 1649 155 1819
6931 4 4 1 120 1 1 1477 1475 1796 1652
6932 4 4 1 120 1 1 1607 1531 1737 1704
6933 4 4 1 120 1 1 1696 1500 1704 1604
6934 4 4 1 120 1 1 1663 1494 1771 1773
6935 4 4 1 120 1 1 1536 1713 1480 1645
6936 4 4 1 120 1 1 1600 1758 1517 1584
6937 4 4 1 120 1 1 1454 1806 1478 1652
6938 4 4 1 120 1 1 1640 1769 1563 1573
6939 4 4 1 120 1 1 1713 1543 1508 1464
6940 4 4 1 120 1 1 1678 1674 1522 1499
6941 4 4 1 120 1 1 1821 1817 155 256
6942 4 4 1 120 1 1 1651 1469 1704 1641
6943 4 4 1 120 1 1 1484 1485 1767 1644
6944 4 4 1 120 1 1 1565 1568 1748 1510
6945 4 4 1 120 1 1 1604 1500 1704 1503
6946 4 4 1 120 1 1 1637 1794 1538 1618
6947 4 4 1 120 1 1 1515 1678 1522 1499
6948 4 4 1 120 1 1 1794 1637 1538 1796
6949 4 4 1 120 1 1 1637 1542 1796 1639
6950 4 4 1 120 1 1 1504 1617 1796 1542
6951 4 4 1 120 1 1 1631 1812 1793 1693
6952 4 4 1 120 1 1 1821 1819 1671 1818
6953 4 4 1 120 1 1 1751 1821 1671 1818
6954 4 4 1 120 1 1 1801 1552 1792 1636
6955 4 4 1 120 1 1 1593 1494 1663 1773
6956 4 4 1 120 1 1 1790 1793 1756 1825
6957 4 4 1 120 1 1 1498 1560 1586 1726
6958 4 4 1 120 1 1 1816 1649 1819 155
6959 4 4 1 120 1 1 1486 1574 1642 1612
6960 4 4 1 120 1 1 1472 1611 1653 1471
6961 4 4 1 120 1 1 1784 1492 1647 1666
6962 4 4 1 120 1 1 1819 261 256 155
6963 4 4 1 120 1 1 1492 1454 1647 1665
6964 4 4 1 120 1 1 1632 1625 1756 1633
6965 4 4 1 120 1 1 157 1532 259 1717
6966 4 4 1 120 1 1 1795 1647 1805 1665
6967 4 4 1 120 1 1 1791 1755 1816 1662
6968 4 4 1 120 1 1 1535 157 259 158
6969 4 4 1 120 1 1 1692 1535 259 158
6970 4 4 1 120 1 1 1535 1692 259 1532
6971 4 4 1 120 1 1 1795 1492 1647 1665
6972 4 4 1 120 1 1 157 1535 259 1532
6973 4 4 1 120 1 1 1585 1677 1783 1530
6974 4 4 1 120 1 1 1717 1544 1694 1456
6975 4 4 1 120 1 1 1747 1510 1553 1748
6976 4 4 1 120 1 1 1596 1783 1574 1530
6977 4 4 1 120 1 1 1518 1716 1576 1715
6978 4 4 1 120 1 1 1820 1649 1698 1709
6979 4 4 1 120 1 1 1486 1487 1612 1642
6980 4 4 1 120 1 1 1574 1783 1642 1612
6981 4 4 1 120 1 1 1707 1468 1467 1651
6982 4 4 1 120 1 1 1515 1598 1681 1684
6983 4 4 1 120 1 1 1478 1802 95 1651
6984 4 4 1 120 1 1 1681 1515 1619 1679
6985 4 4 1 120 1 1 1687 1813 1804 1686
6986 4 4 1 120 1 1 1454 1806 1805 1665
6987 4 4 1 120 1 1 1475 1617 1542 1796
6988 4 4 1 120 1 1 1823 1744 1668 1664
6989 4 4 1 120 1 1 1585 1783 1680 1559
6990 4 4 1 120 1 1 1727 1638 1756 1550
6991 4 4 1 120 1 1 1713 1466 1508 1479
6992 4 4 1 120 1 1 1650 1670 1668 1662
6993 4 4 1 120 1 1 1669 1820 1709 1708
6994 4 4 1 120 1 1 1711 1655 1712 1807
6995 4 4 1 120 1 1 1746 1698 1789 1697
6996 4 4 1 120 1 1 1669 1820 1698 1709
6997 4 4 1 120 1 1 1515 1681 1573 1684
6998 4 4 1 120 1 1 1627 1547 1622 1814
6999 4 4 1 120 1 1 1729 1810 1497 1580
7000 4 4 1 120 1 1 1782 1779 1815 1781
7001 4 4 1 120 1 1 261 1695 164 165
7002 4 4 1 120 1 1 1788 1667 1699 1738
7003 4 4 1 120 1 1 1466 1713 1508 1464
7004 4 4 1 120 1 1 1735 1548 1731 1730
7005 4 4 1 120 1 1 1498 1629 1555 1730
7006 4 4 1 120 1 1 1649 1802 1739 1698
7007 4 4 1 120 1 1 1766 1765 1767 1644
7008 4 4 1 120 1 1 1582 1747 1702 1705
7009 4 4 1 120 1 1 1743 1699 1738 1737
7010 4 4 1 120 1 1 1742 1743 1789 1745
7011 4 4 1 120 1 1 1703 1695 1705 1818
7012 4 4 1 120 1 1 1650 154 1798 1688
7013 4 4 1 120 1 1 1688 1493 1804 1775
7014 4 4 1 120 1 1 1561 1742 1741 1737
7015 4 4 1 120 1 1 1702 1696 1705 1697
7016 4 4 1 120 1 1 1484 1564 1767 1485
7017 4 4 1 120 1 1 257 1630 1723 1608
7018 4 4 1 120 1 1 1742 1743 1770 1741
7019 4 4 1 120 1 1 1680 1784 1672 1735
7020 4 4 1 120 1 1 1733 1548 1735 1730
7021 4 4 1 120 1 1 1649 1744 1739 1478
7022 4 4 1 120 1 1 1476 1477 1796 1639
7023 4 4 1 120 1 1 1509 1544 1717 1455
7024 4 4 1 120 1 1 1702 1579 1742 1745
7025 4 4 1 120 1 1 1750 1577 1767 1735
7026 4 4 1 120 1 1 1602 1777 1527 1600
7027 4 4 1 120 1 1 1718 259 48 7
7028 4 4 1 120 1 1 1755 1791 1756 1662
7029 4 4 1 120 1 1 1731 1762 1730 1555
7030 4 4 1 120 1 1 1750 1783 1642 1574
7031 4 4 1 120 1 1 1528 1536 1603 1720
7032 4 4 1 120 1 1 1710 1714 1502 1534
7033 4 4 1 120 1 1 1795 1784 1666 1677
7034 4 4 1 120 1 1 1798 257 1797 259
7035 4 4 1 120 1 1 1733 1560 1498 1726
7036 4 4 1 120 1 1 1713 1720 1781 1719
7037 4 4 1 120 1 1 1511 1762 1731 1555
7038 4 4 1 120 1 1 1806 1795 1805 1665
7039 4 4 1 120 1 1 1519 1703 165 1695
7040 4 4 1 120 1 1 1566 1596 1680 1735
7041 4 4 1 120 1 1 1518 1761 1595 1572
7042 4 4 1 120 1 1 1685 1652 1653 1826
7043 4 4 1 120 1 1 1819 1746 1671 1818
7044 4 4 1 120 1 1 1650 1661 1660 1825
7045 4 4 1 120 1 1 1716 1761 1781 1715
7046 4 4 1 120 1 1 1757 1569 1556 1517
7047 4 4 1 120 1 1 1809 1776 1661 1811
7048 4 4 1 120 1 1 1725 1755 1727 1756
7049 4 4 1 120 1 1 1685 1640 1769 1563
7050 4 4 1 120 1 1 1635 1801 1792 258
7051 4 4 1 120 1 1 1768 1731 1767 1764
7052 4 4 1 120 1 1 1787 1557 1613 1745
7053 4 4 1 120 1 1 1761 1518 1720 1715
7054 4 4 1 120 1 1 1703 261 165 1695
7055 4 4 1 120 1 1 1703 1696 1705 1583
7056 4 4 1 120 1 1 1628 1810 1606 1778
7057 4 4 1 120 1 1 1658 1768 1672 1657
7058 4 4 1 120 1 1 1647 1794 1796 1646
7059 4 4 1 120 1 1 1801 1793 1792 1825
7060 4 4 1 120 1 1 1821 1819 256 155
7061 4 4 1 120 1 1 1749 1670 1789 1671
7062 4 4 1 120 1 1 1766 1765 1643 1782
7063 4 4 1 120 1 1 1655 1711 1712 1495
7064 4 4 1 120 1 1 1699 1738 1737 1697
7065 4 4 1 120 1 1 1684 1664 1682 1770
7066 4 4 1 120 1 1 1731 1548 1555 1730
7067 4 4 1 120 1 1 1601 1692 1501 1723
7068 4 4 1 120 1 1 1801 1588 1793 1693
7069 4 4 1 120 1 1 1743 1740 1770 1741
7070 4 4 1 120 1 1 1548 1733 1498 1730
7071 4 4 1 120 1 1 1785 1786 1803 1726
7072 4 4 1 120 1 1 1472 1769 1611 1563
7073 4 4 1 120 1 1 1758 1628 1584 1778
7074 4 4 1 120 1 1 1826 1478 1770 1664
7075 4 4 1 120 1 1 1711 1654 1781 1712
7076 4 4 1 120 1 1 1651 1802 1708 1701
7077 4 4 1 120 1 1 1647 1454 1805 1665
7078 4 4 1 120 1 1 1461 1494 1605 1460
7079 4 4 1 120 1 1 1557 1579 1745 1742
7080 4 4 1 120 1 1 1798 257 1800 1797
7081 4 4 1 120 1 1 1720 1713 1781 1715
7082 4 4 1 120 1 1 1502 1587 1759 1571
7083 4 4 1 120 1 1 1750 1564 1574 1485
7084 4 4 1 120 1 1 1649 1820 155 95
7085 4 4 1 120 1 1 1649 1820 95 1709
7086 4 4 1 120 1 1 1744 1478 1664 1770
7087 4 4 1 120 1 1 1519 1703 1695 1583
7088 4 4 1 120 1 1 1742 1743 1741 1737
7089 4 4 1 120 1 1 1722 1659 1798 259
7090 4 4 1 120 1 1 1778 1809 1811 1774
7091 4 4 1 120 1 1 1738 1651 1737 1701
7092 4 4 1 120 1 1 1666 1795 1675 1676
7093 4 4 1 120 1 1 1685 1473 1540 1563
7094 4 4 1 120 1 1 1640 1685 1540 1563
7095 4 4 1 120 1 1 1607 1651 1737 1470
7096 4 4 1 120 1 1 1527 1777 1581 1772
7097 4 4 1 120 1 1 1602 1777 1581 1527
7098 4 4 1 120 1 1 1733 1560 1548 1498
7099 4 4 1 120 1 1 1740 1478 1770 1653
7100 4 4 1 120 1 1 1714 1527 1526 1772
7101 4 4 1 120 1 1 1571 1716 1759 1715
7102 4 4 1 120 1 1 1605 1714 1526 1772
7103 4 4 1 120 1 1 1643 1766 1782 1815
7104 4 4 1 120 1 1 1797 1800 1660 1825
7105 4 4 1 120 1 1 1735 1577 1767 1731
7106 4 4 1 120 1 1 1808 1772 1759 1807
7107 4 4 1 120 1 1 1623 1483 1643 1482
7108 4 4 1 120 1 1 1569 1757 1716 1734
7109 4 4 1 120 1 1 1809 1810 1661 1763
7110 4 4 1 120 1 1 1791 1790 1756 1825
7111 4 4 1 120 1 1 1662 1670 1803 1749
7112 4 4 1 120 1 1 1585 1674 1597 1559
7113 4 4 1 120 1 1 1548 1498 1555 1730
7114 4 4 1 120 1 1 1760 1757 1657 1734
7115 4 4 1 120 1 1 1591 1552 1792 1622
7116 4 4 1 120 1 1 1716 1757 1760 1734
7117 4 4 1 120 1 1 1698 1788 1789 1697
7118 4 4 1 120 1 1 1713 1645 1720 1719
7119 4 4 1 120 1 1 1732 1729 1763 1658
7120 4 4 1 120 1 1 1769 1685 1653 1770
7121 4 4 1 120 1 1 1788 1739 1697 1698
7122 4 4 1 120 1 1 1619 1721 1538 1504
7123 4 4 1 120 1 1 1720 1528 1595 1603
7124 4 4 1 120 1 1 1764 1762 1760 1734
7125 4 4 1 120 1 1 1454 1492 1648 1665
7126 4 4 1 120 1 1 1492 1795 1666 1676
7127 4 4 1 120 1 1 1649 1650 1670 1648
7128 4 4 1 120 1 1 1820 261 1709 1708
7129 4 4 1 120 1 1 1496 1602 1758 1778
7130 4 4 1 120 1 1 1754 1790 1550 1756
7131 4 4 1 120 1 1 1822 1817 1752 1814
7132 4 4 1 120 1 1 1729 1732 1763 1580
7133 4 4 1 120 1 1 1733 1735 1672 1768
7134 4 4 1 120 1 1 1532 1509 1717 156
7135 4 4 1 120 1 1 1702 1699 1742 1737
7136 4 4 1 120 1 1 1744 1667 1739 1740
7137 4 4 1 120 1 1 1727 1755 1752 1756
7138 4 4 1 120 1 1 1766 1673 1782 1815
7139 4 4 1 120 1 1 1493 1494 1775 1771
7140 4 4 1 120 1 1 1703 1583 1705 1695
7141 4 4 1 120 1 1 1666 1784 1672 1680
7142 4 4 1 120 1 1 1624 1706 1545 1753
7143 4 4 1 120 1 1 1761 1720 1595 1603
7144 4 4 1 120 1 1 1754 1727 1752 1756
7145 4 4 1 120 1 1 1744 1648 1668 1683
7146 4 4 1 120 1 1 1453 1490 1477 1639
7147 4 4 1 120 1 1 1697 1701 1704 1708
7148 4 4 1 120 1 1 1802 1669 1698 1709
7149 4 4 1 120 1 1 1645 1536 1603 1480
7150 4 4 1 120 1 1 1661 1824 1811 1825
7151 4 4 1 120 1 1 1692 1601 1608 1723
7152 4 4 1 120 1 1 1536 1645 1603 1720
7153 4 4 1 120 1 1 1635 1801 258 160
7154 4 4 1 120 1 1 1457 1493 1694 1456
7155 4 4 1 120 1 1 1790 1754 1752 1756
7156 4 4 1 120 1 1 1645 1480 1603 1481
7157 4 4 1 120 1 1 257 1801 1630 160
7158 4 4 1 120 1 1 1692 1535 1539 1532
7159 4 4 1 120 1 1 1487 1647 1488 1609
7160 4 4 1 120 1 1 1658 1725 1786 1726
7161 4 4 1 120 1 1 1575 1663 1567 1774
7162 4 4 1 120 1 1 1579 1557 1561 1742
7163 4 4 1 120 1 1 1761 1528 1595 1720
7164 4 4 1 120 1 1 1791 1790 1752 1756
7165 4 4 1 120 1 1 1529 1500 1703 1583
7166 4 4 1 120 1 1 260 139 1507 167
7167 4 4 1 120 1 1 1812 1810 1778 1606
7168 4 4 1 120 1 1 1755 1791 1752 1756
7169 4 4 1 120 1 1 1579 1702 1524 1570
7170 4 4 1 120 1 1 1745 1747 1748 1803
7171 4 4 1 120 1 1 1536 1713 1508 1479
7172 4 4 1 120 1 1 1625 1549 1729 1580
7173 4 4 1 120 1 1 1674 1585 1677 1680
7174 4 4 1 120 1 1 1546 1734 1629 1763
7175 4 4 1 120 1 1 1513 1754 1622 1591
7176 4 4 1 120 1 1 1566 1596 1559 1680
7177 4 4 1 120 1 1 1560 1558 1736 1514
7178 4 4 1 120 1 1 1580 1628 1546 1763
7179 4 4 1 120 1 1 1810 1628 1580 1763
7180 4 4 1 120 1 1 1809 1776 1811 1774
7181 4 4 1 120 1 1 1780 1654 1712 1781
7182 4 4 1 120 1 1 1645 1779 1815 1782
7183 4 4 1 120 1 1 1685 1826 1770 1682
7184 4 4 1 120 1 1 1614 1552 1801 1636
7185 4 4 1 120 1 1 1809 1758 1657 1808
7186 4 4 1 120 1 1 1604 1702 1524 1737
7187 4 4 1 120 1 1 1795 1492 1665 1676
7188 4 4 1 120 1 1 1816 1689 1825 1660
7189 4 4 1 120 1 1 1656 1813 1661 1776
7190 4 4 1 120 1 1 1812 1810 1811 1778
7191 4 4 1 120 1 1 1721 1806 1826 1682
7192 4 4 1 120 1 1 1483 1623 1643 1765
7193 4 4 1 120 1 1 1692 158 1723 1608
7194 4 4 1 120 1 1 1588 1801 1723 1693
7195 4 4 1 120 1 1 1797 257 1723 259
7196 4 4 1 120 1 1 1822 1800 1792 1825
7197 4 4 1 120 1 1 1689 154 1798 1816
7198 4 4 1 120 1 1 1776 1813 1774 1771
7199 4 4 1 120 1 1 1788 1744 1670 1789
7200 4 4 1 120 1 1 1631 1691 1606 1812
7201 4 4 1 120 1 1 1658 1650 1657 1672
7202 4 4 1 120 1 1 1692 1722 1723 259
7203 4 4 1 120 1 1 1673 1764 1760 1657
7204 4 4 1 120 1 1 1494 1714 1495 1461
7205 4 4 1 120 1 1 1458 1494 1593 1773
7206 4 4 1 120 1 1 1605 1590 1772 1581
7207 4 4 1 120 1 1 1670 1744 1648 1668
7208 4 4 1 120 1 1 1623 1634 1551 1765
7209 4 4 1 120 1 1 1790 1591 1792 1622
7210 4 4 1 120 1 1 1658 1650 1672 1648
7211 4 4 1 120 1 1 1658 1736 1786 1668
7212 4 4 1 120 1 1 1718 1722 1659 1804
7213 4 4 1 120 1 1 1702 1742 1789 1745
7214 4 4 1 120 1 1 1650 1491 1672 1648
7215 4 4 1 120 1 1 1622 1635 1792 1814
7216 4 4 1 120 1 1 1688 154 7 1465
7217 4 4 1 120 1 1 257 1801 1723 1630
7218 4 4 1 120 1 1 139 1707 1507 1467
7219 4 4 1 120 1 1 1809 1776 1657 1661
7220 4 4 1 120 1 1 1768 1735 1731 1730
7221 4 4 1 120 1 1 1493 1717 1804 1694
7222 4 4 1 120 1 1 1601 1692 1535 1539
7223 4 4 1 120 1 1 1650 1491 1673 1672
7224 4 4 1 120 1 1 1725 1729 1732 1658
7225 4 4 1 120 1 1 1736 1566 1514 1680
7226 4 4 1 120 1 1 1664 1826 1682 1770
7227 4 4 1 120 1 1 1744 1683 1668 1664
7228 4 4 1 120 1 1 1594 1499 1679 1538
7229 4 4 1 120 1 1 1681 1678 1499 1679
7230 4 4 1 120 1 1 1658 1650 1648 1668
7231 4 4 1 120 1 1 1744 1788 1743 1789
7232 4 4 1 120 1 1 1674 1585 1594 1677
7233 4 4 1 120 1 1 1769 1653 1741 1770
7234 4 4 1 120 1 1 1703 1700 1708 261
7235 4 4 1 120 1 1 1568 1513 1727 1754
7236 4 4 1 120 1 1 1666 1680 1668 1675
7237 4 4 1 120 1 1 1705 1747 1789 1748
7238 4 4 1 120 1 1 1607 1469 1531 1704
7239 4 4 1 120 1 1 1500 1696 1704 1503
7240 4 4 1 120 1 1 1784 1677 1783 1675
7241 4 4 1 120 1 1 1599 1471 1653 1741
7242 4 4 1 120 1 1 1701 1651 1737 1704
7243 4 4 1 120 1 1 1746 1751 1671 1818
7244 4 4 1 120 1 1 1684 1743 1742 1745
7245 4 4 1 120 1 1 1820 1698 1818 1697
7246 4 4 1 120 1 1 1529 1537 1703 1707
7247 4 4 1 120 1 1 1697 1701 1737 1704
7248 4 4 1 120 1 1 1537 1707 1507 260
7249 4 4 1 120 1 1 1454 1806 1665 1478
7250 4 4 1 120 1 1 1583 1695 1626 1562
7251 4 4 1 120 1 1 1696 1604 1704 1737
7252 4 4 1 120 1 1 1811 1799 1660 1825
7253 4 4 1 120 1 1 1773 1775 1690 1686
7254 4 4 1 120 1 1 1493 1718 1804 1717
7255 4 4 1 120 1 1 1722 1718 1659 259
7256 4 4 1 120 1 1 1689 1822 1825 1660
7257 4 4 1 120 1 1 1678 1736 1668 1786
7258 4 4 1 120 1 1 1666 1676 1668 1672
7259 4 4 1 120 1 1 1520 1505 1686 1539
7260 4 4 1 120 1 1 154 1650 1798 1816
7261 4 4 1 120 1 1 1638 1549 1729 1625
7262 4 4 1 120 1 1 1713 1536 1720 1645
7263 4 4 1 120 1 1 1745 1823 1789 1803
7264 4 4 1 120 1 1 1568 1624 1513 1754
7265 4 4 1 120 1 1 1457 1493 1541 1694
7266 4 4 1 120 1 1 1520 1773 1694 1616
7267 4 4 1 120 1 1 1678 1598 1681 1515
7268 4 4 1 120 1 1 1652 1478 1653 1826
7269 4 4 1 120 1 1 1505 1520 1694 1616
7270 4 4 1 120 1 1 1650 1656 1661 1657
7271 4 4 1 120 1 1 1775 1773 1804 1686
7272 4 4 1 120 1 1 1505 1717 1694 1539
7273 4 4 1 120 1 1 1670 1649 1671 1816
7274 4 4 1 120 1 1 1742 1561 1741 1516
7275 4 4 1 120 1 1 1703 261 260 1615
7276 4 4 1 120 1 1 1692 1722 1717 1686
7277 4 4 1 120 1 1 1744 1649 1788 1670
7278 4 4 1 120 1 1 1695 1621 1626 1753
7279 4 4 1 120 1 1 1523 1520 1686 1501
7280 4 4 1 120 1 1 1650 154 1688 1465
7281 4 4 1 120 1 1 1510 1582 1562 1705
7282 4 4 1 120 1 1 1762 1569 1716 1734
7283 4 4 1 120 1 1 1684 1787 1823 1745
7284 4 4 1 120 1 1 1546 1628 1584 1763
7285 4 4 1 120 1 1 1566 1733 1736 1560
7286 4 4 1 120 1 1 1788 1649 1671 1670
7287 4 4 1 120 1 1 1700 1703 1818 261
7288 4 4 1 120 1 1 1760 1673 1815 1782
7289 4 4 1 120 1 1 1720 1779 1781 1719
7290 4 4 1 120 1 1 1750 1596 1783 1574
7291 4 4 1 120 1 1 1758 1546 1584 1763
7292 4 4 1 120 1 1 1815 1760 1807 1657
7293 4 4 1 120 1 1 1678 1598 1684 1681
7294 4 4 1 120 1 1 1477 1796 1647 1805
7295 4 4 1 120 1 1 1728 1785 1803 1726
7296 4 4 1 120 1 1 1795 1647 1677 1794
7297 4 4 1 120 1 1 1678 1674 1499 1679
7298 4 4 1 120 1 1 1780 1779 1719 1654
7299 4 4 1 120 1 1 1823 1787 1668 1786
7300 4 4 1 120 1 1 1666 1492 1648 1672
7301 4 4 1 120 1 1 1517 1546 1763 1734
7302 4 4 1 120 1 1 1525 1561 1737 1524
7303 4 4 1 120 1 1 1643 1491 1815 1645
7304 4 4 1 120 1 1 1452 1780 1712 1491
7305 4 4 1 120 1 1 1776 1656 1657 1661
7306 4 4 1 120 1 1 1746 1751 1818 1705
7307 4 4 1 120 1 1 1614 1801 1630 1723
7308 4 4 1 120 1 1 1638 1724 1727 1756
7309 4 4 1 120 1 1 1620 1523 1690 1691
7310 4 4 1 120 1 1 1638 1729 1724 1756
7311 4 4 1 120 1 1 1729 1725 1732 1726
7312 4 4 1 120 1 1 1791 1689 1816 1752
7313 4 4 1 120 1 1 1638 1625 1729 1756
7314 4 4 1 120 1 1 1729 1810 1824 1756
7315 4 4 1 120 1 1 1791 1824 1756 1662
7316 4 4 1 120 1 1 1760 1757 1781 1807
7317 4 4 1 120 1 1 1711 1654 1719 1781
7318 4 4 1 120 1 1 1729 1725 1724 1756
7319 4 4 1 120 1 1 1669 1700 1708 1697
7320 4 4 1 120 1 1 1784 1492 1672 1644
7321 4 4 1 120 1 1 1656 1650 1688 1465
7322 4 4 1 120 1 1 1765 1761 1782 1716
7323 4 4 1 120 1 1 1528 1518 1761 1595
7324 4 4 1 120 1 1 1457 1773 1541 1493
7325 4 4 1 120 1 1 1588 1614 1801 1636
7326 4 4 1 120 1 1 1707 1703 1503 1704
7327 4 4 1 120 1 1 1710 1506 1543 1534
7328 4 4 1 120 1 1 1593 1663 1590 1521
7329 4 4 1 120 1 1 1651 1701 1708 1704
7330 4 4 1 120 1 1 1505 1544 1717 1532
7331 4 4 1 120 1 1 1469 1607 1470 1651
7332 4 4 1 120 1 1 1590 1494 1459 1460
7333 4 4 1 120 1 1 1611 1769 1653 1741
7334 4 4 1 120 1 1 1710 1714 1610 1495
7335 4 4 1 120 1 1 1593 1773 1575 1616
7336 4 4 1 120 1 1 1738 1701 1737 1697
7337 4 4 1 120 1 1 1777 1758 1774 1808
7338 4 4 1 120 1 1 1604 1531 1737 1525
7339 4 4 1 120 1 1 1628 1758 1584 1763
7340 4 4 1 120 1 1 1779 1720 1781 1782
7341 4 4 1 120 1 1 1493 1656 1688 1465
7342 4 4 1 120 1 1 1580 1546 1629 1763
7343 4 4 1 120 1 1 1715 1710 1781 1759
7344 4 4 1 120 1 1 1755 1725 1803 1662
7345 4 4 1 120 1 1 1451 1466 1508 1464
7346 4 4 1 120 1 1 1757 1760 1657 1807
7347 4 4 1 120 1 1 1755 1725 1727 1803
7348 4 4 1 120 1 1 1797 1798 1660 1800
7349 4 4 1 120 1 1 1755 1816 1749 1752
7350 4 4 1 120 1 1 1689 1791 1822 1752
7351 4 4 1 120 1 1 1707 1468 1651 1641
7352 4 4 1 120 1 1 1788 1699 1697 1738
7353 4 4 1 120 1 1 1662 1670 1749 1816
7354 4 4 1 120 1 1 1755 1662 1749 1816
7355 4 4 1 120 1 1 1647 1795 1796 1794
7356 4 4 1 120 1 1 1670 1662 1803 1668
7357 4 4 1 120 1 1 1747 1745 1748 1553
7358 4 4 1 120 1 1 1745 1728 1748 1553
7359 4 4 1 120 1 1 1762 1734 1730 1555
7360 4 4 1 120 1 1 1566 1596 1735 1512
7361 4 4 1 120 1 1 1772 1714 1759 1807
7362 4 4 1 120 1 1 1795 1665 1679 1675
7363 4 4 1 120 1 1 1673 1766 1782 1764
7364 4 4 1 120 1 1 1711 1714 1655 1807
7365 4 4 1 120 1 1 1566 1733 1560 1548
7366 4 4 1 120 1 1 1757 1758 1657 1763
7367 4 4 1 120 1 1 1815 1657 1807 1712
7368 4 4 1 120 1 1 1768 1766 1767 1672
7369 4 4 1 120 1 1 1762 1511 1734 1555
7370 4 4 1 120 1 1 1502 1506 1576 1715
7371 4 4 1 120 1 1 1558 1728 1613 1533
7372 4 4 1 120 1 1 1716 1715 1781 1759
7373 4 4 1 120 1 1 1683 1676 1668 1682
7374 4 4 1 120 1 1 1808 1655 1807 1657
7375 4 4 1 120 1 1 1776 1813 1811 1774
7376 4 4 1 120 1 1 1487 1647 1609 1642
7377 4 4 1 120 1 1 1690 1691 1811 1774
7378 4 4 1 120 1 1 1620 1520 1690 1523
7379 4 4 1 120 1 1 1721 1806 1796 1652
7380 4 4 1 120 1 1 1692 1722 1686 1693
7381 4 4 1 120 1 1 1758 1602 1774 1778
7382 4 4 1 120 1 1 1714 1711 1781 1807
7383 4 4 1 120 1 1 1762 1765 1551 1767
7384 4 4 1 120 1 1 1496 1602 1778 1774
7385 4 4 1 120 1 1 1643 1761 1645 1782
7386 4 4 1 120 1 1 1580 1732 1629 1498
7387 4 4 1 120 1 1 1762 1765 1782 1716
7388 4 4 1 120 1 1 1600 1758 1759 1757
7389 4 4 1 120 1 1 1764 1762 1782 1760
7390 4 4 1 120 1 1 1765 1762 1782 1764
7391 4 4 1 120 1 1 1793 1812 1756 1825
7392 4 4 1 120 1 1 1732 1580 1629 1763
7393 4 4 1 120 1 1 1674 1597 1522 1499
7394 4 4 1 120 1 1 1724 1727 1748 1533
7395 4 4 1 120 1 1 1625 1810 1729 1756
7396 4 4 1 120 1 1 1691 1812 1811 1778
7397 4 4 1 120 1 1 1625 1729 1497 1580
7398 4 4 1 120 1 1 1523 1631 1501 1693
7399 4 4 1 120 1 1 1513 1754 1550 1727
7400 4 4 1 120 1 1 1798 154 1800 258
7401 4 4 1 120 1 1 1775 1813 1690 1686
7402 4 4 1 120 1 1 261 1695 1818 256
7403 4 4 1 120 1 1 1722 1659 1688 1798
7404 4 4 1 120 1 1 1732 1498 1726 1730
7405 4 4 1 120 1 1 1670 1749 1789 1803
7406 4 4 1 120 1 1 1743 1684 1770 1664
7407 4 4 1 120 1 1 1806 1454 1805 1652
7408 4 4 1 120 1 1 92 139 1507 1467
7409 4 4 1 120 1 1 1601 1692 1539 1686
7410 4 4 1 120 1 1 1539 1717 1694 1686
7411 4 4 1 120 1 1 1772 1663 1774 1581
7412 4 4 1 120 1 1 258 154 1800 1822
7413 4 4 1 120 1 1 1705 1746 1789 1697
7414 4 4 1 120 1 1 1657 1658 1730 1763
7415 4 4 1 120 1 1 1650 1824 1661 1825
7416 4 4 1 120 1 1 1757 1758 1763 1517
7417 4 4 1 120 1 1 1588 1601 1723 1608
7418 4 4 1 120 1 1 1710 1462 1543 1495
7419 4 4 1 120 1 1 257 159 160 1630
7420 4 4 1 120 1 1 1452 1491 1712 1465
7421 4 4 1 120 1 1 1520 1620 1690 1575
7422 4 4 1 120 1 1 1713 1543 1463 1495
7423 4 4 1 120 1 1 1593 1773 1521 1575
7424 4 4 1 120 1 1 1810 1809 1811 1778
7425 4 4 1 120 1 1 159 257 158 1608
7426 4 4 1 120 1 1 1694 1717 1804 1686
7427 4 4 1 120 1 1 1810 1729 1763 1580
7428 4 4 1 120 1 1 1687 1799 1811 1693
7429 4 4 1 120 1 1 1638 1625 1756 1550
7430 4 4 1 120 1 1 1684 1742 1741 1516
7431 4 4 1 120 1 1 1809 1758 1763 1657
7432 4 4 1 120 1 1 1537 166 1615 260
7433 4 4 1 120 1 1 1683 1668 1664 1682
7434 4 4 1 120 1 1 1499 1619 1679 1538
7435 4 4 1 120 1 1 1677 1594 1679 1794
7436 4 4 1 120 1 1 1674 1585 1597 1499
7437 4 4 1 120 1 1 1721 1685 1826 1652
7438 4 4 1 120 1 1 1806 1721 1826 1652
7439 4 4 1 120 1 1 1777 1772 1774 1581
7440 4 4 1 120 1 1 1517 1757 1571 1556
7441 4 4 1 120 1 1 1775 1813 1774 1690
7442 4 4 1 120 1 1 1813 1775 1774 1771
7443 4 4 1 120 1 1 1773 1775 1774 1690
7444 4 4 1 120 1 1 1775 1773 1774 1771
7445 4 4 1 120 1 1 1650 1688 1660 1661
7446 4 4 1 120 1 1 1658 1732 1726 1730
7447 4 4 1 120 1 1 1813 1690 1811 1774
7448 4 4 1 120 1 1 1659 1718 1804 1493
7449 4 4 1 120 1 1 1725 1732 1726 1658
7450 4 4 1 120 1 1 1547 163 256 1621
7451 4 4 1 120 1 1 1733 1658 1726 1730
7452 4 4 1 120 1 1 1478 1744 1683 1648
7453 4 4 1 120 1 1 1725 1729 1724 1726
7454 4 4 1 120 1 1 1745 1728 1785 1803
7455 4 4 1 120 1 1 1510 1565 1553 1748
7456 4 4 1 120 1 1 1685 1681 1684 1573
7457 4 4 1 120 1 1 1667 1744 1743 1740
7458 4 4 1 120 1 1 1614 1588 1801 1723
7459 4 4 1 120 1 1 1614 1552 1635 1792
7460 4 4 1 120 1 1 1790 1632 1793 1636
7461 4 4 1 120 1 1 154 257 1798 259
7462 4 4 1 120 1 1 1519 1703 1615 165
7463 4 4 1 120 1 1 1692 1501 1693 1686
7464 4 4 1 120 1 1 1519 1529 1615 1703
7465 4 4 1 120 1 1 1492 1666 1648 1676
7466 4 4 1 120 1 1 1537 1529 1503 1707
7467 4 4 1 120 1 1 1537 260 1507 167
7468 4 4 1 120 1 1 1519 1529 1703 1583
7469 4 4 1 120 1 1 1702 1696 1604 1589
7470 4 4 1 120 1 1 1757 1569 1716 1556
7471 4 4 1 120 1 1 1596 1750 1783 1735
7472 4 4 1 120 1 1 1558 1560 1785 1586
7473 4 4 1 120 1 1 1766 1643 1644 1815
7474 4 4 1 120 1 1 1498 1733 1726 1730
7475 4 4 1 120 1 1 1549 1729 1732 1726
7476 4 4 1 120 1 1 1733 1736 1726 1786
7477 4 4 1 120 1 1 1713 1543 1464 1463
7478 4 4 1 120 1 1 1794 1795 1796 1679
7479 4 4 1 120 1 1 1698 1649 1819 1671
7480 4 4 1 120 1 1 1538 1721 1679 1796
7481 4 4 1 120 1 1 1582 1510 1570 1705
7482 4 4 1 120 1 1 1676 1666 1648 1672
7483 4 4 1 120 1 1 1816 1649 1671 1819
7484 4 4 1 120 1 1 1794 1538 1679 1796
7485 4 4 1 120 1 1 1795 1806 1796 1679
7486 4 4 1 120 1 1 1492 1795 1647 1666
7487 4 4 1 120 1 1 1795 1784 1647 1666
7488 4 4 1 120 1 1 1806 1795 1796 1805
7489 4 4 1 120 1 1 1742 1684 1561 1516
7490 4 4 1 120 1 1 1746 1751 1705 1748
7491 4 4 1 120 1 1 1821 1751 1816 1752
7492 4 4 1 120 1 1 1500 1696 1583 1582
7493 4 4 1 120 1 1 1500 1696 1703 1583
7494 4 4 1 120 1 1 1598 1787 1684 1557
7495 4 4 1 120 1 1 1747 1789 1748 1803
7496 4 4 1 120 1 1 1720 1518 1576 1715
7497 4 4 1 120 1 1 1810 1812 1497 1606
7498 4 4 1 120 1 1 1492 1491 1648 1672
7499 4 4 1 120 1 1 1658 1662 1763 1657
7500 4 4 1 120 1 1 1655 1772 1808 1807
7501 4 4 1 120 1 1 1691 1812 1778 1606
7502 4 4 1 120 1 1 1677 1585 1783 1680
7503 4 4 1 120 1 1 1776 1813 1661 1811
7504 4 4 1 120 1 1 1678 1668 1675 1682
7505 4 4 1 120 1 1 1625 1812 1633 1497
7506 4 4 1 120 1 1 1557 1579 1613 1745
7507 4 4 1 120 1 1 1746 1705 1789 1748
7508 4 4 1 120 1 1 1740 1743 1738 1737
7509 4 4 1 120 1 1 1812 1632 1756 1633
7510 4 4 1 120 1 1 1655 1714 1772 1807
7511 4 4 1 120 1 1 1592 1677 1530 1612
7512 4 4 1 120 1 1 1717 1509 1455 48
7513 4 4 1 120 1 1 1509 15 1455 48
7514 4 4 1 120 1 1 1656 1650 1465 1655
7515 4 4 1 120 1 1 1509 156 15 48
7516 4 4 1 120 1 1 1717 1718 259 48
7517 4 4 1 120 1 1 1749 1751 1789 1748
7518 4 4 1 120 1 1 1632 1591 1790 1550
7519 4 4 1 120 1 1 1817 256 1814 258
7520 4 4 1 120 1 1 1713 1536 1480 1479
7521 4 4 1 120 1 1 258 1817 1822 1814
7522 4 4 1 120 1 1 1659 1718 1493 7
7523 4 4 1 120 1 1 257 1798 1800 258
7524 4 4 1 120 1 1 1707 139 1507 260
7525 4 4 1 120 1 1 1713 1506 1715 1720
7526 4 4 1 120 1 1 1810 1729 1824 1661
7527 4 4 1 120 1 1 1632 1631 1793 1636
7528 4 4 1 120 1 1 1494 1714 1605 1772
7529 4 4 1 120 1 1 1602 1496 1567 1774
7530 4 4 1 120 1 1 1494 1773 1493 1775
7531 4 4 1 120 1 1 1764 1673 1672 1657
7532 4 4 1 120 1 1 257 1801 1800 1723
7533 4 4 1 120 1 1 1493 1773 1804 1775
7534 4 4 1 120 1 1 1688 1659 1687 1804
7535 4 4 1 120 1 1 1801 257 1800 258
7536 4 4 1 120 1 1 1727 1754 1550 1756
7537 4 4 1 120 1 1 1649 1650 1816 1670
7538 4 4 1 120 1 1 1587 1714 1526 1534
7539 4 4 1 120 1 1 1780 1815 1807 1712
7540 4 4 1 120 1 1 1714 1587 1759 1502
7541 4 4 1 120 1 1 1551 1577 1731 1767
7542 4 4 1 120 1 1 1769 1473 1472 1653
7543 4 4 1 120 1 1 1817 1816 1819 155
7544 4 4 1 120 1 1 154 1798 7 259
7545 4 4 1 120 1 1 1760 1782 1815 1781
7546 4 4 1 120 1 1 1729 1725 1756 1662
7547 4 4 1 120 1 1 1689 154 1816 155
7548 4 4 1 120 1 1 1624 1627 1622 1814
7549 4 4 1 120 1 1 1663 1590 1521 1581
7550 4 4 1 120 1 1 1462 1710 1543 1534
7551 4 4 1 120 1 1 1780 1779 1654 1781
7552 4 4 1 120 1 1 1696 1703 1705 1818
7553 4 4 1 120 1 1 1706 1753 1818 1705
7554 4 4 1 120 1 1 1751 1706 1818 1705
7555 4 4 1 120 1 1 1700 1820 1818 1697
7556 4 4 1 120 1 1 261 1703 1818 1695
7557 4 4 1 120 1 1 1462 1710 1610 1495
7558 4 4 1 120 1 1 1791 1822 1792 1825
7559 4 4 1 120 1 1 1760 1815 1807 1781
7560 4 4 1 120 1 1 166 165 1615 260
7561 4 4 1 120 1 1 1769 1578 1516 1741
7562 4 4 1 120 1 1 1695 1621 1753 256
7563 4 4 1 120 1 1 1702 1747 1570 1579
7564 4 4 1 120 1 1 162 163 256 1547
7565 4 4 1 120 1 1 162 1635 258 161
7566 4 4 1 120 1 1 258 1822 1792 1814
7567 4 4 1 120 1 1 1793 1801 1693 1825
7568 4 4 1 120 1 1 1659 1493 1804 1688
7569 4 4 1 120 1 1 1801 1635 1630 160
7570 4 4 1 120 1 1 1547 1621 256 1753
7571 4 4 1 120 1 1 154 1798 1800 1822
7572 4 4 1 120 1 1 1601 1692 1608 1535
7573 4 4 1 120 1 1 1824 1729 1756 1662
7574 4 4 1 120 1 1 1706 1751 1818 1753
7575 4 4 1 120 1 1 1621 1695 164 256
7576 4 4 1 120 1 1 1777 1527 1759 1772
7577 4 4 1 120 1 1 1751 1749 1789 1671
7578 4 4 1 120 1 1 1493 1717 1694 1456
7579 4 4 1 120 1 1 1496 1620 1567 1774
7580 4 4 1 120 1 1 1458 1494 1773 1493
7581 4 4 1 120 1 1 1744 1740 1770 1743
7582 4 4 1 120 1 1 1656 1655 1771 1808
7583 4 4 1 120 1 1 1529 1500 1503 1703
7584 4 4 1 120 1 1 1823 1743 1664 1682
7585 4 4 1 120 1 1 1649 1650 155 1816
7586 4 4 1 120 1 1 1638 1549 1554 1724
7587 4 4 1 120 1 1 1743 1684 1664 1682
7588 4 4 1 120 1 1 1802 1649 95 1709
7589 4 4 1 120 1 1 1650 154 155 1816
7590 4 4 1 120 1 1 1537 1707 260 1703
7591 4 4 1 120 1 1 1820 261 1818 1819
7592 4 4 1 120 1 1 1684 1743 1823 1682
7593 4 4 1 120 1 1 1700 1703 1697 1818
7594 4 4 1 120 1 1 1689 1817 258 155
7595 4 4 1 120 1 1 1649 1802 95 1478
7596 4 4 1 120 1 1 1728 1565 1748 1553
7597 4 4 1 120 1 1 1696 1582 1702 1705
7598 4 4 1 120 1 1 1667 1744 1739 1788
7599 4 4 1 120 1 1 1744 1649 1739 1788
7600 4 4 1 120 1 1 1744 1743 1770 1664
7601 4 4 1 120 1 1 1561 1525 1737 1741
7602 4 4 1 120 1 1 1746 1698 1818 1819
7603 4 4 1 120 1 1 1665 1492 1648 1676
7604 4 4 1 120 1 1 1744 1740 1739 1478
7605 4 4 1 120 1 1 1766 1672 1644 1767
7606 4 4 1 120 1 1 1491 1492 1644 1672
7607 4 4 1 120 1 1 1557 1684 1516 1561
7608 4 4 1 120 1 1 1765 1623 1643 1761
7609 4 4 1 120 1 1 1684 1769 1573 1516
7610 4 4 1 120 1 1 1628 1496 1584 1778
7611 4 4 1 120 1 1 1588 1801 1793 1636
7612 4 4 1 120 1 1 1531 1503 1704 1641
7613 4 4 1 120 1 1 1791 1689 1825 1816
7614 4 4 1 120 1 1 1631 1523 1606 1691
7615 4 4 1 120 1 1 1685 1826 1653 1770
7616 4 4 1 120 1 1 1655 1772 1771 1808
7617 4 4 1 120 1 1 1478 1826 1770 1653
7618 4 4 1 120 1 1 1797 1799 1693 1825
7619 4 4 1 120 1 1 1722 1687 1804 1686
7620 4 4 1 120 1 1 1552 1614 1801 1792
7621 4 4 1 120 1 1 1754 1706 1814 1752
7622 4 4 1 120 1 1 1801 1636 1792 1793
7623 4 4 1 120 1 1 1722 1687 1686 1693
7624 4 4 1 120 1 1 1817 1689 1816 155
7625 4 4 1 120 1 1 1797 1722 1723 1693
7626 4 4 1 120 1 1 1687 1722 1797 1693
7627 4 4 1 120 1 1 261 139 1708 260
7628 4 4 1 120 1 1 1529 1537 1615 1703
7629 4 4 1 120 1 1 1557 1684 1573 1516
7630 4 4 1 120 1 1 139 1707 1467 1651
7631 4 4 1 120 1 1 1813 1690 1686 1693
7632 4 4 1 120 1 1 1690 1813 1811 1693
7633 4 4 1 120 1 1 1562 1695 1626 1545
7634 4 4 1 120 1 1 1635 1614 1801 1630
7635 4 4 1 120 1 1 1689 1817 1816 1752
7636 4 4 1 120 1 1 1706 1562 1545 1705
7637 4 4 1 120 1 1 1773 1520 1694 1686
7638 4 4 1 120 1 1 1777 1602 1758 1600
7639 4 4 1 120 1 1 1784 1750 1642 1644
7640 4 4 1 120 1 1 1687 1813 1686 1693
7641 4 4 1 120 1 1 1802 1669 1708 1701
7642 4 4 1 120 1 1 1698 1820 1818 1819
7643 4 4 1 120 1 1 1753 1621 1626 1545
7644 4 4 1 120 1 1 1649 1820 1698 1819
7645 4 4 1 120 1 1 1568 1706 1510 1545
7646 4 4 1 120 1 1 1695 1753 1626 1545
7647 4 4 1 120 1 1 1772 1527 1526 1581
7648 4 4 1 120 1 1 1780 1452 1719 1645
7649 4 4 1 120 1 1 1647 1454 1477 1805
7650 4 4 1 120 1 1 1685 1640 1540 1721
7651 4 4 1 120 1 1 1540 1721 1504 1617
7652 4 4 1 120 1 1 1605 1772 1526 1581
7653 4 4 1 120 1 1 1813 1687 1811 1693
7654 4 4 1 120 1 1 1721 1685 1619 1679
7655 4 4 1 120 1 1 1721 1685 1679 1682
7656 4 4 1 120 1 1 1810 1628 1606 1497
7657 4 4 1 120 1 1 1724 1725 1727 1756
7658 4 4 1 120 1 1 1699 1743 1742 1737
7659 4 4 1 120 1 1 1628 1810 1778 1763
7660 4 4 1 120 1 1 1758 1628 1778 1763
7661 4 4 1 120 1 1 1651 1470 1653 1737
7662 4 4 1 120 1 1 1795 1677 1675 1794
7663 4 4 1 120 1 1 1688 1813 1811 1661
7664 4 4 1 120 1 1 1678 1597 1680 1736
7665 4 4 1 120 1 1 1602 1758 1600 1584
7666 4 4 1 120 1 1 1602 1496 1758 1584
7667 4 4 1 120 1 1 1722 1692 1717 259
7668 4 4 1 120 1 1 1702 1742 1561 1737
7669 4 4 1 120 1 1 257 159 1630 1608
7670 4 4 1 120 1 1 1722 1798 1797 259
7671 4 4 1 120 1 1 1700 1697 1704 1708
7672 4 4 1 120 1 1 1567 1663 1521 1581
7673 4 4 1 120 1 1 1575 1663 1521 1567
7674 4 4 1 120 1 1 1703 1700 1704 1708
7675 4 4 1 120 1 1 1740 1739 1653 1738
7676 4 4 1 120 1 1 1700 1703 1704 1697
7677 4 4 1 120 1 1 1574 1783 1612 1530
7678 4 4 1 120 1 1 1716 1757 1781 1760
7679 4 4 1 120 1 1 1609 1677 1592 1612
7680 4 4 1 120 1 1 1609 1487 1677 1612
7681 4 4 1 120 1 1 1465 1452 1495 1712
7682 4 4 1 120 1 1 1596 1783 1530 1559
7683 4 4 1 120 1 1 1761 1643 1645 1481
7684 4 4 1 120 1 1 1787 1678 1668 1786
7685 4 4 1 120 1 1 1762 1765 1767 1764
7686 4 4 1 120 1 1 1650 1491 1657 1673
7687 4 4 1 120 1 1 1692 1717 1539 1686
7688 4 4 1 120 1 1 1757 1657 1734 1763
7689 4 4 1 120 1 1 1600 1757 1571 1517
7690 4 4 1 120 1 1 1713 1466 1495 1464
7691 4 4 1 120 1 1 1494 1663 1771 1772
7692 4 4 1 120 1 1 1714 1494 1655 1772
7693 4 4 1 120 1 1 1780 1712 1807 1781
7694 4 4 1 120 1 1 1807 1757 1781 1759
7695 4 4 1 120 1 1 1506 1710 1543 1713
7696 4 4 1 120 1 1 1729 1725 1662 1658
7697 4 4 1 120 1 1 1798 1689 1660 1822
7698 4 4 1 120 1 1 1511 1762 1569 1572
7699 4 4 1 120 1 1 1762 1511 1731 1551
7700 4 4 1 120 1 1 1597 1674 1680 1559
7701 4 4 1 120 1 1 1647 1784 1677 1642
7702 4 4 1 120 1 1 1487 1609 1677 1642
7703 4 4 1 120 1 1 1761 1716 1781 1782
7704 4 4 1 120 1 1 1678 1674 1680 1597
7705 4 4 1 120 1 1 1710 1462 1610 1534
7706 4 4 1 120 1 1 1714 1710 1610 1534
7707 4 4 1 120 1 1 1494 1714 1655 1495
7708 4 4 1 120 1 1 1461 1462 1610 1495
7709 4 4 1 120 1 1 1714 1711 1655 1495
7710 4 4 1 120 1 1 1702 1699 1789 1742
7711 4 4 1 120 1 1 1643 1645 1815 1782
7712 4 4 1 120 1 1 1714 1807 1781 1759
7713 4 4 1 120 1 1 1714 1711 1495 1710
7714 4 4 1 120 1 1 1757 1716 1781 1759
7715 4 4 1 120 1 1 1667 1788 1699 1743
7716 4 4 1 120 1 1 1736 1558 1785 1514
7717 4 4 1 120 1 1 1711 1712 1781 1807
7718 4 4 1 120 1 1 1492 1784 1672 1666
7719 4 4 1 120 1 1 1754 1513 1550 1790
7720 4 4 1 120 1 1 1802 1649 1739 1478
7721 4 4 1 120 1 1 1673 1491 1657 1815
7722 4 4 1 120 1 1 1777 1758 1759 1600
7723 4 4 1 120 1 1 1506 1720 1576 1715
7724 4 4 1 120 1 1 1762 1716 1782 1760
7725 4 4 1 120 1 1 1634 1483 1765 1623
7726 4 4 1 120 1 1 1554 1513 1550 1727
7727 4 4 1 120 1 1 1750 1784 1672 1644
7728 4 4 1 120 1 1 1806 1805 1796 1652
7729 4 4 1 120 1 1 1638 1554 1550 1727
7730 4 4 1 120 1 1 1795 1647 1796 1805
7731 4 4 1 120 1 1 1494 1458 1593 1459
7732 4 4 1 120 1 1 1515 1681 1499 1679
7733 4 4 1 120 1 1 1720 1761 1781 1782
7734 4 4 1 120 1 1 1560 1736 1785 1726
7735 4 4 1 120 1 1 1577 1548 1555 1731
7736 4 4 1 120 1 1 1663 1593 1590 1459
7737 4 4 1 120 1 1 1531 1607 1737 1525
7738 4 4 1 120 1 1 1513 1624 1622 1754
7739 4 4 1 120 1 1 1739 1738 1697 1701
7740 4 4 1 120 1 1 1500 1696 1503 1703
7741 4 4 1 120 1 1 1681 1640 1619 1573
7742 4 4 1 120 1 1 1769 1685 1684 1573
7743 4 4 1 120 1 1 1685 1640 1681 1573
7744 4 4 1 120 1 1 1578 1561 1516 1741
7745 4 4 1 120 1 1 1696 1697 1737 1704
7746 4 4 1 120 1 1 1709 139 1651 1708
7747 4 4 1 120 1 1 1494 1663 1590 1459
7748 4 4 1 120 1 1 1568 1624 1754 1706
7749 4 4 1 120 1 1 1583 1696 1705 1582
7750 4 4 1 120 1 1 1494 1593 1663 1459
7751 4 4 1 120 1 1 1754 1790 1752 1814
7752 4 4 1 120 1 1 1749 1755 1748 1803
7753 4 4 1 120 1 1 1750 1768 1767 1672
7754 4 4 1 120 1 1 1766 1765 1782 1764
7755 4 4 1 120 1 1 1491 1766 1815 1672
7756 4 4 1 120 1 1 1623 1761 1595 1482
7757 4 4 1 120 1 1 1560 1733 1736 1726
7758 4 4 1 120 1 1 1586 1728 1726 1785
7759 4 4 1 120 1 1 1564 1750 1767 1485
7760 4 4 1 120 1 1 1504 1721 1538 1796
7761 4 4 1 120 1 1 1659 1722 1687 1804
7762 4 4 1 120 1 1 1783 1596 1680 1559
7763 4 4 1 120 1 1 1523 1690 1693 1686
7764 4 4 1 120 1 1 1539 1505 1686 1694
7765 4 4 1 120 1 1 1674 1585 1680 1559
7766 4 4 1 120 1 1 1789 1749 1748 1803
7767 4 4 1 120 1 1 1560 1558 1785 1736
7768 4 4 1 120 1 1 1743 1740 1741 1737
7769 4 4 1 120 1 1 1786 1823 1803 1668
7770 4 4 1 120 1 1 1702 1747 1579 1745
7771 4 4 1 120 1 1 1565 1568 1554 1748
7772 4 4 1 120 1 1 1724 1728 1726 1586
7773 4 4 1 120 1 1 1688 1650 1660 1798
7774 4 4 1 120 1 1 1799 1798 1660 1797
7775 4 4 1 120 1 1 1688 1799 1811 1687
7776 4 4 1 120 1 1 1650 1816 1825 1660
7777 4 4 1 120 1 1 1707 1468 1641 1467
7778 4 4 1 120 1 1 1753 1821 256 1814
7779 4 4 1 120 1 1 1824 1810 1661 1809
7780 4 4 1 120 1 1 1824 1810 1811 1812
7781 4 4 1 120 1 1 1662 1650 1661 1657
7782 4 4 1 120 1 1 1816 1821 1819 1671
7783 4 4 1 120 1 1 1746 1751 1789 1671
7784 4 4 1 120 1 1 1709 1802 1708 1651
7785 4 4 1 120 1 1 1746 1698 1819 1671
7786 4 4 1 120 1 1 139 261 1709 95
7787 4 4 1 120 1 1 1510 1706 1748 1705
7788 4 4 1 120 1 1 157 1532 1717 156
7789 4 4 1 120 1 1 1718 1722 1717 259
7790 4 4 1 120 1 1 1702 1699 1737 1697
7791 4 4 1 120 1 1 1802 1478 1739 1651
7792 4 4 1 120 1 1 1586 1560 1785 1726
7793 4 4 1 120 1 1 1544 1505 1717 1694
7794 4 4 1 120 1 1 1637 1794 1618 1646
7795 4 4 1 120 1 1 1738 1651 1653 1737
7796 4 4 1 120 1 1 1779 1645 1720 1782
7797 4 4 1 120 1 1 1599 1653 1737 1741
7798 4 4 1 120 1 1 1685 1681 1619 1679
7799 4 4 1 120 1 1 1783 1677 1642 1612
7800 4 4 1 120 1 1 1665 1676 1683 1682
7801 4 4 1 120 1 1 1585 1674 1594 1499
7802 4 4 1 120 1 1 1599 1470 1737 1653
7803 4 4 1 120 1 1 1631 1588 1501 1693
7804 4 4 1 120 1 1 1653 1740 1737 1741
7805 4 4 1 120 1 1 1498 1732 1629 1730
7806 4 4 1 120 1 1 1729 1549 1724 1726
7807 4 4 1 120 1 1 1617 1475 1652 1796
7808 4 4 1 120 1 1 1738 1740 1737 1653
7809 4 4 1 120 1 1 1591 1513 1790 1550
7810 4 4 1 120 1 1 1786 1787 1785 1803
7811 4 4 1 120 1 1 1794 1646 1488 1618
7812 4 4 1 120 1 1 1598 1736 1785 1514
7813 4 4 1 120 1 1 1787 1678 1786 1785
7814 4 4 1 120 1 1 1786 1736 1726 1785
7815 4 4 1 120 1 1 1493 1659 7 1688
7816 4 4 1 120 1 1 1749 1751 1748 1752
7817 4 4 1 120 1 1 1489 1637 1618 1646
7818 4 4 1 120 1 1 1710 1543 1713 1495
7819 4 4 1 120 1 1 1751 1706 1748 1752
7820 4 4 1 120 1 1 1755 1749 1748 1752
7821 4 4 1 120 1 1 1656 1813 1771 1775
7822 4 4 1 120 1 1 1602 1777 1567 1581
7823 4 4 1 120 1 1 1614 1630 1608 1723
7824 4 4 1 120 1 1 1517 1569 1546 1734
7825 4 4 1 120 1 1 1493 1718 48 7
7826 4 4 1 120 1 1 1732 1629 1730 1763
7827 4 4 1 120 1 1 1667 1740 1738 1739
7828 4 4 1 120 1 1 1721 1617 1652 1796
7829 4 4 1 120 1 1 1795 1794 1675 1679
7830 4 4 1 120 1 1 1473 1540 1474 1652
7831 4 4 1 120 1 1 1677 1674 1675 1679
7832 4 4 1 120 1 1 1518 1556 1576 1716
7833 4 4 1 120 1 1 1658 1736 1668 1672
7834 4 4 1 120 1 1 156 1717 259 48
7835 4 4 1 120 1 1 1783 1677 1680 1675
7836 4 4 1 120 1 1 1672 1750 1644 1767
7837 4 4 1 120 1 1 1776 1656 1771 1808
7838 4 4 1 120 1 1 1794 1677 1675 1679
7839 4 4 1 120 1 1 1668 1823 1664 1682
7840 4 4 1 120 1 1 1806 1721 1796 1679
7841 4 4 1 120 1 1 1680 1666 1668 1672
7842 4 4 1 120 1 1 1677 1487 1642 1612
7843 4 4 1 120 1 1 1609 1794 1488 1618
7844 4 4 1 120 1 1 1736 1680 1668 1672
7845 4 4 1 120 1 1 1714 1494 1605 1461
7846 4 4 1 120 1 1 1491 1780 1815 1645
7847 4 4 1 120 1 1 1716 1576 1715 1571
7848 4 4 1 120 1 1 1676 1665 1675 1682
7849 4 4 1 120 1 1 1806 1665 1683 1682
7850 4 4 1 120 1 1 1787 1678 1684 1682
7851 4 4 1 120 1 1 1679 1674 1675 1682
7852 4 4 1 120 1 1 1808 1758 1807 1759
7853 4 4 1 120 1 1 1795 1666 1675 1677
7854 4 4 1 120 1 1 1677 1674 1680 1675
7855 4 4 1 120 1 1 1677 1783 1530 1612
7856 4 4 1 120 1 1 1620 1691 1774 1778
7857 4 4 1 120 1 1 1629 1734 1730 1763
7858 4 4 1 120 1 1 1798 1650 1660 1816
7859 4 4 1 120 1 1 1809 1758 1774 1778
7860 4 4 1 120 1 1 1777 1772 1808 1774
7861 4 4 1 120 1 1 1696 1702 1737 1697
7862 4 4 1 120 1 1 1598 1678 1684 1787
7863 4 4 1 120 1 1 1743 1823 1789 1745
7864 4 4 1 120 1 1 1751 1821 1818 1753
7865 4 4 1 120 1 1 1636 1790 1792 1793
7866 4 4 1 120 1 1 1788 1698 1789 1671
7867 4 4 1 120 1 1 1651 1739 1701 1738
7868 4 4 1 120 1 1 1688 1659 7 1798
7869 4 4 1 120 1 1 1802 1739 1701 1651
7870 4 4 1 120 1 1 1620 1575 1567 1774
7871 4 4 1 120 1 1 1707 1703 1708 261
7872 4 4 1 120 1 1 1669 1802 1708 1709
7873 4 4 1 120 1 1 1717 1544 1456 1455
7874 4 4 1 120 1 1 1706 1754 1748 1752
7875 4 4 1 120 1 1 1707 1529 1503 1703
7876 4 4 1 120 1 1 1469 1531 1704 1641
7877 4 4 1 120 1 1 139 1707 1651 1708
7878 4 4 1 120 1 1 1588 1614 1608 1723
7879 4 4 1 120 1 1 1732 1549 1726 1498
7880 4 4 1 120 1 1 1776 1809 1657 1808
7881 4 4 1 120 1 1 1658 1676 1648 1672
7882 4 4 1 120 1 1 1511 1577 1731 1551
7883 4 4 1 120 1 1 1802 1669 1701 1697
7884 4 4 1 120 1 1 1669 1802 1698 1697
7885 4 4 1 120 1 1 1773 1520 1575 1616
7886 4 4 1 120 1 1 1813 1688 1687 1804
7887 4 4 1 120 1 1 1468 1469 1651 1641
7888 4 4 1 120 1 1 166 1537 167 260
7889 4 4 1 120 1 1 1766 1673 1672 1764
7890 4 4 1 120 1 1 1491 1650 1815 1712
7891 4 4 1 120 1 1 1743 1684 1823 1745
7892 4 4 1 120 1 1 1650 1491 1465 1712
7893 4 4 1 120 1 1 1777 1758 1808 1759
7894 4 4 1 120 1 1 1808 1758 1657 1807
7895 4 4 1 120 1 1 1650 1815 1712 1657
7896 4 4 1 120 1 1 1605 1494 1590 1460
7897 4 4 1 120 1 1 1465 1650 1712 1657
7898 4 4 1 120 1 1 158 1692 1723 259
7899 4 4 1 120 1 1 257 158 1723 259
7900 4 4 1 120 1 1 1724 1728 1748 1803
7901 4 4 1 120 1 1 158 257 1723 1608
7902 4 4 1 120 1 1 1727 1755 1748 1752
7903 4 4 1 120 1 1 1823 1787 1786 1803
7904 4 4 1 120 1 1 1523 1620 1606 1691
7905 4 4 1 120 1 1 1768 1766 1672 1764
7906 4 4 1 120 1 1 1764 1657 1730 1734
7907 4 4 1 120 1 1 1757 1517 1763 1734
7908 4 4 1 120 1 1 1689 154 258 1822
7909 4 4 1 120 1 1 1729 1662 1763 1658
7910 4 4 1 120 1 1 1662 1729 1763 1661
7911 4 4 1 120 1 1 1734 1657 1730 1763
7912 4 4 1 120 1 1 1745 1728 1613 1785
7913 4 4 1 120 1 1 1558 1598 1785 1514
7914 4 4 1 120 1 1 1598 1558 1787 1613
7915 4 4 1 120 1 1 1677 1585 1592 1530
7916 4 4 1 120 1 1 1766 1768 1767 1764
7917 4 4 1 120 1 1 1784 1750 1783 1642
7918 4 4 1 120 1 1 1647 1794 1646 1488
7919 4 4 1 120 1 1 1647 1609 1794 1488
7920 4 4 1 120 1 1 1710 1506 1715 1713
7921 4 4 1 120 1 1 1824 1791 1756 1825
7922 4 4 1 120 1 1 1452 1466 1495 1712
7923 4 4 1 120 1 1 1465 1655 1712 1495
7924 4 4 1 120 1 1 1793 1790 1792 1825
7925 4 4 1 120 1 1 1539 1520 1501 1686
7926 4 4 1 120 1 1 1494 1655 1465 1495
7927 4 4 1 120 1 1 1509 1717 156 48
7928 4 4 1 120 1 1 1724 1728 1803 1726
7929 4 4 1 120 1 1 1632 1790 1756 1550
7930 4 4 1 120 1 1 1722 1692 1723 1693
7931 4 4 1 120 1 1 1670 1650 1816 1662
7932 4 4 1 120 1 1 1743 1744 1823 1664
7933 4 4 1 120 1 1 1654 1779 1719 1781
7934 4 4 1 120 1 1 1645 1779 1720 1719
7935 4 4 1 120 1 1 1754 1568 1706 1748
7936 4 4 1 120 1 1 1650 1662 1658 1657
7937 4 4 1 120 1 1 1652 1805 1796 1477
7938 4 4 1 120 1 1 1766 1673 1815 1672
7939 4 4 1 120 1 1 1736 1680 1672 1735
7940 4 4 1 120 1 1 1674 1678 1680 1675
7941 4 4 1 120 1 1 1757 1569 1517 1734
7942 4 4 1 120 1 1 1650 1656 1688 1661
7943 4 4 1 120 1 1 1667 1740 1743 1738
7944 4 4 1 120 1 1 1676 1665 1683 1648
7945 4 4 1 120 1 1 1787 1823 1668 1682
7946 4 4 1 120 1 1 1794 1594 1679 1538
7947 4 4 1 120 1 1 1676 1658 1668 1672
7948 4 4 1 120 1 1 1674 1499 1679 1594
7949 4 4 1 120 1 1 1625 1632 1756 1550
7950 4 4 1 120 1 1 1625 1812 1756 1633
7951 4 4 1 120 1 1 1747 1702 1789 1745
7952 4 4 1 120 1 1 1564 1577 1551 1767
7953 4 4 1 120 1 1 1695 1753 1818 256
7954 4 4 1 120 1 1 1788 1649 1739 1698
7955 4 4 1 120 1 1 1817 1689 1822 1752
7956 4 4 1 120 1 1 1611 1599 1578 1741
7957 4 4 1 120 1 1 1765 1634 1551 1767
7958 4 4 1 120 1 1 1753 1706 1545 1705
7959 4 4 1 120 1 1 1634 1564 1551 1767
7960 4 4 1 120 1 1 1816 1751 1749 1752
7961 4 4 1 120 1 1 1707 1651 1704 1641
7962 4 4 1 120 1 1 157 1717 259 156
7963 4 4 1 120 1 1 1532 1544 1717 1509
7964 4 4 1 120 1 1 1773 1616 1541 1694
7965 4 4 1 120 1 1 154 1688 7 1798
7966 4 4 1 120 1 1 1634 1484 1564 1767
7967 4 4 1 120 1 1 1691 1778 1811 1774
7968 4 4 1 120 1 1 1575 1620 1690 1774
7969 4 4 1 120 1 1 1821 1817 1814 1752
7970 4 4 1 120 1 1 1768 1658 1730 1657
7971 4 4 1 120 1 1 1773 1663 1575 1774
7972 4 4 1 120 1 1 1777 1602 1774 1758
7973 4 4 1 120 1 1 1549 1638 1729 1724
7974 4 4 1 120 1 1 1773 1663 1774 1771
7975 4 4 1 120 1 1 1549 1724 1726 1586
7976 4 4 1 120 1 1 1758 1809 1774 1808
7977 4 4 1 120 1 1 1806 1478 1683 1665
7978 4 4 1 120 1 1 1669 1820 1697 1698
7979 4 4 1 120 1 1 1478 1739 1651 1653
7980 4 4 1 120 1 1 1525 1599 1741 1578
7981 4 4 1 120 1 1 1707 1703 1704 1708
7982 4 4 1 120 1 1 1620 1496 1778 1774
7983 4 4 1 120 1 1 1773 1575 1690 1774
7984 4 4 1 120 1 1 1665 1795 1676 1675
7985 4 4 1 120 1 1 1498 1549 1726 1586
7986 4 4 1 120 1 1 1564 1596 1512 1750
7987 4 4 1 120 1 1 1511 1762 1572 1551
7988 4 4 1 120 1 1 1716 1556 1576 1571
7989 4 4 1 120 1 1 1809 1661 1657 1763
7990 4 4 1 120 1 1 1673 1764 1782 1760
7991 4 4 1 120 1 1 1762 1765 1716 1572
7992 4 4 1 120 1 1 1728 1724 1748 1533
7993 4 4 1 120 1 1 1747 1510 1748 1705
7994 4 4 1 120 1 1 1568 1706 1748 1510
7995 4 4 1 120 1 1 1494 1605 1590 1772
7996 4 4 1 120 1 1 1663 1494 1590 1772
7997 4 4 1 120 1 1 1776 1808 1771 1774
7998 4 4 1 120 1 1 1568 1754 1727 1748
7999 4 4 1 120 1 1 154 1689 1798 1822
8000 4 4 1 120 1 1 1517 1758 1763 1546
8001 4 4 1 120 1 1 1677 1674 1679 1594
8002 4 4 1 120 1 1 1784 1783 1680 1675
8003 4 4 1 120 1 1 1597 1736 1514 1680
8004 4 4 1 120 1 1 1783 1585 1530 1559
8005 4 4 1 120 1 1 1642 1750 1485 1644
8006 4 4 1 120 1 1 1647 1609 1677 1794
8007 4 4 1 120 1 1 1805 1454 1477 1652
8008 4 4 1 120 1 1 1523 1691 1693 1690
8009 4 4 1 120 1 1 1477 1647 1796 1646
8010 4 4 1 120 1 1 1799 1687 1797 1693
8011 4 4 1 120 1 1 1637 1504 1796 1542
8012 4 4 1 120 1 1 1666 1784 1675 1677
8013 4 4 1 120 1 1 1824 1791 1816 1662
8014 4 4 1 120 1 1 1650 1824 1816 1662
8015 4 4 1 120 1 1 1689 1791 1825 1822
8016 4 4 1 120 1 1 1744 1743 1823 1789
8017 4 4 1 120 1 1 1787 1745 1785 1803
8018 4 4 1 120 1 1 1821 1751 1814 1753
8019 4 4 1 120 1 1 1799 1811 1693 1825
8020 4 4 1 120 1 1 1800 1801 1792 1825
8021 4 4 1 120 1 1 1562 1695 1545 1705
8022 4 4 1 120 1 1 1607 1599 1470 1737
8023 4 4 1 120 1 1 1813 1688 1811 1687
8024 4 4 1 120 1 1 1505 1520 1686 1694
8025 4 4 1 120 1 1 1757 1716 1759 1571
8026 4 4 1 120 1 1 1600 1758 1757 1517
8027 4 4 1 120 1 1 1588 1723 1501 1693
8028 4 4 1 120 1 1 1772 1663 1771 1774
8029 4 4 1 120 1 1 1673 1491 1815 1672
8030 4 4 1 120 1 1 1616 1505 1541 1694
8031 4 4 1 120 1 1 1810 1625 1497 1812
8032 4 4 1 120 1 1 1567 1777 1774 1581
8033 4 4 1 120 1 1 1578 1525 1561 1741
8034 4 4 1 120 1 1 1561 1702 1737 1524
8035 4 4 1 120 1 1 1599 1607 1525 1737
8036 4 4 1 120 1 1 1698 1746 1789 1671
8037 4 4 1 120 1 1 1706 1751 1814 1752
8038 4 4 1 120 1 1 1684 1557 1745 1742
8039 4 4 1 120 1 1 1821 1817 256 1814
8040 4 4 1 120 1 1 1822 1791 1792 1814
8041 4 4 1 120 1 1 1540 1640 1619 1721
8042 4 4 1 120 1 1 1598 1515 1573 1684
8043 4 4 1 120 1 1 1614 1635 1801 1792
8044 4 4 1 120 1 1 1552 1591 1792 1790
8045 4 4 1 120 1 1 1552 1635 1792 1622
8046 4 4 1 120 1 1 1791 1790 1792 1814
8047 4 4 1 120 1 1 1506 1543 1508 1713
8048 4 4 1 120 1 1 1536 1506 1508 1713
8049 4 4 1 120 1 1 1661 1811 1660 1825
8050 4 4 1 120 1 1 1631 1632 1812 1633
8051 4 4 1 120 1 1 1823 1670 1803 1668
8052 4 4 1 120 1 1 1466 1712 1719 1495
8053 4 4 1 120 1 1 1710 1711 1495 1719
8054 4 4 1 120 1 1 1713 1710 1495 1719
8055 4 4 1 120 1 1 1655 1465 1712 1657
8056 4 4 1 120 1 1 1712 1711 1719 1495
8057 4 4 1 120 1 1 1588 1631 1793 1693
8058 4 4 1 120 1 1 1600 1757 1759 1571
8059 4 4 1 120 1 1 1587 1600 1759 1571
8060 4 4 1 120 1 1 1710 1502 1759 1715
8061 4 4 1 120 1 1 1773 1493 1804 1694
8062 4 4 1 120 1 1 139 92 1507 167
8063 4 4 1 120 1 1 1710 1714 1759 1502
8064 4 4 1 120 1 1 1527 1600 1759 1587
8065 4 4 1 120 1 1 1519 1695 164 1621
8066 4 4 1 120 1 1 1695 1519 164 165
8067 4 4 1 120 1 1 1477 1475 1476 1796
8068 4 4 1 120 1 1 1478 1806 1683 1826
8069 4 4 1 120 1 1 1471 1599 1653 1470
8070 4 4 1 120 1 1 1540 1721 1617 1652
8071 4 4 1 120 1 1 1769 1685 1770 1684
8072 4 4 1 120 1 1 1769 1684 1741 1516
8073 4 4 1 120 1 1 1721 1617 1796 1504
8074 4 4 1 120 1 1 1777 1600 1759 1527
8075 4 4 1 120 1 1 1646 1489 1488 1618
8076 4 4 1 120 1 1 1564 1596 1750 1574
8077 4 4 1 120 1 1 1784 1492 1642 1647
8078 4 4 1 120 1 1 1684 1742 1770 1741
8079 4 4 1 120 1 1 1750 1574 1642 1485
8080 4 4 1 120 1 1 1784 1677 1642 1783
8081 4 4 1 120 1 1 1684 1743 1770 1742
8082 4 4 1 120 1 1 1564 1750 1577 1767
8083 4 4 1 120 1 1 1609 1647 1677 1642
8084 4 4 1 120 1 1 1750 1577 1735 1512
8085 4 4 1 120 1 1 1596 1750 1735 1512
8086 4 4 1 120 1 1 1645 1713 1480 1479
8087 4 4 1 120 1 1 1761 1623 1595 1572
8088 4 4 1 120 1 1 1729 1549 1732 1580
8089 4 4 1 120 1 1 1691 1620 1774 1690
8090 4 4 1 120 1 1 1577 1548 1735 1512
8091 4 4 1 120 1 1 1596 1783 1680 1735
8092 4 4 1 120 1 1 1548 1566 1735 1512
8093 4 4 1 120 1 1 1810 1809 1778 1763
8094 4 4 1 120 1 1 1750 1784 1735 1672
8095 4 4 1 120 1 1 1784 1783 1735 1680
8096 4 4 1 120 1 1 1564 1750 1512 1577
8097 4 4 1 120 1 1 1491 1766 1644 1815
8098 4 4 1 120 1 1 1627 1621 1753 1545
8099 4 4 1 120 1 1 1739 1802 1697 1698
8100 4 4 1 120 1 1 1684 1681 1770 1682
8101 4 4 1 120 1 1 1681 1685 1770 1682
8102 4 4 1 120 1 1 1685 1681 1770 1684
8103 4 4 1 120 1 1 1713 1710 1781 1715
8104 4 4 1 120 1 1 1710 1713 1781 1719
8105 4 4 1 120 1 1 1557 1598 1573 1684
8106 4 4 1 120 1 1 1619 1721 1679 1538
8107 4 4 1 120 1 1 1640 1685 1619 1721
8108 4 4 1 120 1 1 1685 1640 1619 1681
8109 4 4 1 120 1 1 1560 1566 1514 1736
8110 4 4 1 120 1 1 1597 1678 1514 1736
8111 4 4 1 120 1 1 1678 1598 1514 1736
8112 4 4 1 120 1 1 1710 1714 1781 1759
8113 4 4 1 120 1 1 1678 1598 1515 1522
8114 4 4 1 120 1 1 1769 1611 1516 1578
8115 4 4 1 120 1 1 1611 1769 1516 1563
8116 4 4 1 120 1 1 1678 1597 1514 1522
8117 4 4 1 120 1 1 1598 1678 1514 1522
8118 4 4 1 120 1 1 1623 1765 1551 1572
8119 4 4 1 120 1 1 1761 1603 1595 1481
8120 4 4 1 120 1 1 1765 1623 1761 1572
8121 4 4 1 120 1 1 1493 1773 1541 1694
8122 4 4 1 120 1 1 1762 1765 1572 1551
8123 4 4 1 120 1 1 1540 1617 1474 1652
8124 4 4 1 120 1 1 1505 1544 1541 1694
8125 4 4 1 120 1 1 1711 1714 1781 1710
8126 4 4 1 120 1 1 1721 1540 1504 1619
8127 4 4 1 120 1 1 1751 1706 1814 1753
8128 4 4 1 120 1 1 1765 1766 1643 1644
8129 4 4 1 120 1 1 1742 1579 1524 1561
8130 4 4 1 120 1 1 1766 1491 1644 1672
8131 4 4 1 120 1 1 1764 1760 1657 1734
8132 4 4 1 120 1 1 1577 1548 1731 1735
8133 4 4 1 120 1 1 1768 1735 1767 1731
8134 4 4 1 120 1 1 1702 1742 1524 1561
8135 4 4 1 120 1 1 1806 1795 1665 1679
8136 4 4 1 120 1 1 1542 1476 1796 1639
8137 4 4 1 120 1 1 1784 1666 1675 1680
8138 4 4 1 120 1 1 1515 1499 1619 1679
8139 4 4 1 120 1 1 1717 1456 48 1455
8140 4 4 1 120 1 1 1534 1714 1526 1610
8141 4 4 1 120 1 1 1466 1713 1645 1479
8142 4 4 1 120 1 1 1717 1493 48 1456
8143 4 4 1 120 1 1 1702 1579 1524 1742
8144 4 4 1 120 1 1 1713 1464 1495 1463
8145 4 4 1 120 1 1 1754 1624 1814 1706
8146 4 4 1 120 1 1 1482 1761 1595 1481
8147 4 4 1 120 1 1 1635 162 1814 1547
8148 4 4 1 120 1 1 1754 1624 1622 1814
8149 4 4 1 120 1 1 1790 1754 1622 1814
8150 4 4 1 120 1 1 1629 1734 1555 1730
8151 4 4 1 120 1 1 1532 1692 1717 1539
8152 4 4 1 120 1 1 1505 1532 1717 1539
8153 4 4 1 120 1 1 1688 1813 1775 1804
8154 4 4 1 120 1 1 1692 1601 1501 1686
8155 4 4 1 120 1 1 1773 1663 1521 1575
8156 4 4 1 120 1 1 1663 1590 1581 1772
8157 4 4 1 120 1 1 1593 1663 1521 1773
8158 4 4 1 120 1 1 1729 1810 1763 1661
8159 4 4 1 120 1 1 1569 1511 1555 1734
8160 4 4 1 120 1 1 1566 1736 1735 1680
8161 4 4 1 120 1 1 1734 1546 1629 1555
8162 4 4 1 120 1 1 1566 1733 1735 1736
8163 4 4 1 120 1 1 1809 1758 1778 1763
8164 4 4 1 120 1 1 1662 1661 1763 1657
8165 4 4 1 120 1 1 1714 1527 1759 1587
8166 4 4 1 120 1 1 1654 1711 1719 1712
8167 4 4 1 120 1 1 1758 1757 1657 1807
8168 4 4 1 120 1 1 1656 1813 1688 1661
8169 4 4 1 120 1 1 1810 1824 1811 1809
8170 4 4 1 120 1 1 1800 1798 1660 1822
8171 4 4 1 120 1 1 1649 1802 1698 1709
8172 4 4 1 120 1 1 1569 1546 1734 1555
8173 4 4 1 120 1 1 1820 261 95 1709
8174 4 4 1 120 1 1 1751 1821 1816 1671
8175 4 4 1 120 1 1 1703 1696 1697 1818
8176 4 4 1 120 1 1 1790 1622 1792 1814
8177 4 4 1 120 1 1 1648 1676 1668 1683
8178 4 4 1 120 1 1 1485 1750 1767 1644
8179 4 4 1 120 1 1 1784 1750 1735 1783
8180 4 4 1 120 1 1 1566 1733 1548 1735
8181 4 4 1 120 1 1 1750 1735 1768 1672
8182 4 4 1 120 1 1 1809 1776 1774 1808
8183 4 4 1 120 1 1 1601 1539 1501 1686
8184 4 4 1 120 1 1 1477 1646 1796 1639
8185 4 4 1 120 1 1 1824 1809 1661 1811
8186 4 4 1 120 1 1 1808 1772 1771 1774
8187 4 4 1 120 1 1 1496 1758 1584 1778
8188 4 4 1 120 1 1 1631 1523 1691 1693
8189 4 4 1 120 1 1 1773 1520 1690 1575
8190 4 4 1 120 1 1 1777 1602 1567 1774
8191 4 4 1 120 1 1 1744 1740 1478 1770
8192 4 4 1 120 1 1 1787 1557 1745 1684
8193 4 4 1 120 1 1 1703 1696 1503 1704
8194 4 4 1 120 1 1 1656 1776 1657 1808
8195 4 4 1 120 1 1 1473 1685 1652 1653
8196 4 4 1 120 1 1 1685 1473 1769 1653
8197 4 4 1 120 1 1 1466 1713 1719 1645
8198 4 4 1 120 1 1 1569 1762 1716 1556
8199 4 4 1 120 1 1 1452 1780 1491 1645
8200 4 4 1 120 1 1 1777 1772 1759 1808
8201 4 4 1 120 1 1 1728 1565 1533 1748
8202 4 4 1 120 1 1 1824 1810 1812 1756
8203 4 4 1 120 1 1 1568 1554 1727 1513
8204 4 4 1 120 1 1 1670 1744 1823 1789
8205 4 4 1 120 1 1 1751 1706 1705 1748
8206 4 4 1 120 1 1 1750 1735 1767 1768
8207 4 4 1 120 1 1 1658 1733 1768 1730
8208 4 4 1 120 1 1 1762 1716 1760 1734
8209 4 4 1 120 1 1 1731 1762 1767 1764
8210 4 4 1 120 1 1 1736 1733 1672 1658
8211 4 4 1 120 1 1 1706 1510 1562 1705
8212 4 4 1 120 1 1 1582 1583 1562 1705
8213 4 4 1 120 1 1 1583 1695 1562 1705
8214 4 4 1 120 1 1 1510 1706 1562 1545
8215 4 4 1 120 1 1 1819 1821 256 1818
8216 4 4 1 120 1 1 1751 1746 1789 1748
8217 4 4 1 120 1 1 1698 1746 1818 1697
8218 4 4 1 120 1 1 1714 1587 1502 1534
8219 4 4 1 120 1 1 1760 1673 1657 1815
8220 4 4 1 120 1 1 1650 1673 1657 1672
8221 4 4 1 120 1 1 1658 1733 1672 1768
8222 4 4 1 120 1 1 1733 1736 1672 1735
8223 4 4 1 120 1 1 1649 1744 1478 1648
8224 4 4 1 120 1 1 1806 1478 1652 1826
8225 4 4 1 120 1 1 1477 1490 1646 1639
8226 4 4 1 120 1 1 1765 1766 1767 1764
8227 4 4 1 120 1 1 1714 1461 1610 1495
8228 4 4 1 120 1 1 1758 1757 1807 1759
8229 4 4 1 120 1 1 1502 1571 1759 1715
8230 4 4 1 120 1 1 1654 1780 1712 1719
8231 4 4 1 120 1 1 1466 1452 1719 1712
8232 4 4 1 120 1 1 1489 1490 1639 1646
8233 4 4 1 120 1 1 1576 1502 1715 1571
8234 4 4 1 120 1 1 1780 1491 1815 1712
8235 4 4 1 120 1 1 1643 1761 1482 1481
8236 4 4 1 120 1 1 1699 1743 1789 1742
8237 4 4 1 120 1 1 1565 1554 1533 1748
8238 4 4 1 120 1 1 1632 1790 1793 1756
8239 4 4 1 120 1 1 1810 1628 1497 1580
8240 4 4 1 120 1 1 1631 1588 1793 1636
8241 4 4 1 120 1 1 1754 1513 1790 1591
8242 4 4 1 120 1 1 1725 1755 1756 1662
8243 4 4 1 120 1 1 1554 1727 1533 1748
8244 4 4 1 120 1 1 258 1801 1792 1800
8245 4 4 1 120 1 1 258 1800 1792 1822
8246 4 4 1 120 1 1 1812 1793 1693 1825
8247 4 4 1 120 1 1 1798 1659 7 259
8248 4 4 1 120 1 1 1520 1523 1686 1690
8249 4 4 1 120 1 1 1813 1775 1804 1686
8250 4 4 1 120 1 1 1691 1690 1811 1693
8251 4 4 1 120 1 1 1720 1761 1481 1603
8252 4 4 1 120 1 1 1810 1625 1812 1756
8253 4 4 1 120 1 1 1812 1632 1793 1756
8254 4 4 1 120 1 1 1799 1797 1660 1825
8255 4 4 1 120 1 1 1817 1821 1816 1752
8256 4 4 1 120 1 1 1510 1747 1570 1705
8257 4 4 1 120 1 1 1696 1705 1697 1818
8258 4 4 1 120 1 1 1645 1720 1481 1603
8259 4 4 1 120 1 1 1788 1699 1789 1697
8260 4 4 1 120 1 1 1645 1761 1481 1720
8261 4 4 1 120 1 1 1637 1489 1639 1646
8262 4 4 1 120 1 1 1646 1637 1796 1639
8263 4 4 1 120 1 1 1815 1780 1807 1781
8264 4 4 1 120 1 1 1624 1627 1753 1545
8265 4 4 1 120 1 1 1506 1528 1576 1720
8266 4 4 1 120 1 1 1731 1768 1730 1764
8267 4 4 1 120 1 1 1779 1780 1815 1781
8268 4 4 1 120 1 1 1531 1604 1737 1704
8269 4 4 1 120 1 1 1754 1591 1790 1622
8270 4 4 1 120 1 1 1531 1604 1704 1503
8271 4 4 1 120 1 1 1769 1611 1578 1741
8272 4 4 1 120 1 1 1547 1753 256 1814
8273 4 4 1 120 1 1 1751 1821 1814 1752
8274 4 4 1 120 1 1 1745 1728 1553 1613
8275 4 4 1 120 1 1 1613 1728 1553 1533
8276 4 4 1 120 1 1 1728 1565 1553 1533
8277 4 4 1 120 1 1 1624 1627 1814 1753
8278 4 4 1 120 1 1 1692 1723 1693 1501
8279 4 4 1 120 1 1 1817 1689 258 1822
8280 4 4 1 120 1 1 1625 1810 1497 1729
8281 4 4 1 120 1 1 1758 1517 1584 1546
8282 4 4 1 120 1 1 1547 1627 1753 1814
8283 4 4 1 120 1 1 1677 1594 1618 1592
8284 4 4 1 120 1 1 1594 1677 1618 1794
8285 4 4 1 120 1 1 1609 1677 1618 1592
8286 4 4 1 120 1 1 1718 1493 48 1717
8287 4 4 1 120 1 1 1677 1609 1618 1794
8288 4 4 1 120 1 1 1747 1582 1702 1589
8289 4 4 1 120 1 1 1780 1452 1712 1719
8290 4 4 1 120 1 1 1525 1604 1524 1737
8291 4 4 1 120 1 1 1764 1768 1730 1657
8292 4 4 1 120 1 1 1754 1727 1748 1752
8293 4 4 1 120 1 1 1634 1484 1767 1644
8294 4 4 1 120 1 1 1765 1634 1767 1644
8295 4 4 1 120 1 1 1547 1635 1622 1814
8296 4 4 1 120 1 1 1634 1484 1644 1483
8297 4 4 1 120 1 1 1728 1558 1785 1586
8298 4 4 1 120 1 1 257 154 1798 258
8299 4 4 1 120 1 1 1678 1736 1786 1785
8300 4 4 1 120 1 1 1651 1607 1737 1704
8301 4 4 1 120 1 1 1478 1740 1739 1653
8302 4 4 1 120 1 1 1472 1769 1653 1611
8303 4 4 1 120 1 1 1705 1746 1697 1818
8304 4 4 1 120 1 1 1598 1558 1785 1787
8305 4 4 1 120 1 1 1699 1667 1743 1738
8306 4 4 1 120 1 1 1466 1451 1508 1479
8307 4 4 1 120 1 1 1678 1598 1785 1787
8308 4 4 1 120 1 1 1510 1747 1553 1570
8309 4 4 1 120 1 1 1761 1623 1643 1482
8310 4 4 1 120 1 1 1747 1702 1570 1589
8311 4 4 1 120 1 1 1802 1709 95 1651
8312 4 4 1 120 1 1 1684 1557 1742 1561
8313 4 4 1 120 1 1 1649 1788 1671 1698
8314 4 4 1 120 1 1 1747 1745 1789 1803
8315 4 4 1 120 1 1 1747 1582 1570 1705
8316 4 4 1 120 1 1 1670 1788 1789 1671
8317 4 4 1 120 1 1 1519 1695 1621 1626
8318 4 4 1 120 1 1 1547 1627 1621 1753
8319 4 4 1 120 1 1 1568 1624 1706 1545
8320 4 4 1 120 1 1 1695 1753 1545 1705
8321 4 4 1 120 1 1 1598 1678 1785 1736
8322 4 4 1 120 1 1 1728 1558 1586 1533
8323 4 4 1 120 1 1 1732 1549 1498 1580
8324 4 4 1 120 1 1 1786 1725 1803 1726
8325 4 4 1 120 1 1 1747 1579 1745 1553
8326 4 4 1 120 1 1 1691 1620 1606 1778
8327 4 4 1 120 1 1 261 165 260 1615
8328 4 4 1 120 1 1 261 1703 165 1615
8329 4 4 1 120 1 1 1703 1537 1615 260
8330 4 4 1 120 1 1 1817 155 256 258
8331 4 4 1 120 1 1 1765 1483 1644 1643
8332 4 4 1 120 1 1 1801 257 258 160
8333 4 4 1 120 1 1 1520 1773 1690 1686
8334 4 4 1 120 1 1 1588 1601 1501 1723
8335 4 4 1 120 1 1 1702 1570 1589 1524
8336 4 4 1 120 1 1 1582 1696 1702 1589
8337 4 4 1 120 1 1 1582 1747 1570 1589
8338 4 4 1 120 1 1 1598 1787 1557 1613
8339 4 4 1 120 1 1 1667 1788 1739 1738
8340 4 4 1 120 1 1 1579 1745 1553 1613
8341 4 4 1 120 1 1 1702 1604 1524 1589
8342 4 4 1 120 1 1 1473 1685 1769 1563
8343 4 4 1 120 1 1 1634 1483 1644 1765
8344 4 4 1 120 1 1 1540 1685 1721 1652
8345 4 4 1 120 1 1 1473 1685 1540 1652
8346 4 4 1 120 1 1 1471 1611 1653 1741
8347 4 4 1 120 1 1 1706 1624 1814 1753
8348 4 4 1 120 1 1 1739 1651 1653 1738
8349 4 4 1 120 1 1 1696 1702 1604 1737
8350 4 4 1 120 1 1 1787 1823 1745 1803
8351 4 4 1 120 1 1 1585 1677 1592 1594
8352 4 4 1 120 1 1 1725 1658 1786 1803
8353 4 4 1 120 1 1 1514 1566 1559 1680
8354 4 4 1 120 1 1 1794 1594 1538 1618
8355 4 4 1 120 1 1 1597 1514 1559 1680
8356 4 4 1 120 1 1 1725 1662 1658 1803
8357 4 4 1 120 1 1 1658 1786 1803 1668
8358 4 4 1 120 1 1 1662 1658 1803 1668
8359 4 4 1 120 1 1 258 1635 1814 1792
8360 4 4 1 120 1 1 1631 1812 1606 1633
8361 4 4 1 120 1 1 162 1635 1814 258
8362 4 4 1 120 1 1 256 162 1814 258
8363 4 4 1 120 1 1 1496 1628 1606 1778
8364 4 4 1 120 1 1 1620 1496 1606 1778
8365 4 4 1 120 1 1 1536 1506 1713 1720
8366 4 4 1 120 1 1 1547 162 1814 256
8367 4 4 1 120 1 1 1511 1577 1555 1731
8368 4 4 1 120 1 1 1518 1528 1761 1720
8369 4 4 1 120 1 1 1714 1461 1605 1610
8370 4 4 1 120 1 1 1824 1812 1811 1825
8371 4 4 1 120 1 1 1527 1714 1526 1587
8372 4 4 1 120 1 1 1466 1713 1495 1719
8373 4 4 1 120 1 1 1723 1797 1693 1825
8374 4 4 1 120 1 1 1714 1605 1526 1610
8375 4 4 1 120 1 1 1515 1681 1619 1573
8376 4 4 1 120 1 1 1797 1723 1800 1825
8377 4 4 1 120 1 1 1769 1573 1516 1563
8378 4 4 1 120 1 1 1593 1773 1616 1541
8379 4 4 1 120 1 1 1456 1544 1694 1541
8380 4 4 1 120 1 1 1457 1456 1694 1541
8381 4 4 1 120 1 1 1801 1723 1693 1825
8382 4 4 1 120 1 1 1591 1632 1790 1636
8383 4 4 1 120 1 1 1552 1591 1790 1636
8384 4 4 1 120 1 1 1723 1801 1800 1825
8385 4 4 1 120 1 1 1458 1773 1541 1457
8386 4 4 1 120 1 1 1724 1549 1533 1586
8387 4 4 1 120 1 1 1583 1519 1626 1695
8388 4 4 1 120 1 1 1728 1724 1533 1586
8389 4 4 1 120 1 1 1554 1549 1533 1724
8390 4 4 1 120 1 1 1724 1554 1727 1533
8391 4 4 1 120 1 1 1518 1572 1556 1716
8392 4 4 1 120 1 1 1762 1511 1569 1734
8393 4 4 1 120 1 1 1645 1761 1720 1782
8394 4 4 1 120 1 1 1779 1780 1719 1645
8395 4 4 1 120 1 1 1761 1720 1781 1715
8396 4 4 1 120 1 1 1518 1761 1572 1716
8397 4 4 1 120 1 1 1572 1762 1556 1716
8398 4 4 1 120 1 1 1678 1787 1668 1682
8399 4 4 1 120 1 1 1653 1740 1741 1770
8400 4 4 1 120 1 1 1676 1658 1648 1668
8401 4 4 1 120 1 1 1478 1683 1664 1826
8402 4 4 1 120 1 1 1650 1670 1648 1668
8403 4 4 1 120 1 1 1650 1662 1668 1658
8404 4 4 1 120 1 1 1744 1670 1823 1668
8405 4 4 1 120 1 1 1744 1649 1670 1648
8406 4 4 1 120 1 1 1668 1676 1675 1682
8407 4 4 1 120 1 1 1733 1736 1786 1658
8408 4 4 1 120 1 1 1454 1665 1648 1683
8409 4 4 1 120 1 1 1478 1454 1648 1683
8410 4 4 1 120 1 1 1454 1478 1665 1683
8411 4 4 1 120 1 1 1769 1684 1770 1741
8412 4 4 1 120 1 1 1728 1745 1748 1803
8413 4 4 1 120 1 1 1650 1824 1825 1816
8414 4 4 1 120 1 1 1659 1722 1688 1687
8415 4 4 1 120 1 1 1797 257 1800 1723
8416 4 4 1 120 1 1 1631 1632 1793 1812
8417 4 4 1 120 1 1 154 1689 258 155
8418 4 4 1 120 1 1 1599 1611 1471 1741
8419 4 4 1 120 1 1 1703 1696 1704 1697
8420 4 4 1 120 1 1 1802 1739 1697 1701
8421 4 4 1 120 1 1 1753 1695 1818 1705
8422 4 4 1 120 1 1 1699 1702 1789 1697
8423 4 4 1 120 1 1 1700 1820 1697 1669
8424 4 4 1 120 1 1 1725 1724 1727 1803
8425 4 4 1 120 1 1 261 139 1709 1708
8426 4 4 1 120 1 1 1707 261 1708 260
8427 4 4 1 120 1 1 1701 1669 1708 1697
8428 4 4 1 120 1 1 139 1707 1708 260
8429 4 4 1 120 1 1 1700 261 1820 1708
8430 4 4 1 120 1 1 1768 1764 1672 1657
8431 4 4 1 120 1 1 1528 1518 1576 1720
8432 4 4 1 120 1 1 1527 1714 1759 1772
8433 4 4 1 120 1 1 1458 1593 1541 1773
8434 4 4 1 120 1 1 1762 1569 1572 1556
8435 4 4 1 120 1 1 1655 1656 1657 1808
8436 4 4 1 120 1 1 1765 1761 1643 1782
8437 4 4 1 120 1 1 1643 1491 1644 1815
8438 4 4 1 120 1 1 1780 1779 1815 1645
8439 4 4 1 120 1 1 1506 1710 1502 1534
8440 4 4 1 120 1 1 1492 1784 1642 1644
8441 4 4 1 120 1 1 1762 1551 1731 1767
8442 4 4 1 120 1 1 1707 1651 1708 1704
8443 4 4 1 120 1 1 1727 1724 1748 1803
8444 4 4 1 120 1 1 1787 1745 1613 1785
8445 4 4 1 120 1 1 163 1621 164 256
8446 4 4 1 120 1 1 1762 1731 1730 1764
8447 4 4 1 120 1 1 1790 1791 1752 1814
8448 4 4 1 120 1 1 1733 1735 1768 1730
8449 4 4 1 120 1 1 1762 1764 1730 1734
8450 4 4 1 120 1 1 1552 1790 1792 1636
8451 4 4 1 120 1 1 1491 1650 1657 1815
8452 4 4 1 120 1 1 1655 1650 1465 1657
8453 4 4 1 120 1 1 1658 1732 1730 1763
8454 4 4 1 120 1 1 1656 1650 1655 1657
8455 4 4 1 120 1 1 1657 1655 1807 1712
8456 4 4 1 120 1 1 1824 1650 1661 1662
8457 4 4 1 120 1 1 1711 1710 1781 1719
8458 4 4 1 120 1 1 1656 1813 1775 1688
8459 4 4 1 120 1 1 1689 1798 1660 1816
8460 4 4 1 120 1 1 1656 1493 1775 1465
8461 4 4 1 120 1 1 1813 1656 1771 1776
8462 4 4 1 120 1 1 1494 1655 1771 1465
8463 4 4 1 120 1 1 1465 1493 1775 1771
8464 4 4 1 120 1 1 1725 1724 1803 1726
8465 4 4 1 120 1 1 1755 1727 1748 1803
8466 4 4 1 120 1 1 1823 1670 1789 1803
8467 4 4 1 120 1 1 1478 1744 1664 1683
8468 4 4 1 120 1 1 1755 1662 1803 1749
8469 4 4 1 120 1 1 1558 1787 1613 1785
8470 4 4 1 120 1 1 1747 1579 1553 1570
8471 4 4 1 120 1 1 1554 1568 1727 1748
8472 4 4 1 120 1 1 1728 1558 1613 1785
8473 4 4 1 120 1 1 1722 1797 1723 259
8474 4 4 1 120 1 1 1773 1694 1804 1686
8475 4 4 1 120 1 1 1688 1799 1687 1797
8476 4 4 1 120 1 1 1799 1688 1798 1797
8477 4 4 1 120 1 1 1722 1688 1687 1797
8478 4 4 1 120 1 1 1688 1722 1798 1797
8479 4 4 1 120 1 1 1824 1729 1662 1661
8480 4 4 1 120 1 1 1773 1494 1771 1775
8481 4 4 1 120 1 1 1656 1465 1775 1771
8482 4 4 1 120 1 1 1655 1656 1771 1465
8483 4 4 1 120 1 1 1494 1493 1465 1771
8484 4 4 1 120 1 1 1655 1494 1771 1772
8485 4 4 1 120 1 1 1820 261 1819 155
8486 4 4 1 120 1 1 1812 1497 1606 1633
8487 4 4 1 120 1 1 1753 1821 1818 256
8488 4 4 1 120 1 1 261 1819 256 1818
8489 4 4 1 120 1 1 1811 1691 1693 1825
8490 4 4 1 120 1 1 1503 1707 1641 1507
8491 4 4 1 120 1 1 1537 1707 1503 1507
8492 4 4 1 120 1 1 1691 1812 1693 1825
8493 4 4 1 120 1 1 1812 1691 1811 1825
8494 4 4 1 120 1 1 1518 1761 1716 1715
8495 4 4 1 120 1 1 1716 1760 1781 1782
8496 4 4 1 120 1 1 1799 1688 1660 1798
8497 4 4 1 120 1 1 1812 1824 1756 1825
8498 4 4 1 120 1 1 1790 1791 1792 1825
8499 4 4 1 120 1 1 1757 1556 1716 1571
8500 4 4 1 120 1 1 1574 1486 1642 1485
8501 4 4 1 120 1 1 1688 1661 1811 1660
8502 4 4 1 120 1 1 1799 1688 1811 1660
8503 4 4 1 120 1 1 1696 1500 1604 1589
8504 4 4 1 120 1 1 1500 1696 1582 1589
8505 4 4 1 120 1 1 1816 1670 1749 1671
8506 4 4 1 120 1 1 1751 1816 1749 1671
8507 4 4 1 120 1 1 1685 1681 1679 1682
8508 4 4 1 120 1 1 1678 1681 1684 1682
8509 4 4 1 120 1 1 1683 1826 1682 1664
8510 4 4 1 120 1 1 1681 1678 1679 1682
8511 4 4 1 120 1 1 1683 1806 1682 1826
8512 4 4 1 120 1 1 1692 1535 158 1608
8513 4 4 1 120 1 1 1678 1674 1679 1682
8514 4 4 1 120 1 1 1680 1736 1668 1675
8515 4 4 1 120 1 1 1736 1678 1668 1675
8516 4 4 1 120 1 1 1678 1736 1680 1675
8517 4 4 1 120 1 1 1806 1721 1679 1682
8518 4 4 1 120 1 1 1787 1684 1823 1682
8519 4 4 1 120 1 1 1685 1721 1826 1682
8520 4 4 1 120 1 1 1665 1679 1675 1682
8521 4 4 1 120 1 1 1674 1678 1675 1682
$EndElements
